dates,00:00:00,00:15:00,00:30:00,00:45:00,01:00:00,01:15:00,01:30:00,01:45:00,02:00:00,02:15:00,02:30:00,02:45:00,03:00:00,03:15:00,03:30:00,03:45:00,04:00:00,04:15:00,04:30:00,04:45:00,05:00:00,05:15:00,05:30:00,05:45:00,06:00:00,06:15:00,06:30:00,06:45:00,07:00:00,07:15:00,07:30:00,07:45:00,08:00:00,08:15:00,08:30:00,08:45:00,09:00:00,09:15:00,09:30:00,09:45:00,10:00:00,10:15:00,10:30:00,10:45:00,11:00:00,11:15:00,11:30:00,11:45:00,12:00:00,12:15:00,12:30:00,12:45:00,13:00:00,13:15:00,13:30:00,13:45:00,14:00:00,14:15:00,14:30:00,14:45:00,15:00:00,15:15:00,15:30:00,15:45:00,16:00:00,16:15:00,16:30:00,16:45:00,17:00:00,17:15:00,17:30:00,17:45:00,18:00:00,18:15:00,18:30:00,18:45:00,19:00:00,19:15:00,19:30:00,19:45:00,20:00:00,20:15:00,20:30:00,20:45:00,21:00:00,21:15:00,21:30:00,21:45:00,22:00:00,22:15:00,22:30:00,22:45:00,23:00:00,23:15:00,23:30:00,23:45:00,device_id
2019-12-01,0.004,0.005,0.003,0.005,0.004,0.004,0.005,0.005,0.005,0.004,0.004,0.004,0.005,0.005,0.004,0.005,0.005,0.006,0.005,0.004,0.006,0.004,0.005,0.004,0.063,0.047,0.09,0.082,0.101,0.077,0.113,0.085,0.079,0.069,0.058,0.052,0.004,0.004,0.005,0.006,0.005,0.004,0.004,0.005,0.004,0.004,0.005,0.003,0.004,0.006,0.004,0.004,0.005,0.005,0.004,0.005,0.005,0.005,0.005,0.007,0.005,0.005,0.003,0.003,0.005,0.003,0.005,0.005,0.004,0.004,0.005,0.004,0.104,0.134,0.153,0.151,0.18,0.187,0.207,0.18,0.208,0.238,0.182,0.178,0.174,0.161,0.159,0.142,0.006,0.005,0.004,0.003,0.003,0.004,0.004,0.006,KOL-90000003
2019-12-02,0.005,0.004,0.005,0.004,0.004,0.003,0.005,0.005,0.004,0.005,0.005,0.007,0.006,0.004,0.005,0.005,0.005,0.004,0.003,0.004,0.005,0.004,0.004,0.005,0.054,0.063,0.078,0.086,0.064,0.101,0.089,0.105,0.077,0.104,0.073,0.078,0.004,0.005,0.004,0.004,0.004,0.003,0.006,0.005,0.004,0.003,0.004,0.004,0.004,0.005,0.005,0.006,0.005,0.005,0.005,0.004,0.006,0.004,0.004,0.004,0.005,0.004,0.004,0.005,0.005,0.005,0.005,0.004,0.004,0.005,0.004,0.004,0.127,0.154,0.154,0.182,0.184,0.187,0.206,0.239,0.195,0.201,0.206,0.17,0.188,0.17,0.169,0.174,0.004,0.003,0.003,0.004,0.005,0.003,0.005,0.006,KOL-90000003
2019-12-03,0.005,0.005,0.005,0.006,0.004,0.006,0.005,0.004,0.005,0.003,0.005,0.005,0.006,0.005,0.005,0.004,0.003,0.004,0.005,0.004,0.006,0.004,0.006,0.005,0.029,0.049,0.094,0.079,0.097,0.091,0.074,0.093,0.085,0.072,0.075,0.071,0.004,0.005,0.004,0.005,0.002,0.003,0.005,0.003,0.005,0.005,0.003,0.005,0.004,0.003,0.006,0.005,0.005,0.004,0.004,0.005,0.004,0.005,0.005,0.004,0.005,0.005,0.005,0.004,0.005,0.005,0.005,0.005,0.004,0.006,0.005,0.005,0.128,0.121,0.158,0.147,0.189,0.203,0.218,0.2,0.211,0.203,0.183,0.168,0.173,0.161,0.165,0.137,0.006,0.006,0.005,0.004,0.005,0.003,0.005,0.006,KOL-90000003
2019-12-04,0.005,0.004,0.005,0.005,0.005,0.004,0.006,0.006,0.006,0.005,0.005,0.003,0.006,0.006,0.005,0.005,0.006,0.005,0.005,0.004,0.004,0.004,0.004,0.006,0.06,0.073,0.07,0.071,0.087,0.09,0.089,0.085,0.095,0.09,0.081,0.055,0.005,0.005,0.005,0.003,0.005,0.004,0.004,0.006,0.005,0.004,0.005,0.004,0.005,0.004,0.005,0.004,0.005,0.005,0.006,0.005,0.003,0.003,0.005,0.004,0.004,0.005,0.005,0.005,0.005,0.004,0.004,0.004,0.004,0.005,0.005,0.004,0.111,0.14,0.181,0.17,0.182,0.164,0.213,0.208,0.204,0.194,0.201,0.18,0.152,0.198,0.16,0.159,0.005,0.004,0.004,0.004,0.004,0.004,0.005,0.004,KOL-90000003
2019-12-05,0.004,0.005,0.005,0.005,0.003,0.005,0.004,0.003,0.005,0.004,0.006,0.004,0.005,0.005,0.004,0.004,0.004,0.004,0.004,0.004,0.004,0.003,0.005,0.005,0.073,0.078,0.094,0.092,0.086,0.083,0.092,0.104,0.079,0.078,0.075,0.055,0.005,0.005,0.004,0.003,0.005,0.005,0.005,0.003,0.004,0.004,0.005,0.004,0.005,0.004,0.005,0.004,0.004,0.003,0.004,0.003,0.005,0.004,0.004,0.005,0.004,0.004,0.005,0.004,0.004,0.004,0.006,0.005,0.005,0.004,0.004,0.004,0.134,0.151,0.158,0.188,0.203,0.212,0.203,0.203,0.201,0.197,0.168,0.183,0.179,0.161,0.142,0.138,0.005,0.004,0.004,0.004,0.004,0.004,0.005,0.004,KOL-90000003
2019-12-06,0.005,0.004,0.005,0.005,0.004,0.005,0.005,0.005,0.003,0.006,0.004,0.005,0.005,0.006,0.004,0.005,0.005,0.005,0.004,0.004,0.005,0.006,0.005,0.005,0.054,0.08,0.08,0.097,0.079,0.079,0.091,0.074,0.081,0.089,0.088,0.074,0.004,0.005,0.004,0.005,0.004,0.004,0.004,0.004,0.003,0.004,0.004,0.004,0.003,0.004,0.004,0.006,0.004,0.004,0.005,0.005,0.004,0.005,0.003,0.003,0.005,0.005,0.003,0.005,0.005,0.004,0.006,0.005,0.004,0.004,0.004,0.006,0.123,0.126,0.175,0.163,0.193,0.227,0.206,0.19,0.212,0.193,0.194,0.172,0.165,0.169,0.173,0.163,0.004,0.004,0.006,0.005,0.004,0.007,0.004,0.005,KOL-90000003
2019-12-07,0.004,0.004,0.004,0.004,0.003,0.005,0.006,0.004,0.003,0.003,0.005,0.003,0.005,0.004,0.004,0.004,0.005,0.005,0.005,0.005,0.004,0.005,0.004,0.004,0.07,0.077,0.053,0.073,0.089,0.103,0.089,0.081,0.076,0.072,0.091,0.076,0.005,0.005,0.005,0.005,0.004,0.004,0.004,0.004,0.004,0.005,0.006,0.005,0.003,0.004,0.005,0.005,0.004,0.004,0.006,0.004,0.005,0.004,0.005,0.005,0.005,0.004,0.004,0.004,0.005,0.005,0.004,0.004,0.005,0.006,0.004,0.003,0.131,0.113,0.159,0.192,0.166,0.196,0.187,,,,,,,,,,,,,,,0.005,0.005,0.003,KOL-90000003
2019-12-08,0.005,0.005,0.005,0.004,0.006,0.005,0.004,0.007,0.005,0.005,0.004,0.004,0.005,0.004,0.004,0.004,0.004,0.006,0.004,0.005,0.005,0.003,0.005,0.005,0.059,0.077,0.072,0.097,0.088,0.089,0.086,0.076,0.093,0.104,0.072,0.077,0.004,0.005,0.003,0.004,0.005,0.005,0.005,0.003,0.004,0.005,0.005,0.006,0.006,0.004,0.005,0.005,0.003,0.004,0.005,0.004,0.005,0.004,0.005,0.005,0.005,0.005,0.005,0.004,0.003,0.004,0.003,0.003,0.005,0.004,0.005,0.004,0.13,0.118,0.16,0.168,0.197,0.204,0.198,0.211,0.213,0.203,0.185,0.2,0.177,0.17,0.16,0.159,0.005,0.004,0.004,0.004,0.005,0.004,0.005,0.005,KOL-90000003
2019-12-09,0.005,0.004,0.005,0.005,0.004,0.005,0.006,0.005,0.004,0.004,0.005,0.002,0.004,0.005,0.005,0.005,0.004,0.003,0.004,0.005,0.003,0.005,0.007,0.005,0.031,0.064,0.076,0.09,0.083,0.091,0.105,0.1,0.094,0.087,0.085,0.05,0.004,0.004,0.004,0.005,0.005,0.003,0.005,0.004,0.005,0.004,0.003,0.006,0.004,0.005,0.004,0.005,0.004,0.005,0.004,0.004,0.004,0.003,0.005,0.005,0.005,0.004,0.005,0.004,0.004,0.004,0.004,0.004,0.004,0.004,0.005,0.006,0.12,0.13,0.137,0.165,0.177,0.19,0.2,0.221,0.197,0.203,0.186,0.182,0.214,0.145,0.168,0.134,0.005,0.005,0.003,0.005,0.005,0.003,0.004,0.003,KOL-90000003
2019-12-10,0.006,0.005,0.005,0.004,0.003,0.004,0.006,0.005,0.004,0.003,0.005,0.005,0.004,0.004,0.004,0.004,0.005,0.006,0.004,0.005,0.005,0.005,0.004,0.005,0.046,0.058,0.08,0.1,0.073,0.089,0.075,0.102,0.094,0.083,0.059,0.071,0.005,0.005,0.005,0.004,0.004,0.005,0.004,0.006,0.004,0.004,0.004,0.004,0.004,0.005,0.005,0.004,0.004,0.005,0.005,0.004,0.004,0.005,0.004,0.004,0.004,0.005,0.003,0.005,0.004,0.004,0.004,0.005,0.005,0.004,0.004,0.006,0.129,0.145,0.163,0.13,0.194,0.191,0.212,0.187,0.205,0.167,0.194,0.164,0.182,0.171,0.153,0.148,0.006,0.005,0.006,0.004,0.005,0.005,0.004,0.006,KOL-90000003
2019-12-11,0.004,0.003,0.006,0.006,0.005,0.005,0.006,0.004,0.004,0.004,0.005,0.004,0.004,0.005,0.005,0.004,0.005,0.004,0.003,0.005,0.003,0.005,0.003,0.004,0.049,0.06,0.064,0.086,0.096,0.091,0.092,0.096,0.087,0.071,0.082,0.061,0.003,0.004,0.004,0.004,0.005,0.004,0.005,0.005,0.003,0.005,0.004,0.005,0.005,0.003,0.005,0.005,0.005,0.004,0.004,0.005,0.006,0.003,0.003,0.005,0.004,0.005,0.003,0.004,0.004,0.003,0.004,0.004,0.005,0.004,0.005,0.003,0.137,0.138,0.174,0.173,0.171,0.171,0.201,0.222,0.193,0.194,0.213,0.18,0.194,0.154,0.149,0.154,0.004,0.005,0.005,0.004,0.005,0.004,0.003,0.003,KOL-90000003
2019-12-12,0.004,0.004,0.004,0.005,0.005,0.003,0.005,0.004,0.005,0.006,0.006,0.004,0.005,0.004,0.003,0.004,0.004,0.006,0.003,0.005,0.004,0.004,0.006,0.004,0.032,0.061,0.088,0.084,0.093,0.093,0.091,0.097,0.087,0.066,0.072,0.062,0.004,0.004,0.004,0.006,0.004,0.003,0.005,0.005,0.004,0.003,0.003,0.004,0.005,0.004,0.005,0.005,0.006,0.005,0.004,0.003,0.005,0.007,0.005,0.005,0.004,0.006,0.004,0.005,0.005,0.005,0.004,0.004,0.005,0.004,0.003,0.006,0.129,0.159,0.139,0.172,0.211,0.216,0.216,0.207,0.187,0.216,0.184,0.217,0.193,0.169,0.193,0.15,0.004,0.003,0.004,0.005,0.005,0.004,0.004,0.004,KOL-90000003
2019-12-13,0.005,0.006,0.005,0.006,0.005,0.007,0.004,0.004,0.003,0.005,0.005,0.004,0.005,0.004,0.006,0.005,0.004,0.005,0.006,0.005,0.003,0.005,0.005,0.005,0.051,0.07,0.072,0.09,0.094,0.093,0.098,0.083,0.091,0.076,0.089,0.067,0.006,0.005,0.004,0.005,0.003,0.003,0.004,0.006,0.003,0.006,0.003,0.006,0.004,0.005,0.005,0.003,0.004,0.003,0.005,0.003,0.006,0.005,0.006,0.004,0.005,0.005,0.003,0.005,0.006,0.004,0.003,0.005,0.005,0.004,0.005,0.004,0.145,0.156,0.169,0.169,0.209,0.183,0.203,0.219,0.222,0.221,0.192,0.192,0.164,0.173,0.136,0.137,0.004,0.004,0.004,0.004,0.004,0.004,0.006,0.005,KOL-90000003
2019-12-14,0.006,0.004,0.005,0.004,0.005,0.004,0.005,0.004,0.005,0.003,0.005,0.004,0.004,0.005,0.005,0.004,0.005,0.005,0.005,0.003,0.005,0.004,0.004,0.005,0.044,0.073,0.084,0.074,0.106,0.086,0.103,0.11,0.074,0.09,0.07,0.063,0.004,0.005,0.005,0.004,0.002,0.003,0.005,0.005,0.004,0.005,0.005,0.005,0.005,0.005,0.004,0.004,0.007,0.003,0.005,0.006,0.005,0.004,0.004,0.004,0.006,0.004,0.005,0.004,0.005,0.005,0.004,0.004,0.004,0.004,0.007,0.004,0.13,0.145,0.141,0.158,0.192,0.198,0.207,0.209,0.202,0.199,0.205,0.19,0.184,0.184,,,,,,,,,0.005,0.006,KOL-90000003
2019-12-15,0.005,0.005,0.004,0.004,0.006,0.006,0.005,0.004,0.005,0.003,0.005,0.005,0.004,0.004,0.004,0.006,0.004,0.004,0.006,0.005,0.004,0.004,0.004,0.004,0.054,0.061,0.085,0.078,0.088,0.072,0.112,0.07,0.079,0.087,0.084,0.058,0.003,0.003,0.004,0.005,0.004,0.005,0.004,0.005,0.004,0.006,0.005,0.005,0.004,0.004,0.004,0.003,0.004,0.005,0.004,0.005,0.004,0.004,0.006,0.005,0.006,0.006,0.005,0.004,0.004,0.004,0.004,0.004,0.006,0.005,0.005,0.005,0.112,0.118,0.124,0.157,0.198,0.216,0.211,0.198,0.197,0.2,0.187,0.195,0.18,0.149,0.175,0.133,0.004,0.004,0.005,0.004,0.004,0.005,0.004,0.003,KOL-90000003
2019-12-16,0.005,0.005,0.005,0.005,0.004,0.005,0.005,0.004,0.006,0.004,0.004,0.004,0.004,0.004,0.004,0.004,0.003,0.004,0.004,0.004,0.004,0.004,0.006,0.004,0.052,0.074,0.08,0.076,0.082,0.109,0.106,0.098,0.077,0.084,0.083,0.057,0.005,0.004,0.004,0.003,0.004,0.004,0.003,0.004,0.005,0.004,0.004,0.003,0.004,0.003,0.004,0.005,0.004,0.006,0.004,0.003,0.006,0.004,0.005,0.006,0.005,0.005,0.004,0.004,0.004,0.004,0.004,0.004,0.006,0.005,0.004,0.004,0.102,0.156,0.124,0.179,0.177,0.185,0.2,0.19,0.229,0.196,0.201,0.169,0.191,0.189,0.118,0.17,0.003,0.004,0.005,0.005,0.003,0.005,0.003,0.006,KOL-90000003
2019-12-17,0.004,0.005,0.004,0.004,0.005,0.004,0.004,0.004,0.005,0.004,0.006,0.006,0.005,0.005,0.004,0.005,0.003,0.003,0.005,0.004,0.004,0.005,0.005,0.005,0.06,0.051,0.066,0.088,0.088,0.091,0.082,0.092,0.087,0.087,0.067,0.048,0.004,0.003,0.005,0.007,0.004,0.005,0.005,0.005,0.005,0.004,0.004,0.005,0.005,0.006,0.005,0.006,0.004,0.006,0.004,0.004,0.005,0.004,0.005,0.004,0.006,0.003,0.004,0.005,0.004,0.006,0.003,0.004,0.005,0.005,0.004,0.003,0.116,0.148,0.147,0.157,0.177,0.214,0.188,0.225,0.172,0.226,0.212,0.188,0.157,0.173,0.159,0.112,0.004,0.004,0.005,0.003,0.004,0.005,0.005,0.003,KOL-90000003
2019-12-18,0.005,,,,,,,,,,,,,,0.005,0.004,0.005,0.005,0.004,0.006,0.005,0.004,0.004,0.004,0.05,0.061,0.077,0.098,0.07,0.094,0.081,0.095,0.085,0.089,0.079,0.055,0.004,0.004,0.005,0.005,0.005,0.004,0.004,0.004,0.005,0.005,0.005,0.004,0.004,0.003,0.003,0.005,0.004,0.004,0.005,0.004,0.005,0.004,0.005,0.004,0.004,0.004,0.005,0.004,0.006,0.006,0.005,0.006,0.005,0.005,0.004,0.005,0.126,0.126,0.145,0.157,0.179,0.203,0.193,0.188,0.174,0.191,0.222,0.165,0.174,0.178,0.177,0.162,0.004,0.005,0.005,0.004,0.006,0.004,0.004,0.005,KOL-90000003
2019-12-19,0.005,0.004,0.003,0.004,0.005,0.005,0.003,0.005,0.005,0.006,0.004,0.005,0.006,0.004,0.004,0.003,0.005,0.005,0.005,0.004,0.006,0.004,0.004,0.006,0.061,0.075,0.078,0.075,0.074,0.107,0.096,0.093,0.076,0.09,0.075,0.057,0.004,0.005,0.004,0.005,0.004,0.005,0.005,0.004,0.004,0.005,0.005,0.005,0.003,0.005,0.004,0.004,0.005,0.005,0.005,0.004,0.005,0.003,0.004,0.004,0.005,0.004,0.005,0.005,0.004,0.005,0.004,0.003,0.005,0.003,0.006,0.005,0.121,0.135,0.158,0.174,0.185,0.187,0.211,0.227,0.218,0.232,0.189,0.207,0.171,0.175,0.147,0.13,0.004,0.005,0.004,0.005,0.004,0.004,0.003,0.005,KOL-90000003
2019-12-20,0.004,0.004,0.005,0.004,0.004,0.003,0.004,0.005,0.004,0.005,0.003,0.004,0.006,0.003,0.005,0.004,0.006,0.004,0.004,0.003,0.005,0.004,0.005,0.005,0.053,0.055,0.086,0.072,0.096,0.111,0.091,0.091,0.09,0.08,0.074,0.068,0.004,0.006,0.004,0.005,0.004,0.006,0.005,0.005,0.005,0.004,0.003,0.004,0.006,0.004,0.004,0.005,0.005,0.006,0.007,0.005,0.005,0.003,0.004,0.005,0.004,0.004,0.006,0.004,0.005,0.005,0.004,0.005,0.005,0.004,0.003,0.005,0.099,0.13,0.141,0.157,0.159,0.201,0.207,0.194,0.212,0.184,0.187,0.192,0.159,0.187,0.163,0.139,0.004,0.006,0.005,0.006,0.007,0.005,0.005,0.004,KOL-90000003
2019-12-21,0.004,0.005,0.005,0.005,0.005,0.004,0.005,0.004,0.005,0.004,0.005,0.004,0.006,0.004,0.004,0.004,0.004,0.005,0.004,0.002,0.004,0.003,0.005,0.004,0.059,0.055,0.07,0.083,0.081,0.1,0.119,0.1,0.096,0.083,0.074,0.06,0.004,0.004,0.005,0.004,0.004,0.004,0.004,0.004,0.003,0.005,0.005,0.004,0.005,0.005,0.006,0.005,0.005,0.005,0.006,0.005,0.006,0.005,0.004,0.004,0.003,0.005,0.004,0.005,0.006,0.004,0.004,0.006,0.004,0.006,0.005,0.005,0.109,0.109,0.145,0.173,0.185,0.214,0.197,0.186,0.224,0.207,0.205,0.187,0.174,0.192,0.153,0.161,0.004,0.004,0.006,0.003,0.004,0.004,0.005,0.004,KOL-90000003
2019-12-22,0.004,0.005,0.005,0.004,0.006,0.004,0.004,0.003,0.005,0.005,0.003,0.006,0.005,0.004,0.005,0.004,0.005,0.004,0.005,0.007,0.005,0.004,0.005,0.003,0.041,0.076,0.069,0.088,0.09,0.102,0.096,0.095,0.097,0.079,0.084,0.064,0.006,0.004,0.005,0.005,0.005,0.005,0.003,0.004,0.005,0.004,0.003,0.004,0.004,0.006,0.004,0.005,0.005,0.004,0.005,0.004,0.005,0.005,0.003,0.003,0.004,0.003,0.005,0.004,0.005,0.006,0.004,0.004,0.003,0.006,0.005,0.005,0.122,0.157,0.15,0.158,0.204,0.173,0.224,0.188,0.203,0.178,0.234,0.19,0.231,0.162,0.143,0.154,0.004,0.006,0.003,0.003,0.005,0.005,0.004,0.004,KOL-90000003
2019-12-23,0.005,0.003,0.006,0.005,0.002,0.003,0.005,0.005,0.004,0.004,0.003,0.004,0.006,0.005,0.005,0.004,0.003,0.004,0.005,0.004,0.005,0.004,0.005,0.004,0.06,0.057,0.065,0.091,0.079,0.079,0.103,0.076,0.103,0.111,0.08,0.075,0.004,0.004,0.004,0.005,0.005,0.006,0.004,0.004,0.005,0.003,0.005,0.003,0.003,0.005,0.005,0.004,0.004,0.005,0.006,0.004,0.003,0.006,0.005,0.006,0.003,0.005,0.006,0.004,0.006,0.004,0.003,0.004,0.004,0.004,0.003,0.004,0.088,0.134,0.173,0.161,0.171,0.185,0.21,0.211,0.201,0.2,0.189,0.18,0.2,0.151,0.152,0.145,0.004,0.004,0.006,0.005,0.005,0.003,0.005,0.005,KOL-90000003
2019-12-24,0.004,0.005,0.005,0.004,0.005,0.005,0.005,0.004,0.004,0.004,0.003,0.004,0.004,0.005,0.004,0.005,0.004,0.005,0.005,0.004,0.005,0.005,0.004,0.005,0.053,0.08,0.065,0.079,0.102,0.088,0.1,0.095,0.084,0.088,0.077,0.057,0.004,0.004,0.005,0.004,0.004,0.004,0.004,0.005,0.004,0.005,0.003,0.005,0.003,0.005,0.004,0.004,0.005,0.005,0.006,0.003,0.006,0.004,0.004,0.005,0.005,0.005,0.004,0.006,0.006,0.005,0.005,0.005,0.005,0.005,0.006,0.004,0.131,0.104,0.153,0.175,0.193,0.201,0.206,0.178,0.215,0.211,0.21,0.204,0.177,0.138,0.147,0.144,0.006,0.004,0.004,0.003,0.006,0.004,0.006,0.006,KOL-90000003
2019-12-25,0.005,0.005,0.003,0.007,0.005,0.003,0.004,0.004,0.005,0.006,0.006,0.005,0.005,0.005,0.004,0.004,0.004,0.003,0.004,0.005,0.003,0.006,0.005,0.004,0.06,0.072,0.072,0.083,0.112,0.1,0.109,0.093,0.085,0.084,0.067,0.06,0.003,0.004,0.004,0.004,0.004,0.005,0.004,0.004,0.004,0.004,0.004,0.004,0.004,0.005,0.004,0.005,0.005,0.003,0.005,0.004,0.006,0.005,0.004,0.005,0.005,0.005,0.006,0.003,0.005,0.004,0.006,0.003,0.005,0.004,0.005,0.004,0.101,0.144,0.13,0.173,0.168,0.185,0.201,0.2,0.199,0.207,0.194,0.196,0.188,0.158,0.15,0.122,0.006,0.005,0.006,0.005,0.003,0.005,0.005,0.005,KOL-90000003
2019-12-26,0.004,0.004,0.005,0.005,0.004,0.003,0.005,0.005,0.004,0.005,0.004,0.004,0.004,0.005,0.005,0.005,0.005,0.004,0.004,0.006,0.003,0.005,0.005,0.005,0.068,0.073,0.058,0.085,0.1,0.083,0.081,0.103,0.089,0.081,0.071,0.064,0.004,0.005,0.003,0.003,0.003,0.004,0.005,0.004,0.006,0.004,0.005,0.004,0.005,0.002,0.005,0.004,0.005,0.005,0.005,0.006,0.006,0.005,0.004,0.004,0.004,0.006,0.006,0.004,0.006,0.004,0.004,0.004,0.006,0.004,0.006,0.004,0.124,0.155,0.144,0.148,0.2,0.205,0.17,0.209,0.224,0.218,0.199,0.2,0.161,0.177,0.142,0.16,0.004,0.005,0.003,0.005,0.006,0.004,0.004,0.004,KOL-90000003
2019-12-27,0.004,0.004,0.005,0.004,0.003,0.004,0.005,0.006,0.003,0.005,0.005,0.004,0.004,0.005,0.005,0.004,0.005,0.004,0.004,0.005,0.005,0.005,0.005,0.006,0.047,0.058,0.096,0.068,0.085,0.098,0.093,0.094,0.08,0.088,0.076,0.051,0.004,0.006,0.003,0.005,0.003,0.004,0.005,0.005,0.005,0.005,0.005,0.005,0.005,0.004,0.005,0.006,0.005,0.005,0.004,0.005,0.005,0.005,0.003,0.005,0.004,0.003,0.006,0.005,0.004,0.004,0.004,0.005,0.005,0.004,0.005,0.006,0.13,0.146,0.157,0.18,0.17,0.197,0.19,0.224,0.175,0.193,0.231,0.171,0.19,0.157,0.172,0.151,0.005,0.006,0.004,0.003,0.004,0.004,0.004,0.004,KOL-90000003
2019-12-28,0.005,0.005,0.004,0.006,0.005,0.006,0.002,0.005,0.004,0.003,0.003,0.004,0.006,0.005,0.004,0.004,0.006,0.006,0.004,0.003,0.005,0.005,0.005,0.004,0.058,0.068,0.063,0.087,0.086,0.081,0.099,0.094,0.088,0.102,0.071,0.059,0.004,0.005,0.004,0.004,0.003,0.004,0.004,0.003,0.004,0.004,0.004,0.004,0.004,0.005,0.004,0.005,0.003,0.005,0.004,0.004,0.005,0.004,0.005,0.004,0.005,0.004,0.004,0.005,0.005,0.005,0.007,0.005,0.004,0.005,0.006,0.004,0.148,0.157,0.136,0.17,0.196,0.201,0.173,0.218,0.196,0.219,0.185,0.18,0.169,0.164,0.155,0.148,0.005,0.004,0.006,0.005,0.004,0.004,0.005,0.007,KOL-90000003
2019-12-29,0.005,0.004,0.004,0.005,0.004,0.004,0.005,0.004,0.004,0.007,0.006,0.004,0.004,0.004,0.006,0.005,0.003,0.006,0.004,0.005,0.006,0.005,0.004,0.005,0.069,0.078,0.082,0.077,0.1,0.098,0.104,0.081,0.099,0.097,0.056,0.052,0.003,0.003,0.004,0.004,0.004,0.004,0.005,0.006,0.004,0.006,0.004,0.004,0.005,0.003,0.006,0.005,0.005,0.003,0.004,0.005,0.006,0.005,0.005,0.004,0.004,0.005,0.005,0.005,0.006,0.005,0.004,0.006,0.006,0.005,0.006,0.003,0.11,0.142,0.146,0.154,0.179,0.193,0.214,0.192,0.205,0.207,0.194,0.196,0.164,0.164,0.162,0.135,0.006,0.004,0.004,0.005,0.004,0.004,0.005,0.006,KOL-90000003
2019-12-30,0.006,0.006,0.004,0.005,0.005,0.005,0.004,0.005,0.004,0.004,0.005,0.004,0.004,0.005,0.004,0.006,0.006,0.004,0.005,0.004,0.004,0.005,0.003,0.004,0.072,0.095,0.071,0.098,0.082,0.107,0.072,0.087,0.089,0.089,0.093,0.067,0.004,0.005,0.004,0.003,0.005,0.004,0.003,0.005,0.004,0.004,0.005,0.005,0.005,0.005,0.004,0.003,0.004,0.002,0.004,0.005,0.004,0.006,0.005,0.004,0.004,0.006,0.005,0.003,0.003,0.005,0.005,0.003,0.005,0.004,0.005,0.005,0.128,0.152,0.151,0.163,0.197,0.201,0.205,0.182,0.199,0.218,0.19,0.196,0.165,0.183,0.145,0.124,0.003,0.005,0.005,0.004,0.005,0.004,0.005,0.005,KOL-90000003
2019-12-31,0.005,0.004,0.004,0.004,0.004,0.005,0.004,0.004,0.005,0.006,0.005,0.005,0.005,0.004,0.004,0.003,0.003,0.005,0.005,0.006,0.006,0.004,0.004,0.004,0.064,0.061,0.075,0.076,0.112,0.065,0.117,0.093,0.089,0.06,0.07,0.07,0.004,0.005,0.006,0.002,0.005,0.003,0.004,0.005,0.005,0.004,0.004,0.004,0.003,0.005,0.005,0.005,0.005,0.005,0.004,0.005,0.006,0.004,0.005,0.004,0.005,0.004,0.006,0.005,0.003,0.004,0.006,0.004,0.005,0.005,0.004,0.005,0.109,0.144,0.163,0.173,0.186,0.187,0.176,0.207,0.202,0.228,0.194,0.195,0.155,0.182,0.162,0.149,0.004,0.004,0.006,0.005,0.005,0.003,0.006,0.004,KOL-90000003
2020-01-01,0.005,0.004,0.006,0.004,0.003,0.004,0.005,0.004,0.004,0.004,0.005,0.004,0.006,0.005,0.005,0.005,0.005,0.003,0.004,0.004,0.004,0.005,0.006,0.004,0.073,0.073,0.075,0.079,0.081,0.12,0.102,0.105,0.093,0.074,0.071,0.074,0.005,0.005,0.005,0.004,0.005,0.005,0.006,0.004,0.006,0.005,0.005,0.005,0.004,0.004,0.004,0.004,0.005,0.004,0.003,0.005,0.004,0.004,0.005,0.004,0.005,0.004,0.006,0.005,0.004,0.006,0.004,0.003,0.003,0.005,0.006,0.004,0.112,0.136,0.16,0.181,0.157,0.198,0.197,0.199,0.172,0.224,0.22,0.157,0.186,0.192,0.143,0.151,0.004,0.005,0.006,0.004,0.006,0.004,0.003,0.003,KOL-90000003
2020-01-02,0.004,0.004,0.004,0.005,0.004,0.005,0.004,0.005,0.004,0.005,0.004,0.005,0.004,0.004,0.004,0.005,0.004,0.004,0.005,0.003,0.004,0.004,0.004,0.004,0.068,0.064,0.096,0.079,0.092,0.092,0.076,0.106,0.075,0.097,0.08,0.081,0.004,0.006,0.004,0.004,0.005,0.005,0.006,0.003,0.004,0.003,0.003,0.004,0.005,0.005,0.005,0.005,0.004,0.003,0.004,0.005,0.004,0.005,0.005,0.005,0.005,0.004,0.005,0.005,0.004,0.005,0.004,0.006,0.004,0.004,0.005,0.005,0.107,0.131,0.167,0.163,0.165,0.177,0.203,0.196,0.21,0.202,0.204,0.206,0.206,0.162,0.154,0.134,0.005,0.005,0.006,0.004,0.005,0.004,0.004,0.005,KOL-90000003
2020-01-03,0.004,0.004,0.006,0.003,0.006,0.004,0.004,0.003,0.003,0.004,0.005,0.004,0.005,0.003,0.005,0.004,0.005,0.005,0.005,0.004,0.004,0.004,0.004,0.004,0.055,0.067,0.08,0.068,0.086,0.105,0.122,0.105,0.08,0.09,0.042,0.079,0.004,0.004,0.005,0.004,0.005,0.005,0.005,0.005,0.004,0.004,0.004,0.004,0.004,0.005,0.004,0.005,0.004,0.004,0.005,0.005,0.003,0.004,0.004,0.005,0.005,0.005,0.004,0.005,0.004,0.002,0.006,0.005,0.005,0.005,0.005,0.004,0.153,0.141,0.154,0.166,0.195,0.182,0.193,0.228,0.213,0.213,0.209,0.177,0.176,0.166,0.128,0.15,0.004,0.005,0.005,0.005,0.003,0.005,0.005,0.005,KOL-90000003
2020-01-04,0.004,0.006,0.006,0.004,0.005,0.006,0.006,0.005,0.004,0.005,0.004,0.004,0.006,0.005,0.006,0.005,0.006,0.005,0.004,0.005,0.003,0.005,0.004,0.006,0.056,0.058,0.069,0.069,0.099,0.085,0.115,0.081,0.098,0.089,0.081,0.055,0.004,0.004,0.003,0.004,0.004,0.005,0.003,0.004,0.004,0.003,0.006,0.004,0.004,0.004,0.005,0.004,0.004,0.005,0.004,0.004,0.005,0.005,0.003,0.005,0.006,0.003,0.005,0.004,0.004,0.003,0.004,0.005,0.005,0.004,0.005,0.005,0.111,0.14,0.14,0.178,0.173,0.209,0.205,0.187,0.211,0.201,0.178,0.177,0.169,0.151,0.176,0.128,0.005,0.005,0.005,0.005,0.005,0.005,0.005,0.004,KOL-90000003
2020-01-05,0.004,0.005,0.004,0.006,0.004,0.004,0.004,0.005,0.003,0.004,0.003,0.005,0.005,0.003,0.004,0.004,0.004,0.003,0.006,0.004,0.005,0.004,0.004,0.005,0.043,0.093,0.071,0.079,0.088,0.087,0.109,0.108,0.078,0.077,0.071,0.074,0.004,0.003,0.004,0.004,0.004,0.004,0.005,0.004,0.004,0.005,0.005,0.004,0.002,0.004,0.003,0.005,0.003,0.006,0.005,0.006,0.005,0.004,0.003,0.004,0.004,0.005,0.005,0.004,0.004,0.005,0.004,0.004,0.006,0.007,0.003,0.005,0.152,0.132,0.166,0.184,0.182,0.176,0.174,0.201,0.206,0.223,0.168,0.192,0.179,0.201,0.144,0.141,0.004,0.005,0.004,0.006,0.003,0.004,0.005,0.005,KOL-90000003
2020-01-06,0.004,0.005,0.006,0.005,0.004,0.006,0.005,0.005,0.006,0.005,0.003,0.005,0.006,0.003,0.005,0.005,0.004,0.005,0.006,0.005,0.003,0.004,0.004,0.005,0.064,0.065,0.071,0.075,0.066,0.083,0.095,0.078,0.083,0.071,,,,,,,,,,0.004,0.004,0.004,0.005,0.004,0.004,0.003,0.004,0.005,0.003,0.004,0.004,0.004,0.004,0.003,0.004,0.005,0.005,0.006,0.004,0.005,0.005,0.004,0.005,0.005,0.004,0.005,0.004,0.004,0.105,0.112,0.171,0.194,0.209,0.177,0.201,0.197,0.181,0.207,0.221,0.178,0.183,0.173,0.145,0.109,0.005,0.004,0.005,0.005,0.006,0.003,0.005,0.005,KOL-90000003
2020-01-07,0.003,0.005,0.005,0.004,0.003,0.005,0.006,0.004,0.005,0.005,0.003,0.004,0.005,0.005,0.005,0.005,0.003,0.005,0.004,0.004,0.006,0.005,0.006,0.004,0.045,0.051,0.075,0.071,0.089,0.085,0.092,0.08,0.078,0.08,0.057,0.055,0.005,0.006,0.005,0.005,0.004,0.005,0.006,0.004,0.005,0.004,0.005,0.004,0.004,0.004,0.004,0.005,0.004,0.004,0.005,0.006,0.006,0.004,0.004,0.005,0.004,0.004,0.005,0.005,0.005,0.004,0.004,0.004,0.005,0.005,0.005,0.006,0.119,0.126,0.143,0.185,0.174,0.18,0.197,0.221,0.195,0.218,0.227,0.207,0.18,0.196,0.136,0.13,0.005,0.004,0.005,0.004,0.004,0.005,0.004,0.005,KOL-90000003
2020-01-08,0.005,0.003,0.004,0.005,0.004,0.005,0.003,0.004,0.005,0.003,0.005,0.006,0.004,0.004,0.004,0.005,0.005,0.004,0.004,0.004,0.005,0.004,0.006,0.003,0.069,0.07,0.067,0.071,0.109,0.088,0.103,0.096,0.088,0.087,0.084,0.061,0.004,0.006,0.004,0.005,0.004,0.005,0.005,0.006,0.004,0.004,0.004,0.004,0.005,0.004,0.004,0.004,0.004,0.005,0.006,0.004,0.002,0.005,0.005,0.005,0.004,0.005,0.004,0.005,0.005,0.004,0.004,0.005,0.004,0.005,0.006,0.005,0.11,0.134,0.171,0.202,0.192,0.214,0.192,0.212,0.211,0.184,0.175,0.201,0.161,0.178,0.154,0.098,0.004,0.004,0.004,0.004,0.005,0.003,0.004,0.004,KOL-90000003
2020-01-09,0.004,0.005,0.004,0.005,0.004,0.004,0.004,0.003,0.005,0.004,0.005,0.003,0.006,0.004,0.004,0.004,0.003,0.006,0.005,0.006,0.004,0.004,0.005,0.003,0.052,0.057,0.043,0.09,0.084,0.096,0.086,0.107,0.082,0.067,0.082,0.061,0.005,0.002,0.005,0.005,0.004,0.005,0.006,0.005,0.004,0.005,0.004,0.007,0.005,0.004,0.005,0.005,0.005,0.005,0.005,0.004,0.006,0.004,0.004,0.004,0.005,0.005,0.005,0.005,0.006,0.006,0.005,0.005,0.005,0.006,0.004,0.004,0.117,0.152,0.145,0.159,0.195,0.2,0.204,0.232,0.226,0.212,0.181,0.19,0.171,0.184,0.135,0.148,0.004,0.005,0.004,0.004,0.004,0.006,0.006,0.004,KOL-90000003
2020-01-10,0.005,0.005,0.004,0.004,0.004,0.004,0.005,0.004,0.005,0.004,0.004,0.004,0.005,0.004,0.005,0.006,0.006,0.005,0.004,0.004,0.004,0.005,0.004,0.004,0.072,0.06,0.061,0.098,0.087,0.095,0.089,0.081,0.088,0.078,0.077,0.076,0.004,0.006,0.003,0.004,0.005,0.004,0.005,0.005,0.006,0.005,0.005,0.005,0.005,0.004,0.002,0.004,0.003,0.005,0.006,0.004,0.004,0.004,0.003,0.005,0.005,0.005,0.003,0.004,0.005,0.005,0.003,0.005,0.004,0.005,0.005,,,,,,,,,,,,,,,0.154,0.154,0.169,0.005,0.004,0.006,0.006,0.004,0.004,0.006,0.005,KOL-90000003
2020-01-11,0.005,0.004,0.004,0.004,0.005,0.003,0.005,0.004,0.006,0.005,0.004,0.004,0.003,0.005,0.004,0.004,0.005,0.006,0.005,0.003,0.004,0.004,0.004,0.004,0.059,0.084,0.064,0.089,0.099,0.103,0.099,0.095,0.076,0.069,0.072,0.07,0.004,0.004,0.005,0.005,0.004,0.005,0.004,0.004,0.005,0.004,0.003,0.005,0.004,0.005,0.003,0.004,0.005,0.005,0.005,0.004,0.004,0.004,0.005,0.005,0.005,0.004,0.005,0.005,0.004,0.003,0.003,0.006,0.006,0.005,0.003,0.004,0.13,0.126,0.158,0.187,0.172,0.17,0.188,0.197,0.204,0.222,0.22,0.194,0.183,0.178,0.165,0.121,0.004,0.006,0.004,0.005,0.005,0.004,0.004,0.005,KOL-90000003
2020-01-12,0.006,0.005,0.005,0.004,0.004,0.004,0.006,0.005,0.004,0.003,0.006,0.006,0.005,0.004,0.006,0.006,0.003,0.005,0.005,0.004,0.005,0.005,0.006,0.003,0.035,0.04,0.096,0.072,0.072,0.099,0.111,0.094,0.087,0.078,0.062,0.048,0.006,0.004,0.004,0.005,0.005,0.005,0.004,0.005,0.004,0.004,0.004,0.004,0.005,0.005,0.003,0.005,0.006,0.005,0.005,0.003,0.006,0.006,0.004,0.003,0.006,0.005,0.004,0.005,0.004,0.005,0.005,0.005,0.004,0.005,0.006,0.005,0.137,0.151,0.134,0.154,0.163,0.229,0.201,0.173,0.189,0.173,0.216,0.196,0.198,0.175,0.151,0.138,0.004,0.003,0.006,0.004,0.004,0.005,0.005,0.003,KOL-90000003
2020-01-13,0.004,0.004,0.004,0.003,0.004,0.005,0.002,0.005,0.005,0.005,0.005,0.006,0.004,0.003,0.005,0.005,0.003,0.005,0.004,0.004,0.004,0.004,0.005,0.006,0.05,0.072,0.075,0.092,0.099,0.088,0.12,0.104,0.087,0.072,0.064,0.075,0.005,0.006,0.005,0.004,0.006,0.005,0.005,0.004,0.004,0.004,0.004,0.003,0.004,0.004,0.006,0.003,0.005,0.004,0.003,0.006,0.004,0.004,0.005,0.004,0.004,0.003,0.005,0.005,0.004,0.006,0.004,0.004,0.005,0.004,0.003,0.003,0.132,0.143,0.164,0.164,0.176,0.2,0.204,0.202,0.201,0.223,0.221,0.217,0.171,0.191,0.167,0.153,0.005,0.005,0.004,0.005,0.004,0.004,0.005,0.007,KOL-90000003
2020-01-14,0.004,0.006,0.005,0.006,0.004,0.005,0.005,0.003,0.004,0.004,0.005,0.004,0.006,0.004,0.004,0.005,0.005,0.003,0.004,0.004,0.004,0.003,0.005,0.003,0.081,0.07,0.078,0.087,0.063,0.082,0.088,0.091,0.096,0.09,0.069,0.071,0.003,0.005,0.003,0.004,0.006,0.002,0.004,0.005,0.003,0.005,0.005,0.004,0.005,0.005,0.005,0.005,0.005,0.004,0.004,0.005,0.005,0.006,0.004,0.004,0.004,0.005,0.005,0.004,0.003,0.005,0.004,0.006,0.006,0.004,0.005,0.003,0.144,0.15,0.144,0.157,0.197,0.202,0.216,0.242,0.204,0.198,0.205,0.177,0.167,0.178,0.15,0.165,0.005,0.006,0.004,0.005,0.005,0.005,0.004,0.004,KOL-90000003
2020-01-15,0.005,0.004,0.004,0.004,0.005,0.005,0.005,0.003,0.005,0.004,0.005,0.004,0.004,0.004,0.003,0.003,0.004,0.004,0.005,0.005,0.005,0.006,0.005,0.004,0.079,0.057,0.057,0.09,0.084,0.09,0.102,0.088,0.105,0.092,0.081,0.072,0.004,0.005,0.004,0.005,0.004,0.004,0.006,0.005,0.005,0.005,0.005,0.006,0.005,0.004,0.005,0.005,0.005,0.004,0.004,0.003,0.006,0.004,0.003,0.004,0.005,0.004,0.005,0.005,0.004,0.004,0.004,0.003,0.004,0.005,0.006,0.004,0.13,0.146,0.135,0.161,0.192,0.194,0.198,0.171,0.232,0.204,0.19,0.204,0.164,0.181,0.164,0.154,0.004,0.004,0.005,0.004,0.005,0.005,0.005,0.004,KOL-90000003
2020-01-16,0.003,0.004,0.006,0.004,0.004,0.003,0.004,0.004,0.005,0.005,0.003,0.002,0.005,0.006,0.004,0.004,0.005,0.004,0.004,0.006,0.004,0.004,0.005,0.005,0.034,0.046,0.076,0.079,0.078,0.094,0.105,0.082,0.097,0.082,0.076,0.078,0.007,0.006,0.005,0.004,0.004,0.005,0.005,0.005,0.006,0.003,0.005,0.004,0.005,0.005,0.004,0.004,0.004,0.005,0.004,0.004,0.004,0.005,0.006,0.004,0.005,0.004,0.004,0.005,0.005,0.003,0.003,0.004,0.005,0.005,0.004,0.004,0.132,0.143,0.151,0.132,0.17,0.165,0.182,0.189,0.198,0.194,0.189,0.199,0.169,0.16,0.17,0.107,0.004,0.004,0.004,0.005,0.004,0.004,0.005,0.005,KOL-90000003
2020-01-17,0.006,0.005,0.004,0.004,0.004,0.004,0.004,0.004,0.004,0.004,0.006,0.005,0.005,0.004,0.005,0.004,0.005,0.005,0.004,0.004,0.004,0.003,0.004,0.004,0.057,0.044,0.073,0.089,0.096,0.076,0.059,0.1,0.096,0.08,0.063,0.056,0.005,0.006,0.003,0.004,0.006,0.004,0.004,0.004,0.004,0.006,0.005,0.004,,,,,,0.006,0.003,0.005,0.003,0.004,0.004,0.005,0.005,0.004,0.004,0.005,0.004,0.005,0.004,0.004,0.005,0.004,0.004,0.005,0.134,0.151,0.163,0.165,0.18,0.198,0.194,0.189,0.223,0.206,0.171,0.201,0.179,0.161,0.138,0.143,0.005,0.005,0.003,0.004,0.005,0.006,0.003,0.004,KOL-90000003
2020-01-18,0.004,0.005,0.005,0.004,0.005,0.004,0.006,0.004,0.006,0.003,0.004,0.005,0.006,0.004,0.004,0.005,0.004,0.005,0.006,0.004,0.005,0.004,0.005,0.005,0.07,0.045,0.056,0.084,0.094,0.093,0.097,0.079,0.098,0.068,0.064,0.061,0.005,0.005,0.005,0.005,0.003,0.005,0.005,0.004,0.006,0.003,0.005,0.006,0.004,0.005,0.005,0.005,0.005,0.006,0.005,0.005,0.003,0.004,0.005,0.005,0.004,0.004,0.005,0.004,0.004,0.006,0.004,0.004,0.006,0.004,0.005,0.004,0.08,0.111,0.158,0.195,0.16,0.195,0.194,0.191,0.211,0.177,0.172,0.195,0.218,0.162,0.134,0.151,0.004,0.005,0.003,0.004,0.006,0.004,0.004,0.004,KOL-90000003
2020-01-19,0.004,0.005,0.004,0.003,0.004,0.005,0.005,0.004,0.005,0.005,0.003,0.004,0.005,0.006,0.004,0.003,0.005,0.005,0.004,0.005,0.005,0.005,0.004,0.004,0.04,0.06,0.078,0.069,0.081,0.093,0.091,0.114,0.079,0.091,0.08,0.08,0.005,0.004,0.007,0.005,0.005,0.003,0.005,0.005,0.004,0.006,0.005,0.005,0.005,0.003,0.005,0.003,0.005,0.003,0.005,0.006,0.004,0.005,0.005,0.004,0.004,0.004,0.005,0.005,0.004,0.005,0.005,0.005,0.005,0.004,0.005,0.005,0.127,0.137,0.179,0.126,0.181,0.202,0.171,0.18,0.215,0.199,0.18,0.166,0.177,0.164,0.171,0.149,0.003,0.004,0.004,0.004,0.003,0.005,0.005,0.004,KOL-90000003
2020-01-20,0.003,0.005,0.005,0.005,0.006,0.004,0.005,0.004,0.005,0.004,0.004,0.004,0.004,0.005,0.005,0.004,0.006,0.004,0.003,0.004,0.005,0.004,0.005,0.003,0.059,0.053,0.084,0.095,0.108,0.09,0.084,0.071,0.101,0.089,0.061,0.078,0.005,0.005,0.005,0.006,0.004,0.004,0.004,0.005,0.005,0.004,0.004,0.004,0.004,0.005,0.005,0.004,0.004,0.003,0.004,0.004,0.006,0.005,0.004,0.005,0.005,0.004,0.005,0.003,0.005,0.004,0.005,0.006,0.005,0.004,0.005,0.003,0.106,0.131,0.161,0.174,0.172,0.199,0.209,0.209,0.187,0.209,0.214,0.191,0.196,0.16,0.137,0.118,0.005,0.005,0.004,0.003,0.003,0.003,0.004,0.005,KOL-90000003
2020-01-21,0.004,0.004,0.005,0.005,0.005,0.003,0.003,0.005,0.005,0.003,0.004,0.003,0.004,0.004,0.005,0.005,0.005,0.004,0.003,0.004,0.005,0.006,0.005,0.005,0.058,0.051,0.101,0.065,0.074,0.086,0.117,0.106,0.099,0.096,0.05,0.059,0.005,0.005,0.004,0.004,0.005,0.005,0.004,0.003,0.004,0.003,0.004,0.005,0.005,0.005,0.005,0.005,0.004,0.004,0.004,0.005,0.004,0.004,0.003,0.005,0.004,0.004,0.005,0.004,0.004,0.004,0.003,0.004,0.005,0.005,0.004,0.005,0.123,0.126,0.15,0.162,0.205,0.21,0.16,0.215,0.191,0.226,0.215,0.181,0.179,0.163,0.136,0.13,0.006,0.004,0.004,0.006,0.004,0.004,0.004,0.004,KOL-90000003
2020-01-22,0.004,0.003,0.004,0.005,0.005,0.005,0.005,0.003,0.004,0.005,0.005,0.004,0.005,0.004,0.004,0.005,0.006,0.003,0.004,0.006,0.004,0.004,0.006,0.004,0.043,0.067,,,,,,,,,,0.08,0.005,0.005,0.006,0.003,0.004,0.005,0.004,0.004,0.006,0.005,0.003,0.004,0.004,0.003,0.004,0.004,0.005,0.004,0.006,0.005,0.004,0.005,0.005,0.004,0.004,0.004,0.005,0.003,0.007,0.004,0.004,0.006,0.004,0.004,0.004,0.005,0.115,0.155,0.15,0.149,0.198,0.17,0.231,0.207,0.214,0.177,0.162,0.193,0.171,0.185,0.156,0.143,0.005,0.006,0.005,0.004,0.004,0.005,0.005,0.004,KOL-90000003
2020-01-23,0.004,0.004,0.005,0.005,0.004,0.005,0.004,0.003,0.003,0.004,0.004,0.005,0.005,0.003,0.005,0.004,0.004,0.005,0.006,0.004,0.004,0.005,0.006,0.004,0.073,0.076,0.074,0.063,0.098,0.107,0.087,0.094,0.084,0.082,0.073,0.064,0.005,0.004,0.005,0.004,0.004,0.004,0.005,0.005,0.004,0.003,0.005,0.005,0.005,0.004,0.005,0.003,0.005,0.004,0.006,0.005,0.004,0.004,0.006,0.004,0.005,0.005,0.004,0.005,0.005,0.004,0.004,0.005,0.004,0.007,0.005,0.004,0.12,0.128,0.168,0.136,0.176,0.214,0.213,0.196,0.231,0.197,0.216,0.183,0.185,0.162,0.177,0.12,0.004,0.005,0.004,0.005,0.004,0.005,0.005,0.005,KOL-90000003
2020-01-24,0.003,0.004,0.004,0.006,0.005,0.005,0.004,0.006,0.005,0.004,0.004,0.005,0.006,0.004,0.004,0.006,0.005,0.006,0.006,0.005,0.005,0.005,0.004,0.004,0.044,0.059,0.097,0.095,0.091,0.085,0.092,0.106,0.074,0.07,0.075,0.053,0.005,0.004,0.005,0.004,0.004,0.005,0.005,0.005,0.004,0.003,0.005,0.004,0.004,0.004,0.005,0.005,0.004,0.003,0.005,0.005,0.005,0.006,0.004,0.005,0.004,0.005,0.007,0.004,0.006,0.004,0.004,0.005,0.005,0.004,0.004,0.004,0.115,0.163,0.147,0.149,0.174,0.197,0.212,0.22,0.229,0.224,0.204,0.192,0.171,0.16,0.169,0.125,0.003,0.005,0.004,0.003,0.004,0.005,0.005,0.004,KOL-90000003
2020-01-25,0.005,0.006,0.003,0.004,0.005,0.004,0.003,0.005,0.004,0.003,0.003,0.005,0.004,0.005,0.004,0.003,0.004,0.004,0.005,0.006,0.006,0.003,0.006,0.004,0.054,0.066,0.087,0.084,0.086,0.115,0.089,0.091,0.097,0.072,0.088,0.067,0.004,0.004,0.004,0.005,0.005,0.004,0.004,0.006,0.006,0.004,0.004,0.004,0.005,0.004,0.005,0.004,0.006,0.003,0.004,0.005,0.005,0.005,0.005,0.005,0.005,0.004,0.005,0.004,0.004,0.005,0.005,0.005,0.004,0.004,0.005,0.003,0.141,0.137,0.139,0.145,0.15,0.192,0.203,0.194,0.205,0.218,0.158,0.224,0.179,0.145,0.142,0.145,0.004,0.006,0.004,0.003,0.004,0.003,0.004,0.006,KOL-90000003
2020-01-26,0.005,0.005,0.005,0.005,0.005,0.004,0.005,0.004,0.004,0.005,0.004,0.005,0.003,0.005,0.004,0.004,0.005,0.007,0.005,0.003,0.005,0.005,0.006,0.004,0.065,0.056,0.068,0.071,0.081,0.095,0.099,0.113,0.095,0.095,0.079,0.062,0.004,0.005,0.004,0.004,0.005,0.004,0.006,0.004,0.003,0.004,0.004,0.005,0.005,0.005,0.004,0.004,0.004,0.005,0.006,0.005,0.005,0.004,0.005,0.005,0.004,0.007,0.004,0.004,0.004,0.005,0.004,0.004,0.005,0.004,0.004,0.005,0.136,0.133,0.148,0.144,0.162,0.162,0.209,0.18,0.212,0.219,0.193,0.189,0.195,0.147,0.142,0.161,0.005,0.006,0.004,0.004,0.003,0.005,0.006,0.004,KOL-90000003
2020-01-27,0.004,0.006,0.006,0.005,0.002,0.005,0.004,0.005,0.005,0.005,0.005,0.005,0.005,0.005,0.006,0.005,0.005,0.005,0.006,0.004,0.004,0.004,0.003,0.005,0.059,0.067,0.062,0.086,0.093,0.099,0.097,0.08,0.096,0.077,0.064,0.051,0.006,0.004,0.004,0.004,0.003,0.005,0.004,0.004,0.003,0.005,0.005,0.005,0.005,0.006,0.005,0.004,0.005,0.006,0.004,0.005,0.005,0.005,0.006,0.005,0.005,0.004,0.004,0.003,0.005,0.005,0.004,0.004,0.005,0.004,0.005,0.005,0.106,0.141,0.157,0.185,0.165,0.205,0.187,0.233,0.207,0.172,0.199,0.208,0.188,0.171,0.171,0.106,0.003,0.004,0.003,0.005,0.004,0.004,0.004,0.004,KOL-90000003
2020-01-28,0.004,0.004,0.005,0.004,0.005,0.004,0.005,0.004,0.005,0.004,0.005,0.005,0.004,0.005,0.004,0.006,0.006,0.004,0.005,0.003,0.006,0.004,0.003,0.004,0.059,0.077,0.07,0.08,0.086,0.098,0.097,0.104,0.103,0.095,0.068,0.072,0.004,0.005,0.005,0.004,0.005,0.004,0.005,0.005,0.003,0.005,0.004,0.005,0.005,0.005,0.005,0.003,0.003,0.006,0.003,0.005,0.004,0.006,0.007,0.005,0.005,0.004,0.003,0.005,0.004,0.005,0.004,0.006,0.003,0.004,0.005,0.003,0.111,0.126,0.141,0.171,0.202,0.187,0.201,0.172,0.209,0.21,0.167,0.196,0.183,0.151,0.163,0.145,0.004,0.004,0.004,0.004,0.005,0.003,0.006,0.004,KOL-90000003
2020-01-29,0.005,0.005,0.005,0.004,0.004,0.004,0.004,0.005,0.005,0.003,0.004,0.004,0.005,0.004,0.005,0.005,0.006,0.004,0.005,0.005,0.005,0.003,0.004,0.005,0.045,0.049,0.082,0.086,0.079,0.086,0.099,0.084,0.084,0.069,0.078,0.064,0.005,0.004,0.005,0.004,0.005,0.004,0.004,0.005,0.005,0.004,0.005,0.005,0.005,0.004,0.006,0.006,0.004,0.003,0.005,0.005,0.005,0.005,0.003,0.005,0.004,0.004,0.006,0.005,0.006,0.004,0.003,0.006,0.005,0.005,0.004,0.004,0.114,0.118,0.167,0.183,0.203,0.175,0.182,0.186,0.192,0.223,0.226,0.184,0.186,0.171,0.166,0.133,0.004,0.005,0.004,0.004,0.005,0.005,0.005,0.005,KOL-90000003
2020-01-30,0.004,0.005,0.004,0.003,0.004,0.004,0.007,0.003,0.005,0.005,0.004,0.005,0.002,0.003,0.006,0.004,0.004,0.004,0.003,0.004,0.004,0.005,0.005,0.005,0.057,0.064,0.087,0.094,0.097,0.108,0.075,0.087,0.098,0.077,0.063,0.064,0.003,0.003,0.005,0.004,0.004,0.003,0.005,0.006,0.004,0.005,0.003,0.004,0.003,0.005,0.005,0.005,0.005,0.005,0.005,0.004,0.005,0.005,0.004,0.004,0.005,0.005,0.005,0.006,0.003,0.005,0.005,0.005,0.004,0.006,0.005,0.002,0.149,0.113,0.185,0.175,0.163,0.174,0.214,0.217,0.192,0.205,0.194,0.196,0.177,0.19,0.144,0.125,0.004,0.003,0.005,0.004,0.005,0.004,0.004,0.005,KOL-90000003
2020-01-31,0.002,0.006,0.005,0.005,0.004,0.005,0.004,0.004,0.005,0.004,0.005,0.004,0.004,0.005,0.005,0.004,0.005,0.006,0.005,0.004,0.006,0.006,0.006,0.005,0.065,0.063,0.073,0.073,0.089,0.085,0.078,0.069,0.101,0.078,0.087,0.067,0.005,0.003,0.004,0.005,0.004,0.005,0.005,0.006,0.005,0.004,0.005,0.005,0.004,0.003,0.005,0.003,0.004,0.004,0.005,0.004,0.005,0.004,0.005,0.003,0.004,0.006,0.005,0.004,0.005,0.005,0.004,0.003,0.005,0.005,0.005,0.004,0.118,0.132,0.163,0.175,0.193,0.165,0.231,0.184,0.213,0.226,0.199,0.194,0.179,0.189,0.145,0.17,0.005,0.004,0.005,0.004,0.004,0.004,0.004,0.005,KOL-90000003
2020-02-01,0.003,0.004,0.005,0.005,0.005,0.005,0.004,0.004,0.004,0.003,0.006,0.003,0.005,0.005,0.004,0.004,0.006,0.005,0.005,0.005,0.005,0.005,0.005,0.005,0.051,0.075,0.08,0.071,0.096,0.085,0.084,0.084,0.087,0.066,0.081,0.063,0.005,0.004,0.005,0.004,0.005,0.005,0.005,0.005,0.004,0.005,0.005,0.006,0.004,0.004,0.006,0.005,0.006,0.005,0.005,0.005,0.005,0.005,0.005,0.005,0.005,0.005,0.005,0.004,0.005,0.004,0.004,0.004,0.005,0.004,0.004,0.004,0.147,0.145,0.162,0.183,0.161,0.201,0.201,0.209,0.193,0.215,0.212,0.199,0.184,0.192,0.164,0.124,0.003,0.005,0.005,0.005,0.005,0.005,0.004,0.005,KOL-90000003
2020-02-02,0.006,0.005,0.006,0.004,0.005,0.004,0.005,0.004,0.005,0.004,0.006,0.004,0.004,0.005,0.003,0.005,0.006,0.004,0.005,0.004,0.004,0.003,0.005,0.005,0.051,0.064,0.101,0.1,0.088,0.094,0.088,0.097,0.084,0.068,0.064,0.067,0.005,0.005,0.006,0.006,0.006,0.004,0.005,0.004,0.005,0.005,0.003,0.003,0.006,0.005,0.005,0.005,0.005,0.006,0.004,0.005,0.004,0.004,0.005,0.005,0.005,0.004,0.004,0.004,0.005,0.005,0.005,0.006,0.004,0.004,0.004,0.004,0.141,0.132,0.182,0.156,0.192,0.167,0.185,0.189,0.209,0.198,0.2,0.183,0.187,0.163,0.169,0.135,0.004,0.005,0.004,0.005,0.006,0.005,0.004,0.004,KOL-90000003
2020-02-03,0.004,0.006,0.005,0.005,0.004,0.004,0.004,0.005,0.004,0.004,0.006,0.004,0.004,0.003,0.005,0.004,0.005,0.003,0.006,0.006,0.004,0.005,0.004,0.005,0.046,0.071,0.069,0.087,0.088,0.095,0.109,0.087,0.094,0.085,0.072,0.066,0.004,0.004,0.003,0.003,0.004,0.005,0.004,0.005,0.006,0.005,0.005,0.005,0.003,0.003,0.004,0.004,0.005,0.005,0.004,0.004,0.005,0.005,0.004,0.005,0.004,0.005,0.005,0.004,0.006,0.005,0.004,0.005,0.004,0.005,0.005,0.005,0.127,0.13,0.144,0.174,0.186,0.206,0.197,0.234,0.195,0.181,0.197,0.178,0.18,0.188,0.173,0.152,0.005,0.004,0.005,0.005,0.004,0.004,0.007,0.005,KOL-90000003
2020-02-04,0.005,0.005,0.005,0.006,0.004,0.005,0.004,0.004,0.004,0.004,0.004,0.004,0.004,0.004,0.004,0.003,0.004,0.004,0.004,0.003,0.004,0.005,0.005,0.004,0.042,0.073,0.078,0.077,0.079,0.105,0.103,0.095,0.092,0.101,0.074,0.069,0.005,0.006,0.003,0.005,0.005,0.005,0.006,0.005,0.004,0.004,0.004,0.005,0.004,0.004,0.005,0.004,0.005,0.005,0.006,0.004,0.003,0.004,0.004,0.004,0.004,0.004,0.004,0.005,0.005,0.005,0.003,0.004,0.005,0.006,0.004,0.004,0.131,0.161,0.154,0.167,0.179,0.184,0.185,0.224,0.204,0.212,0.195,0.147,0.173,0.168,0.16,0.151,0.007,0.005,0.004,0.005,0.004,0.004,0.005,0.006,KOL-90000003
2020-02-05,0.004,0.005,0.004,0.004,0.005,0.005,0.006,0.004,0.004,0.005,0.006,0.005,0.005,0.004,0.006,0.004,0.003,0.004,0.004,0.005,0.004,0.004,0.004,0.006,0.049,0.064,0.07,0.08,0.096,0.098,0.081,0.101,0.11,0.093,0.095,0.059,0.005,0.005,0.004,0.004,0.006,0.005,0.006,0.005,0.004,0.004,0.005,0.005,0.005,0.005,0.005,0.004,0.005,0.006,0.004,0.006,0.005,0.005,0.005,0.006,0.004,0.004,0.005,0.006,0.005,0.004,0.004,0.004,0.005,0.003,0.003,0.004,0.111,0.155,0.144,0.171,0.182,0.205,0.194,0.209,0.198,0.199,0.197,0.209,0.16,0.183,0.15,0.135,0.004,0.003,0.004,0.004,0.004,0.003,0.004,0.005,KOL-90000003
2020-02-06,0.005,0.004,0.004,0.004,0.005,0.004,0.004,0.003,0.005,0.005,0.004,0.004,0.006,0.006,0.005,0.005,0.005,0.005,0.005,0.003,0.004,0.005,0.004,0.005,0.05,0.08,0.077,0.086,0.067,0.099,0.098,0.099,0.084,0.07,0.063,0.083,0.007,0.005,0.004,0.004,0.006,0.004,0.006,0.004,0.005,0.004,0.004,0.005,0.003,0.006,0.003,0.004,0.004,0.005,0.003,0.005,0.004,0.004,0.003,0.005,0.005,0.005,0.004,0.005,0.003,0.004,0.004,0.004,0.005,0.004,0.003,0.005,0.128,0.127,0.167,0.169,0.172,0.2,0.22,0.204,0.197,0.21,0.232,0.18,0.181,0.181,0.167,0.134,0.004,0.005,0.004,0.005,0.003,0.005,0.004,0.005,KOL-90000003
2020-02-07,0.005,0.004,0.005,0.005,0.006,0.005,0.004,0.004,0.004,0.004,0.004,0.006,0.004,0.005,0.003,0.005,0.004,0.004,0.005,0.006,0.004,0.005,0.005,0.003,0.059,0.062,0.09,0.083,0.092,0.093,0.09,0.102,0.097,0.078,0.078,0.093,0.004,0.004,0.005,0.003,0.007,0.003,0.002,0.005,0.005,0.004,0.003,0.006,0.005,0.004,0.004,0.005,0.005,0.005,0.006,0.005,0.004,0.004,0.004,0.006,0.005,0.004,0.005,0.005,0.004,0.006,0.004,0.005,0.004,0.005,0.004,0.004,0.12,0.136,0.176,0.159,0.2,0.217,0.248,0.2,0.208,0.231,0.206,0.211,0.189,0.169,0.152,0.12,0.005,0.005,0.005,0.004,0.004,0.005,0.004,0.004,KOL-90000003
2020-02-08,0.004,0.003,0.004,0.005,0.005,0.005,0.006,0.004,0.005,0.004,0.004,0.006,0.005,0.004,0.005,0.003,0.004,0.006,0.003,0.004,0.003,0.003,0.005,0.005,0.049,0.052,0.076,0.094,0.097,0.108,0.096,0.075,0.078,0.07,0.081,0.059,,,0.006,0.004,0.005,0.005,0.004,0.006,0.003,0.004,0.005,0.005,0.006,0.003,0.003,0.004,0.005,0.005,0.004,0.004,0.005,0.005,0.003,0.005,0.004,0.005,0.006,0.005,0.003,0.005,0.004,0.005,0.004,0.004,0.005,0.004,0.119,0.115,0.146,0.168,0.202,0.207,0.192,0.196,0.231,0.21,0.151,0.178,0.19,0.146,0.176,0.133,0.003,0.003,0.004,0.005,0.004,0.003,0.005,0.003,KOL-90000003
2020-02-09,0.002,0.006,0.005,0.005,0.004,0.004,0.005,0.005,0.005,0.004,0.005,0.004,0.005,0.005,0.005,0.004,0.005,0.005,0.005,0.003,0.004,0.004,0.005,0.005,0.047,0.063,0.09,0.075,0.093,0.087,0.102,0.089,0.095,0.085,0.065,0.054,0.005,0.005,0.004,0.004,0.006,0.004,0.005,0.006,0.004,0.004,0.004,0.005,0.005,0.005,0.004,0.006,0.005,0.003,0.005,0.004,0.004,0.004,0.005,0.003,0.005,0.004,0.005,0.004,0.005,0.005,0.005,0.004,0.003,0.004,0.006,0.004,0.126,0.132,0.14,0.182,0.165,0.175,0.184,0.192,0.202,0.207,0.223,0.172,0.196,0.179,0.147,0.133,0.005,0.004,0.003,0.005,0.005,0.005,0.004,0.005,KOL-90000003
2020-02-10,0.005,0.004,0.005,0.004,0.004,0.005,0.005,0.004,0.006,0.004,0.006,0.005,0.002,0.006,0.005,0.003,0.004,0.003,0.003,0.006,0.006,0.006,0.003,0.005,0.06,0.062,0.082,0.087,0.073,0.088,0.094,0.107,0.102,0.105,0.062,0.078,0.004,0.004,0.004,0.005,0.005,0.004,0.005,0.005,0.006,,,,,,,,,,,,,,,0.005,0.004,0.006,0.005,0.004,0.006,0.004,0.006,0.003,0.004,0.002,0.004,0.004,0.106,0.15,0.159,0.16,0.19,0.196,0.199,0.194,0.209,0.201,0.222,0.202,0.177,0.156,0.138,0.128,0.006,0.005,0.005,0.004,0.004,0.005,0.006,0.005,KOL-90000003
2020-02-11,0.006,0.004,0.004,0.004,0.004,0.004,0.004,0.004,0.005,0.003,0.004,0.005,0.006,0.005,0.005,0.006,0.005,0.006,0.004,0.003,0.005,0.004,0.004,0.004,0.065,0.062,0.073,0.085,0.088,0.1,0.087,0.097,0.105,0.087,0.088,0.07,0.003,0.004,0.004,0.004,0.004,0.005,0.005,0.005,0.005,0.005,0.004,0.005,0.005,0.005,0.005,0.004,0.006,0.005,0.004,0.004,0.005,0.004,0.005,0.006,0.004,0.004,0.005,0.005,0.004,0.004,0.004,0.004,0.005,0.005,0.005,0.005,0.099,0.173,0.152,0.139,0.18,0.2,0.187,0.217,0.204,0.205,0.203,0.167,0.199,0.175,0.162,0.139,0.004,0.004,0.005,0.004,0.005,0.004,0.005,0.004,KOL-90000003
2020-02-12,0.005,0.005,0.004,0.005,0.004,0.004,0.005,0.004,0.003,0.004,0.004,0.004,0.006,0.004,0.005,0.006,0.005,0.004,0.006,0.003,0.004,0.005,0.005,0.005,0.063,0.055,0.086,0.088,0.083,0.095,0.099,0.095,0.076,0.092,0.071,0.059,0.005,0.004,0.006,0.005,0.006,0.004,0.005,0.004,0.003,0.005,0.004,0.005,0.005,0.005,0.005,0.005,0.005,0.004,0.006,0.004,0.004,0.004,0.004,0.004,0.005,0.005,0.004,0.004,0.006,0.004,0.003,0.005,0.005,0.004,0.003,0.004,0.14,0.131,0.149,0.18,0.194,0.158,0.178,0.222,0.215,0.186,0.183,0.233,0.161,0.16,0.136,0.164,0.003,0.003,0.005,0.005,0.004,0.004,0.005,0.005,KOL-90000003
2020-02-13,0.003,0.005,0.003,0.004,0.004,0.004,0.003,0.003,0.004,0.003,0.004,0.004,0.006,0.004,0.006,0.004,0.005,0.004,0.005,0.005,0.003,0.004,0.006,0.005,0.051,0.078,0.077,0.092,0.096,0.099,0.101,0.091,0.084,0.074,0.087,0.063,0.006,0.005,0.004,0.005,0.004,0.004,0.005,0.005,0.004,0.005,0.005,0.004,0.005,0.004,0.004,0.005,0.004,0.004,0.004,0.004,0.005,0.004,0.005,0.004,0.005,0.004,0.004,0.004,0.004,0.005,0.004,0.005,0.003,0.003,0.004,0.004,0.133,0.157,0.155,0.146,0.155,0.206,0.189,0.222,0.203,0.21,0.218,0.173,0.167,0.171,0.161,0.136,0.006,0.005,0.004,0.005,0.004,0.005,0.004,0.004,KOL-90000003
2020-02-14,0.004,0.004,0.006,0.005,0.005,0.005,0.005,0.005,0.004,0.004,0.004,0.004,0.004,0.006,0.005,0.006,0.004,0.005,0.006,0.004,0.004,0.004,0.004,0.003,0.054,0.073,0.079,0.094,0.1,0.084,0.101,0.095,0.073,0.086,0.073,0.092,0.004,0.004,0.005,0.003,0.005,0.004,0.005,0.006,0.004,0.003,0.004,0.004,0.004,0.005,0.005,0.004,0.004,0.004,0.004,0.005,0.004,0.004,0.006,0.004,0.005,0.004,0.005,0.005,0.005,0.005,0.003,0.006,0.006,0.004,0.006,0.004,0.109,0.146,0.162,0.146,0.182,0.209,0.241,0.194,0.173,0.206,0.195,0.202,0.148,0.199,0.153,0.149,0.003,0.005,0.004,0.003,0.004,0.004,0.005,0.004,KOL-90000003
2020-02-15,0.003,0.006,0.004,0.004,0.004,0.004,0.003,0.004,0.004,0.004,0.004,0.005,0.006,0.004,0.006,0.003,0.004,0.005,0.004,0.006,0.005,0.004,0.005,0.004,0.056,0.08,0.065,0.076,0.085,0.101,0.095,0.1,0.09,0.085,0.06,0.063,0.005,0.004,0.004,0.004,0.007,0.005,0.005,0.004,0.006,0.004,0.005,0.004,0.005,0.003,0.004,0.004,0.006,0.003,0.005,0.003,0.005,0.005,0.004,0.005,0.003,0.005,0.006,0.005,0.005,0.004,0.005,0.005,0.003,0.005,0.006,0.006,0.146,0.112,0.173,0.152,0.169,0.18,0.211,0.202,0.212,0.209,0.187,0.171,0.189,0.175,0.159,0.134,0.004,0.004,0.003,0.005,0.004,0.005,0.004,0.004,KOL-90000003
2020-02-16,0.005,0.004,0.004,0.004,0.004,0.005,0.004,0.004,0.005,0.005,0.005,0.004,0.004,0.005,0.004,0.004,0.004,0.005,0.004,0.004,0.004,0.005,0.003,0.005,0.048,0.065,0.071,0.093,0.099,0.093,0.098,0.097,0.087,0.095,0.083,0.048,0.006,0.004,0.005,0.005,0.004,0.005,0.005,0.003,0.004,0.005,0.004,0.005,0.005,0.005,0.004,0.005,0.005,0.005,0.004,0.005,0.004,0.004,0.004,0.004,0.004,0.003,0.005,0.004,0.002,0.005,0.004,0.005,0.005,0.005,0.005,0.005,0.132,0.146,0.165,0.164,0.194,0.181,0.186,0.217,0.203,0.212,0.198,0.186,0.164,0.153,0.162,0.14,0.004,0.005,0.007,0.005,0.005,0.005,0.004,0.005,KOL-90000003
2020-02-17,0.004,0.005,0.004,0.005,0.004,0.004,0.006,0.004,0.004,0.005,0.004,0.004,0.004,0.006,0.005,0.004,0.005,0.003,0.005,0.005,0.004,0.004,0.004,0.005,0.059,0.06,0.09,0.083,0.088,0.101,0.095,0.075,0.097,0.081,0.066,0.058,0.003,0.005,0.005,0.004,0.004,0.004,0.004,0.004,0.004,0.004,0.006,0.005,0.003,0.006,0.005,0.005,0.006,0.005,0.004,0.004,0.004,0.003,0.004,0.005,0.004,0.005,0.005,0.004,0.005,0.005,0.004,0.005,0.003,0.004,0.005,0.005,0.115,0.131,0.167,0.157,0.158,0.188,0.206,0.235,0.21,0.206,0.193,0.189,0.205,0.163,0.158,0.121,0.004,0.005,0.005,0.004,0.006,0.004,0.004,0.004,KOL-90000003
2020-02-18,0.004,0.006,0.005,0.004,0.002,0.005,0.004,0.004,0.004,0.004,0.006,0.004,0.005,0.005,0.004,0.003,0.004,0.005,0.005,0.004,0.005,0.004,0.005,0.005,0.071,0.065,0.068,0.094,0.084,0.066,0.09,0.095,0.09,0.083,0.07,0.064,0.004,0.005,0.005,0.005,0.005,0.006,0.004,0.005,0.005,0.006,0.004,0.005,0.004,0.005,0.005,0.004,0.003,0.004,0.004,0.004,0.004,0.004,0.005,0.004,0.004,0.005,0.006,0.004,0.005,0.005,0.003,0.004,0.004,0.003,0.005,0.005,0.122,0.116,0.146,0.154,0.183,0.166,0.16,0.208,0.211,0.204,0.176,0.207,0.176,0.161,0.159,0.121,0.005,0.004,0.004,0.006,0.004,0.005,0.006,0.002,KOL-90000003
2020-02-19,0.002,0.006,0.004,0.002,0.004,0.006,0.005,0.005,0.005,0.003,0.006,0.004,0.004,0.005,0.004,0.004,0.005,0.005,0.005,0.003,0.004,0.003,0.004,0.006,0.06,0.05,0.072,0.088,0.106,0.099,0.117,0.089,0.078,0.092,0.075,0.076,0.006,0.004,0.004,0.004,0.004,0.004,0.005,0.005,0.004,0.005,0.006,0.005,0.005,0.004,0.005,0.004,0.005,0.005,0.005,0.004,0.004,0.002,0.004,0.004,0.004,0.004,0.005,0.004,0.004,0.005,0.005,0.004,0.006,0.004,0.005,0.004,0.134,0.138,0.149,0.169,0.175,0.193,0.211,0.218,0.188,0.176,0.212,0.207,0.172,0.177,0.156,0.162,0.004,0.005,0.005,0.004,0.005,0.004,0.005,0.004,KOL-90000003
2020-02-20,0.005,0.005,0.004,0.004,0.006,0.004,0.005,0.004,0.002,0.003,0.005,0.004,0.004,0.005,0.004,0.004,0.005,0.004,0.006,0.003,0.004,0.005,0.005,0.003,0.029,0.061,0.084,0.074,0.093,0.103,0.096,0.081,0.103,0.065,0.079,0.071,0.005,0.005,0.004,0.004,0.005,0.003,0.004,0.006,0.005,0.004,0.006,0.005,0.004,0.005,0.005,0.004,0.005,0.004,0.005,0.005,0.005,0.005,0.004,0.004,0.005,0.005,0.004,0.004,0.004,0.004,0.004,0.004,0.004,0.006,0.005,0.006,0.145,0.156,0.159,0.183,0.164,0.184,0.198,0.2,0.176,0.189,0.196,0.179,0.188,0.177,0.148,0.159,0.005,0.005,0.004,0.005,0.005,0.005,0.004,0.006,KOL-90000003
2020-02-21,0.004,0.004,0.004,0.004,0.005,0.003,0.004,0.005,0.004,0.006,0.004,0.006,0.004,0.006,0.005,0.004,0.005,0.005,0.004,0.004,0.004,0.004,0.005,0.004,0.052,0.058,0.063,0.074,0.093,0.099,0.099,0.108,0.079,0.081,0.072,0.047,0.005,0.005,0.004,0.003,0.005,0.006,0.003,0.004,0.004,0.005,0.003,0.005,0.004,0.004,0.005,0.004,0.004,0.003,0.004,0.005,0.005,0.004,0.003,0.005,0.004,0.005,0.005,0.004,0.005,0.003,0.005,0.003,0.004,0.004,0.004,0.004,0.142,0.136,0.163,0.17,0.177,0.193,0.212,0.202,0.206,0.182,0.165,0.158,0.167,0.173,0.136,0.148,0.004,0.005,0.004,0.005,0.003,0.004,0.005,0.003,KOL-90000003
2020-02-22,0.004,0.004,0.005,0.004,0.006,0.004,0.004,0.004,0.005,0.004,0.004,0.006,0.003,0.004,0.005,0.004,0.004,0.005,0.004,,,,,,,,0.058,0.09,0.087,0.097,0.094,0.092,0.084,0.081,0.092,0.066,0.004,0.003,0.003,0.005,0.004,0.004,0.004,0.003,0.005,0.004,0.003,0.003,0.004,0.004,0.005,0.004,0.006,0.005,0.004,0.004,0.006,0.004,0.007,0.004,0.004,0.006,0.004,0.005,0.005,0.005,0.004,0.005,0.004,0.005,0.006,0.004,0.107,0.127,0.162,0.18,0.214,0.185,0.184,0.206,0.209,0.201,0.198,0.185,0.175,0.163,0.147,0.143,0.003,0.005,0.005,0.004,0.003,0.005,0.003,0.005,KOL-90000003
2020-02-23,0.004,0.004,0.005,0.005,0.004,0.005,0.004,0.005,0.005,0.004,0.005,0.004,0.005,0.006,0.004,0.005,0.005,0.005,0.004,0.004,0.005,0.005,0.005,0.004,0.061,0.082,0.067,0.093,0.081,0.09,0.079,0.102,0.069,0.086,0.091,0.07,0.004,0.005,0.004,0.004,0.006,0.005,0.004,0.006,0.005,0.005,0.005,0.005,0.004,0.005,0.004,0.003,0.006,0.004,0.004,0.005,0.004,0.007,0.005,0.004,0.004,0.004,0.006,0.003,0.005,0.005,0.005,0.004,0.005,0.005,0.004,0.004,0.107,0.134,0.154,0.148,0.2,0.213,0.222,0.193,0.219,0.231,0.206,0.207,0.175,0.167,0.143,0.12,0.003,0.004,0.003,0.004,0.003,0.005,0.005,0.006,KOL-90000003
2020-02-24,0.005,0.004,0.005,0.004,0.004,0.004,0.004,0.005,0.005,0.004,0.005,0.004,0.005,0.006,0.004,0.005,0.004,0.003,0.004,0.005,0.004,0.004,0.005,0.004,0.073,0.071,0.078,0.071,0.099,0.087,0.08,0.09,0.095,0.084,0.072,0.061,0.005,0.005,0.005,0.005,0.005,0.006,0.005,0.006,0.004,0.006,0.003,0.005,0.006,0.003,0.004,0.004,0.005,0.004,0.004,0.005,0.004,0.005,0.004,0.006,0.004,0.004,0.004,0.005,0.005,0.006,0.005,0.004,0.005,0.006,0.005,0.005,0.108,0.15,0.165,0.17,0.186,0.173,0.181,0.214,0.234,0.221,0.198,0.194,0.194,0.159,0.159,0.151,0.006,0.003,0.006,0.005,0.003,0.005,0.005,0.006,KOL-90000003
2020-02-25,0.005,0.004,0.004,0.005,0.005,0.005,0.004,0.005,0.004,0.004,0.004,0.004,0.004,0.004,0.005,0.004,0.004,0.003,0.004,0.004,0.005,0.005,0.005,0.004,0.057,0.058,0.071,0.092,0.075,0.09,0.102,0.08,0.087,0.092,0.08,0.069,0.005,0.005,0.005,0.004,0.003,0.004,0.005,0.003,0.005,0.006,0.004,0.005,0.003,0.004,0.006,0.004,0.004,0.005,0.003,0.004,0.004,0.005,0.004,0.003,0.005,0.004,0.004,0.004,0.005,0.005,0.005,0.006,0.006,0.005,0.004,0.003,0.135,0.128,0.191,0.185,0.165,0.163,0.199,0.198,0.209,0.226,0.197,0.222,0.184,0.173,0.147,0.146,0.005,0.004,0.005,0.003,0.005,0.005,0.004,0.005,KOL-90000003
2020-02-26,0.003,0.004,0.006,0.005,0.006,0.004,0.005,0.002,0.004,0.003,0.005,0.004,0.005,0.005,0.004,0.004,0.004,0.003,0.006,0.003,0.006,0.005,0.006,0.004,0.061,0.077,0.07,0.077,0.079,0.084,0.092,0.107,0.101,0.086,0.059,0.071,0.004,0.004,0.005,0.004,0.004,0.005,0.005,0.005,0.004,0.005,0.004,0.004,0.004,0.005,0.004,0.005,0.004,0.004,0.004,0.005,0.003,0.006,0.004,0.004,0.005,0.004,0.005,0.004,0.005,0.004,0.004,0.006,0.004,0.004,0.003,0.005,0.146,0.175,0.158,0.139,0.187,0.192,0.186,0.204,0.195,0.208,0.221,0.176,0.191,0.139,0.154,0.157,0.005,0.003,0.004,0.006,0.005,0.003,0.005,0.003,KOL-90000003
2020-02-27,0.005,0.005,0.002,0.004,0.004,0.005,0.004,0.005,0.004,0.004,0.004,0.006,0.004,0.003,0.004,0.003,0.004,0.004,0.003,0.005,0.004,0.005,0.005,0.005,0.038,0.062,0.082,0.067,0.093,0.09,0.111,0.08,0.094,0.082,0.072,0.062,0.004,0.005,0.004,0.004,0.003,0.003,0.005,0.005,0.005,0.004,0.005,0.005,0.004,0.004,0.004,0.004,0.006,0.004,0.004,0.005,0.005,0.004,0.003,0.005,0.004,0.006,0.005,0.005,0.005,0.004,0.003,0.004,0.004,0.005,0.005,0.004,0.118,0.135,0.149,0.152,0.169,0.214,0.227,0.225,0.192,0.209,0.207,0.212,0.208,0.166,0.17,0.123,0.005,0.004,0.003,0.003,0.005,0.005,0.003,0.005,KOL-90000003
2020-02-28,0.004,0.005,0.004,0.004,0.006,0.004,0.006,0.004,0.006,0.004,0.005,0.006,0.006,0.005,0.004,0.005,0.006,0.005,0.007,0.004,0.005,0.005,0.005,0.005,0.046,0.056,0.046,0.081,0.088,0.084,0.09,0.096,0.081,0.078,0.056,0.054,0.005,0.004,0.004,0.005,0.005,0.005,0.004,0.004,0.004,0.004,0.004,0.004,0.003,0.004,0.003,0.004,0.004,0.003,0.005,0.005,0.005,0.005,0.004,0.005,0.003,0.003,0.003,0.005,0.004,0.004,0.005,0.005,0.004,0.005,0.004,0.006,0.135,0.137,0.192,0.152,0.174,0.231,0.196,0.2,0.191,0.213,0.188,0.168,0.183,0.167,0.176,0.131,0.005,0.005,0.005,0.005,0.004,0.004,0.004,0.004,KOL-90000003
2020-02-29,0.005,0.005,0.005,0.004,0.004,0.004,0.004,0.005,0.003,0.004,0.004,0.004,0.004,0.003,0.003,0.004,0.005,0.004,0.004,0.005,0.004,0.005,0.004,0.005,0.062,0.057,0.063,0.074,0.092,0.08,0.101,0.086,0.083,0.096,0.082,0.052,0.004,0.005,0.004,0.003,0.003,0.004,0.005,0.004,0.005,0.004,0.005,0.004,0.005,0.005,0.005,0.005,0.005,0.005,0.003,0.005,0.004,0.005,0.004,0.005,0.004,0.004,0.004,0.005,0.005,0.004,0.005,0.004,0.005,0.005,0.004,0.005,0.113,0.166,0.168,0.173,0.188,0.206,0.227,0.192,0.206,0.204,0.194,0.204,0.186,0.18,0.159,0.138,0.004,0.004,0.004,0.005,0.005,0.003,0.003,0.005,KOL-90000003
2020-03-01,0.004,0.005,0.005,0.003,0.005,0.003,0.005,0.006,0.006,0.006,0.004,0.005,0.006,0.004,0.006,0.005,0.005,0.005,0.005,0.004,0.007,0.005,0.005,0.004,0.057,0.077,0.07,0.102,0.076,0.114,0.078,0.088,0.102,0.086,0.065,0.049,0.004,0.005,0.004,0.005,0.004,0.005,0.004,0.005,0.003,0.006,0.004,0.005,0.004,0.006,0.004,0.006,0.004,0.006,0.005,0.005,0.005,0.005,0.004,0.006,0.003,0.004,0.005,0.004,0.005,0.003,0.005,0.004,0.003,0.004,0.004,0.005,0.135,0.147,0.154,0.176,0.189,0.169,0.197,0.195,0.211,0.219,0.192,0.203,0.159,0.156,0.136,0.123,0.003,0.005,0.003,0.005,0.004,0.003,0.005,0.005,KOL-90000003
2020-03-02,0.005,0.004,0.005,0.004,0.004,0.005,0.004,0.005,0.004,0.004,0.004,0.006,0.004,0.007,0.004,0.005,0.006,0.003,0.005,0.004,0.004,0.005,0.003,0.003,0.053,0.046,0.072,0.109,0.106,0.088,0.11,0.094,0.082,0.077,0.072,0.083,0.005,0.004,0.004,0.005,0.005,0.006,0.005,0.004,0.005,0.005,0.003,0.005,0.006,0.004,0.004,0.005,0.004,0.004,0.004,0.004,0.005,0.004,0.004,0.004,0.002,0.005,0.004,0.004,0.003,0.005,0.004,0.004,0.005,0.006,0.005,0.004,0.141,0.121,0.166,0.198,0.18,0.213,0.2,0.213,0.207,0.182,0.17,0.182,0.179,0.183,0.159,0.126,0.005,0.006,0.004,0.005,0.005,0.004,0.005,0.005,KOL-90000003
2020-03-03,0.006,0.004,0.005,0.005,0.005,0.004,0.003,0.004,0.004,0.002,0.007,0.004,0.006,0.003,0.004,0.004,0.005,0.004,0.004,0.005,0.005,0.005,0.004,0.005,0.059,0.068,0.046,0.073,0.098,0.069,0.083,0.074,0.089,0.094,0.083,0.064,0.005,0.005,0.006,0.004,0.005,0.004,0.004,0.004,0.003,0.003,0.006,0.005,0.004,0.005,0.003,0.004,0.004,0.005,0.004,0.004,0.004,0.005,0.005,0.006,0.004,0.003,0.004,0.004,0.004,0.005,0.005,0.005,0.005,0.005,0.005,0.005,0.137,0.172,0.153,0.16,0.178,0.196,0.207,0.189,0.195,0.181,0.217,0.193,0.171,0.163,0.139,0.145,0.004,0.005,0.005,0.004,0.005,0.003,0.005,0.004,KOL-90000003
2020-03-04,0.004,0.004,0.006,0.005,0.005,0.006,0.005,0.004,0.004,0.005,0.005,0.004,0.005,0.005,0.006,0.004,0.005,0.005,0.005,0.004,0.003,0.004,0.005,0.003,0.063,0.069,0.085,0.081,0.075,0.086,0.097,0.055,0.089,0.088,0.072,0.058,0.004,0.004,0.004,0.004,0.005,0.003,0.004,0.003,0.005,0.004,0.004,0.005,0.006,0.005,0.005,0.005,0.005,0.006,0.004,0.003,0.005,0.003,0.004,0.005,0.005,0.004,0.004,0.005,0.004,0.004,0.005,0.004,0.004,0.005,0.004,0.006,0.113,0.118,0.169,0.149,0.201,0.187,0.219,0.21,0.21,0.182,0.173,0.189,0.179,0.19,0.149,0.146,0.005,0.005,0.004,0.004,0.004,0.005,0.004,0.004,KOL-90000003
2020-03-05,0.005,0.005,0.005,0.004,0.003,0.007,0.006,0.004,0.005,0.005,0.005,0.005,0.004,0.005,0.005,0.004,0.005,0.005,0.005,0.005,0.004,0.004,0.005,0.006,0.049,0.051,0.072,0.087,0.08,0.086,0.118,0.109,0.084,0.078,0.086,0.067,0.004,0.005,0.004,0.004,0.004,0.005,0.004,0.004,0.004,0.004,0.005,0.005,0.005,0.004,0.005,0.003,0.007,0.004,0.004,0.004,0.005,0.006,0.004,0.004,0.005,0.006,0.005,0.004,0.004,0.006,0.004,0.004,0.005,0.006,0.006,0.006,0.126,0.153,0.139,0.168,0.209,0.211,0.173,0.204,0.21,0.206,0.197,0.208,0.181,0.175,0.156,0.171,0.006,0.004,0.005,0.004,0.004,0.006,0.005,0.004,KOL-90000003
2020-03-06,0.003,0.005,0.004,0.005,0.004,0.006,0.005,0.003,0.004,0.003,0.005,0.002,0.004,0.004,0.005,0.005,0.004,0.006,0.004,0.004,0.003,0.005,0.005,0.004,0.052,0.073,0.088,0.087,0.088,0.095,0.096,0.09,0.074,0.073,0.06,0.06,0.007,0.003,0.004,0.004,0.004,0.005,0.004,0.004,0.005,0.005,0.005,0.004,0.004,0.003,0.005,0.004,0.004,0.005,0.005,0.005,0.003,0.005,0.004,0.005,0.005,0.004,0.004,0.004,0.004,0.004,0.003,0.004,0.004,0.005,0.006,0.004,0.114,0.149,0.152,0.163,0.194,0.2,0.204,0.175,0.209,0.224,0.194,0.179,0.189,0.174,0.162,0.144,0.003,0.004,0.005,0.005,0.003,0.005,0.004,0.003,KOL-90000003
2020-03-07,0.006,0.003,0.003,0.005,0.003,0.004,0.005,0.004,0.005,0.005,0.003,0.005,0.005,0.004,0.004,0.005,0.004,0.005,0.005,0.006,0.005,0.005,0.004,0.005,0.055,0.068,0.073,0.071,0.085,0.084,0.088,0.114,0.1,0.083,0.084,0.057,0.005,0.005,0.004,0.004,0.004,0.005,0.005,0.004,0.005,0.004,0.004,0.005,0.006,0.004,0.005,0.004,0.005,0.004,0.004,0.005,0.004,0.004,0.005,0.004,0.005,0.005,0.005,0.003,0.007,0.005,0.004,0.005,0.004,0.004,0.005,0.005,0.107,0.129,0.136,0.18,0.162,0.19,0.212,0.192,0.156,0.228,0.193,0.187,0.186,0.155,0.163,0.133,0.003,0.004,0.005,0.006,0.003,0.005,0.005,0.005,KOL-90000003
2020-03-08,0.003,0.005,0.004,0.006,0.003,0.006,0.005,0.004,0.005,0.005,0.003,0.005,0.005,0.004,0.005,0.005,0.003,0.004,0.002,0.004,0.003,0.005,0.004,0.004,0.077,0.069,0.079,0.082,0.11,0.079,0.08,0.099,0.091,0.1,0.085,0.07,0.004,0.005,0.004,0.005,0.005,0.006,0.003,0.004,0.004,0.004,0.005,0.004,0.003,0.004,0.004,0.005,0.005,0.005,0.005,0.005,0.005,0.003,0.005,0.004,0.004,0.005,0.005,0.004,0.004,0.005,0.004,0.005,0.003,0.005,0.004,0.004,0.125,0.123,0.156,0.171,0.215,0.153,0.206,0.189,0.218,0.197,0.205,0.185,0.175,0.176,0.146,0.146,0.005,0.005,0.005,0.006,0.005,0.004,0.005,0.005,KOL-90000003
2020-03-09,0.004,0.005,0.003,0.005,0.005,0.004,0.006,0.006,0.005,0.006,0.004,0.004,0.004,0.003,0.005,0.005,0.005,0.004,0.004,0.003,0.004,0.005,0.006,0.004,0.064,0.058,0.062,0.075,0.081,0.109,0.106,0.101,0.089,0.078,0.075,0.065,0.004,0.004,0.005,0.004,0.004,0.004,0.004,0.003,0.006,0.004,0.004,0.005,0.006,0.004,0.004,0.004,0.004,0.005,0.004,0.003,0.005,0.004,0.005,0.005,0.005,0.005,0.006,0.004,0.005,0.004,0.004,0.004,0.004,0.003,0.003,0.004,0.146,0.152,0.17,0.167,0.159,0.179,0.21,0.194,0.188,0.254,0.183,0.178,0.185,0.185,0.133,0.15,0.004,0.004,0.005,0.006,0.005,0.003,0.005,0.005,KOL-90000003
2020-03-10,0.005,0.004,0.005,0.003,0.005,0.005,0.006,0.004,0.005,0.004,0.005,0.005,0.005,0.004,0.005,0.005,0.005,0.005,0.008,0.005,0.005,0.004,0.006,0.005,0.073,0.066,0.071,0.086,0.079,0.107,0.077,0.071,0.08,0.073,0.07,0.084,0.004,0.004,0.004,0.005,0.004,0.004,0.004,0.005,0.005,0.004,0.004,0.004,0.005,0.006,0.005,0.004,0.004,0.006,0.004,0.004,0.005,0.006,0.003,0.005,0.005,0.003,0.004,0.006,0.005,0.003,0.005,0.005,0.006,0.004,0.005,0.003,0.122,0.156,0.179,0.173,0.17,0.182,0.197,0.201,0.198,0.208,0.172,0.202,0.172,0.177,0.158,0.16,0.006,0.004,0.005,0.004,0.005,0.004,0.004,0.005,KOL-90000003
2020-03-11,0.004,0.004,0.005,0.004,0.005,0.004,0.005,0.004,0.004,0.005,0.003,0.004,0.004,0.004,0.004,0.003,0.005,0.003,0.006,0.006,0.004,0.004,0.005,0.005,0.043,0.077,0.098,0.069,0.09,0.074,0.099,0.087,0.087,0.081,0.06,0.065,0.003,0.003,0.004,0.005,0.004,0.004,0.004,0.004,0.004,0.004,0.004,0.004,0.005,0.006,0.004,0.005,0.005,0.005,0.005,0.004,0.004,0.005,0.004,0.004,0.005,0.004,0.005,0.003,0.005,0.005,0.004,0.005,0.004,0.004,0.003,0.003,0.128,0.167,0.148,0.167,0.191,0.202,0.221,0.223,0.195,0.215,0.198,0.209,0.197,0.141,0.148,0.113,0.004,0.004,0.003,0.004,0.005,0.004,0.005,0.004,KOL-90000003
2020-03-12,0.005,0.005,0.004,0.003,0.004,0.006,0.004,0.005,0.003,0.004,0.004,0.004,0.003,0.004,0.004,0.005,0.004,0.003,0.004,0.004,0.004,0.003,0.004,0.004,0.049,0.064,0.08,0.099,0.097,0.092,0.114,0.108,0.11,0.076,0.079,0.07,0.005,0.004,0.004,0.006,0.007,0.003,0.005,0.004,0.005,0.004,0.005,0.004,0.005,0.005,0.005,0.004,0.006,0.003,0.004,0.005,0.004,0.002,0.004,0.005,0.003,0.005,0.005,0.004,0.004,0.005,0.004,0.004,0.003,0.005,0.006,0.005,0.122,0.121,0.153,0.2,0.182,0.168,0.199,0.174,0.187,0.19,0.207,0.18,0.177,0.19,0.17,0.155,0.005,0.005,0.006,0.004,0.004,0.003,0.004,0.004,KOL-90000003
2020-03-13,0.003,0.005,0.005,0.004,0.005,0.005,0.004,0.004,0.004,0.005,0.003,0.003,0.004,0.004,0.006,0.003,0.006,0.004,0.003,0.004,0.004,0.003,0.004,0.005,0.041,0.059,0.093,0.064,0.071,0.085,0.098,0.094,0.099,0.079,0.09,0.059,0.006,0.005,0.005,0.004,0.005,0.005,0.005,0.004,0.003,0.006,0.004,0.005,0.004,0.006,0.005,0.005,0.004,0.005,0.006,0.006,0.004,0.006,0.004,0.004,0.004,0.004,0.005,0.005,0.005,0.005,0.005,0.005,0.004,0.004,0.005,0.005,0.13,0.133,0.141,0.181,0.163,0.181,0.199,0.194,0.211,0.201,0.207,0.193,0.219,0.155,0.163,0.163,0.004,0.006,0.006,0.004,0.005,0.004,0.004,0.004,KOL-90000003
2020-03-14,0.005,0.004,0.004,0.004,0.006,0.005,0.006,0.005,0.005,0.005,0.005,0.005,0.005,0.005,0.004,0.006,0.005,0.005,0.005,0.005,0.005,0.004,0.003,0.005,0.052,0.053,0.079,0.088,0.086,0.08,0.097,0.085,0.078,0.086,0.073,0.04,0.006,0.004,0.005,0.004,0.005,0.005,0.003,0.003,0.004,0.003,0.005,0.006,0.005,0.005,0.005,0.005,0.004,0.003,0.006,0.005,0.004,0.005,0.004,0.004,0.004,0.005,0.005,0.006,0.004,0.005,0.004,0.004,0.003,0.005,0.004,0.004,0.155,0.14,0.144,0.188,0.184,0.18,0.203,0.216,0.191,0.2,0.22,0.187,0.171,0.159,0.114,0.142,0.005,0.005,0.005,0.006,0.003,0.005,0.005,0.004,KOL-90000003
2020-03-15,0.005,0.003,0.005,0.004,0.007,0.005,0.005,0.005,0.005,0.004,0.004,0.005,0.005,0.005,0.004,0.006,0.004,0.005,0.004,0.004,0.004,0.005,0.004,0.004,0.057,0.049,0.069,0.085,0.085,0.102,0.087,0.096,0.097,0.07,0.075,0.078,0.004,0.004,0.004,0.005,0.004,0.004,0.005,0.005,0.003,0.007,0.004,0.006,0.006,0.005,0.004,0.003,0.006,0.003,0.004,0.004,0.004,0.004,0.006,0.005,0.003,0.005,0.005,0.006,0.006,0.002,0.005,0.004,0.004,0.004,0.004,0.004,0.117,0.148,0.147,0.168,0.19,0.16,0.184,0.231,0.191,0.2,0.185,0.175,0.184,0.171,0.146,0.139,0.005,0.005,0.005,0.004,0.005,0.004,0.003,0.005,KOL-90000003
2020-03-16,0.003,0.004,0.005,0.005,0.004,0.005,0.004,0.004,0.005,0.004,0.004,0.004,0.005,0.004,0.006,0.003,0.005,0.004,0.005,0.005,0.004,0.004,0.005,0.004,0.054,0.043,0.071,0.089,0.1,0.087,,,,,0.067,0.063,0.004,0.005,0.005,0.005,0.005,0.005,0.005,0.005,0.004,0.004,0.004,0.005,0.003,0.004,0.005,0.005,0.004,0.005,0.004,0.004,0.005,0.005,0.006,0.003,0.004,0.004,0.004,0.004,0.003,0.006,0.005,0.005,0.004,0.005,0.005,0.004,0.111,0.173,0.168,0.162,0.183,0.178,0.165,0.232,0.213,0.215,0.173,0.173,0.193,0.189,0.128,0.129,0.004,0.005,0.005,0.004,0.004,0.004,0.005,0.004,KOL-90000003
2020-03-17,0.003,0.004,0.004,0.004,0.004,0.005,0.003,0.005,0.005,0.004,0.004,0.005,0.005,0.006,0.005,0.003,0.003,0.003,0.004,0.005,0.004,0.004,0.004,0.005,0.048,0.073,0.092,0.08,0.095,0.115,0.076,0.111,0.099,0.1,0.067,0.049,0.004,0.004,0.004,0.004,0.004,0.004,0.003,0.005,0.005,0.003,0.005,0.004,0.006,0.004,0.004,0.005,0.005,0.005,0.005,0.006,0.004,0.004,0.005,0.005,0.003,0.005,0.003,0.004,0.006,0.004,0.004,0.003,0.006,0.003,0.006,0.005,0.124,0.135,0.146,0.168,0.169,0.187,0.199,0.195,0.21,0.214,0.194,0.201,0.185,0.174,0.166,0.139,0.003,0.004,0.003,0.003,0.004,0.005,0.004,0.006,KOL-90000003
2020-03-18,0.005,0.004,0.006,0.005,0.004,0.004,0.005,0.004,0.004,0.004,0.006,0.005,0.004,0.005,0.005,0.005,0.004,0.004,,,,,,,,,,,,0.113,0.105,0.106,0.076,0.075,0.084,0.047,0.006,0.005,0.003,0.004,0.004,0.006,0.005,0.004,0.005,0.006,0.004,0.004,0.005,0.005,0.004,0.004,0.005,0.005,0.004,0.005,0.003,0.004,0.004,0.005,0.004,0.003,0.004,0.005,0.005,0.005,0.004,0.004,0.004,0.005,0.005,0.005,0.133,0.163,0.149,0.15,0.174,0.205,0.203,0.213,0.202,0.202,0.194,0.204,0.14,0.185,0.147,0.144,0.004,0.005,0.004,0.004,0.003,0.004,0.004,0.005,KOL-90000003
2020-03-19,0.005,0.004,0.006,0.005,0.003,0.004,0.004,0.005,0.006,0.003,0.005,0.004,0.004,0.004,0.004,0.005,0.004,0.004,0.004,0.005,0.004,0.005,0.004,0.004,0.061,0.071,0.08,0.1,0.094,0.096,0.091,0.088,0.102,0.075,0.081,0.068,0.005,0.005,0.004,0.005,0.002,0.003,0.003,0.005,0.005,0.006,0.004,0.004,0.005,0.003,0.005,0.004,0.005,0.004,0.004,0.005,0.003,0.004,0.005,0.005,0.005,0.004,0.005,0.003,0.004,0.003,0.004,0.005,0.004,0.005,0.006,0.004,0.102,0.137,0.148,0.183,0.181,0.207,0.214,0.193,0.229,0.227,0.199,0.179,0.178,0.182,0.145,0.162,0.004,0.003,0.005,0.005,0.004,0.003,0.004,0.004,KOL-90000003
2020-03-20,0.004,0.003,0.005,0.005,0.005,0.003,0.005,0.005,0.004,0.004,0.003,0.004,0.004,0.006,0.005,0.004,0.005,0.004,0.004,0.004,0.005,0.005,0.004,0.005,0.05,0.072,0.067,0.083,0.1,0.103,0.1,0.097,0.112,0.068,0.067,0.072,0.005,0.004,0.004,0.006,0.004,0.004,0.004,0.003,0.005,0.006,0.005,0.005,0.003,0.005,0.004,0.004,0.005,0.005,0.003,0.004,0.005,0.004,0.003,0.005,0.005,0.005,0.004,0.002,0.004,0.005,0.005,0.002,0.004,0.006,0.006,0.005,0.119,0.126,0.156,0.141,0.166,0.182,0.225,0.185,0.199,0.239,0.189,0.197,0.193,0.175,0.179,0.151,0.005,0.005,0.003,0.005,0.003,0.006,0.005,0.005,KOL-90000003
2020-03-21,0.005,0.005,0.005,0.005,0.005,0.006,0.005,0.004,0.006,0.003,0.005,0.005,0.003,0.003,0.006,0.005,0.005,0.006,0.005,0.003,0.004,0.004,0.005,0.004,0.076,0.071,0.08,0.079,0.061,0.081,0.099,0.068,0.103,0.088,0.085,0.073,0.004,0.004,0.004,0.004,0.005,0.006,0.005,0.005,0.006,0.003,0.005,0.003,0.004,0.004,0.005,0.005,0.002,0.004,0.004,0.005,0.005,0.003,0.006,0.005,0.005,0.004,0.003,0.005,0.004,0.006,0.005,0.004,0.005,0.005,0.004,0.004,0.124,0.16,0.168,0.154,0.186,0.197,0.171,0.207,0.211,0.194,0.188,0.186,0.186,0.187,0.171,0.16,0.005,0.004,0.004,0.005,0.005,0.004,0.005,0.005,KOL-90000003
2020-03-22,0.004,0.005,0.005,0.004,0.003,0.005,0.004,0.004,0.005,0.005,0.004,0.004,0.004,0.005,0.006,0.004,0.006,0.003,0.004,0.006,0.004,0.004,0.006,0.005,0.055,0.063,0.065,0.077,0.082,0.109,0.094,0.096,0.087,0.077,0.066,0.044,0.006,0.005,0.004,0.004,0.005,0.004,0.004,0.005,0.005,0.005,0.003,0.003,0.003,0.002,0.005,0.004,0.004,0.005,0.005,0.005,0.005,0.004,0.005,0.005,0.004,0.005,0.005,0.004,0.005,0.006,0.005,0.006,0.005,0.005,0.005,0.004,0.129,0.151,0.147,0.159,0.175,0.206,0.211,0.198,0.218,0.209,0.187,0.183,0.182,0.155,0.165,0.163,0.005,0.005,0.003,0.003,0.005,0.005,0.004,0.004,KOL-90000003
2020-03-23,0.005,0.005,0.004,0.004,0.006,0.005,0.005,0.005,0.003,0.005,0.004,0.004,0.005,0.005,0.004,0.005,0.005,0.005,0.004,0.004,0.004,0.005,0.005,0.006,0.045,0.055,0.075,0.091,0.1,0.089,0.071,0.096,0.102,0.087,0.081,0.076,0.006,0.003,0.005,0.004,0.003,0.004,0.004,0.003,0.005,0.004,0.006,0.005,0.003,0.004,0.004,0.004,0.004,0.004,0.005,0.004,0.004,0.004,0.004,0.005,0.005,0.004,0.004,0.004,0.006,0.006,0.006,0.005,0.005,0.004,0.005,0.004,0.138,0.13,0.142,0.171,0.184,0.189,0.201,0.198,0.218,0.182,0.206,0.183,0.207,0.161,0.163,0.14,0.005,0.004,0.006,0.005,0.006,0.005,0.006,0.005,KOL-90000003
2020-03-24,0.003,0.003,0.005,0.004,0.005,0.003,0.003,0.004,0.005,0.005,0.003,0.004,0.005,0.004,0.004,0.004,0.005,0.004,0.005,0.005,0.004,0.004,0.004,0.004,0.053,0.057,0.072,0.082,0.083,0.087,0.091,0.1,0.087,0.092,0.094,0.06,0.006,0.006,0.005,0.005,0.005,0.006,0.006,0.005,0.003,0.004,0.004,0.004,0.005,0.006,0.003,0.005,0.003,0.005,0.005,0.005,0.004,0.004,0.005,0.004,0.003,0.003,0.005,0.004,0.004,0.004,0.004,0.005,0.004,0.004,0.006,0.003,0.116,0.156,0.138,0.142,0.179,0.192,0.205,0.192,0.182,0.187,0.193,0.208,0.198,0.195,0.132,0.137,0.005,0.005,0.005,0.004,0.006,0.005,0.005,0.004,KOL-90000003
2020-03-25,0.004,0.005,0.005,0.006,0.004,0.004,0.005,0.006,0.005,0.004,0.006,0.006,0.004,0.005,0.002,0.005,0.005,0.005,0.005,0.005,0.005,0.005,0.005,0.005,0.069,0.057,0.084,0.075,0.109,0.1,0.102,0.086,0.082,0.072,0.061,0.08,0.005,0.005,0.004,0.002,0.004,0.003,0.005,0.005,0.004,0.005,0.003,0.005,0.005,0.003,0.005,0.005,0.005,0.006,0.005,0.004,0.005,0.004,0.005,0.005,0.004,0.006,0.005,0.005,0.004,0.005,0.004,0.005,0.005,0.005,0.005,0.004,0.129,0.163,0.151,0.167,0.19,0.189,0.199,0.217,0.185,0.207,0.206,0.142,0.206,0.168,0.159,0.145,0.004,0.005,0.006,0.005,0.006,0.004,0.004,0.005,KOL-90000003
2020-03-26,0.003,0.006,0.006,0.005,0.005,0.005,0.005,0.006,0.004,0.004,0.006,0.005,0.005,0.006,0.006,0.005,0.005,0.005,0.006,0.004,0.004,0.005,0.005,0.005,0.043,0.08,0.071,0.077,0.073,0.094,0.107,0.096,0.116,0.099,0.093,0.063,0.005,0.006,0.005,0.004,0.004,0.003,0.004,0.003,0.004,0.005,0.004,0.004,0.004,0.005,0.004,0.005,0.003,0.003,0.004,0.006,0.004,0.004,0.005,0.004,0.005,0.003,0.005,0.004,0.003,0.004,0.004,0.005,0.005,0.006,0.003,0.005,0.119,0.149,0.137,0.186,0.17,0.195,0.207,0.235,0.185,0.205,0.204,0.187,0.174,0.152,0.142,0.136,0.003,0.005,0.002,0.005,0.006,0.003,0.004,0.004,KOL-90000003
2020-03-27,0.004,0.004,0.005,0.004,0.005,0.004,0.003,0.004,0.005,0.003,0.004,0.004,0.004,0.006,0.005,0.005,0.005,0.005,0.005,0.005,0.006,0.004,0.004,0.003,0.041,0.069,0.067,0.086,0.099,0.095,0.093,0.109,0.101,0.078,0.079,0.068,0.004,0.005,0.005,0.004,0.006,0.005,0.004,0.003,0.004,0.004,0.004,0.004,0.005,0.004,0.006,0.006,0.005,0.005,0.005,0.004,0.004,0.004,0.004,0.005,0.005,0.005,0.004,0.005,0.004,0.003,0.005,0.004,0.005,0.005,0.006,0.003,0.121,0.151,0.159,0.182,0.165,0.19,0.208,0.188,0.225,0.215,0.208,0.196,0.186,0.161,0.141,0.129,0.005,0.004,0.004,0.004,0.005,0.003,0.005,0.004,KOL-90000003
2020-03-28,0.003,0.006,0.005,0.005,0.004,0.004,0.003,0.005,0.004,0.005,0.005,0.005,0.005,0.005,0.005,0.004,0.004,0.004,0.003,0.005,0.004,0.006,0.006,0.004,0.038,0.05,0.073,0.093,0.077,0.096,0.105,0.097,0.076,0.084,0.061,0.074,0.005,0.004,0.005,0.005,0.006,0.003,0.004,0.003,0.004,0.004,0.005,0.005,0.004,0.003,0.003,0.007,0.004,0.005,0.004,0.004,0.004,0.006,0.005,0.004,0.005,0.005,0.005,0.005,0.004,0.005,0.005,0.006,0.005,0.005,0.005,0.005,0.133,0.144,0.149,0.165,0.189,0.209,0.186,0.2,0.202,0.196,0.187,0.208,0.173,0.167,0.133,0.15,0.005,0.003,0.005,0.005,0.004,0.004,0.003,0.005,KOL-90000003
2020-03-29,0.005,0.003,0.004,0.004,0.005,0.005,0.004,0.004,0.004,0.006,0.004,0.005,0.005,0.004,0.005,0.005,0.006,0.004,0.005,0.004,0.007,0.005,0.005,0.005,0.044,0.069,0.068,0.08,0.074,0.088,0.117,0.097,0.071,0.079,0.081,0.068,0.005,0.004,0.003,0.006,0.004,0.003,0.004,0.003,0.004,0.005,0.005,0.004,0.004,0.004,0.005,0.004,0.005,0.003,0.004,0.005,0.004,0.005,0.003,0.005,0.006,0.004,0.004,0.003,0.005,0.004,0.005,0.004,0.004,0.004,0.003,0.005,0.14,0.124,0.164,0.185,0.217,0.221,0.175,0.199,0.203,0.191,0.216,0.188,0.187,0.173,0.142,0.108,0.006,0.005,0.004,0.005,0.005,0.005,0.005,0.005,KOL-90000003
2020-03-30,0.004,0.003,0.005,0.005,0.003,0.004,0.004,0.004,0.004,0.004,0.006,0.005,0.005,0.005,0.005,0.004,0.004,0.004,0.004,0.005,0.005,0.006,0.004,0.005,0.056,0.074,0.081,0.068,0.08,0.115,0.089,0.087,0.101,0.097,0.07,0.059,0.005,0.005,0.006,0.005,0.004,0.004,0.006,0.004,0.005,0.005,0.004,0.005,0.004,0.006,0.004,0.005,0.005,0.004,0.005,0.005,0.004,0.005,0.004,0.004,0.004,0.005,0.004,0.004,0.005,0.004,0.004,0.004,0.005,0.005,0.007,0.005,0.129,0.143,0.15,0.17,0.167,0.201,0.227,0.214,0.209,0.2,0.202,0.187,0.179,0.175,0.168,0.111,0.005,0.006,0.004,0.006,0.005,0.004,0.004,0.005,KOL-90000003
2020-03-31,0.004,0.005,0.005,0.004,0.005,0.005,0.004,0.003,0.005,0.004,0.004,0.004,0.006,0.005,0.005,0.004,0.003,0.004,0.006,0.004,0.006,0.004,0.005,0.004,0.065,0.063,0.066,0.078,0.087,0.086,0.076,0.086,0.082,0.093,0.086,0.043,0.005,0.005,0.004,0.005,0.004,0.004,0.004,0.006,0.005,0.005,0.004,0.007,0.004,0.004,0.005,0.004,0.005,0.003,0.004,0.006,0.005,0.004,0.005,0.004,0.004,0.004,0.005,0.004,0.003,0.004,0.005,0.005,0.005,0.004,0.003,0.003,0.102,0.148,0.132,0.171,0.202,0.203,0.196,0.216,0.229,0.215,0.171,0.202,0.18,0.156,0.174,0.139,0.005,0.005,0.004,0.006,0.006,0.005,0.005,0.004,KOL-90000003
2020-04-01,0.003,0.005,0.005,0.006,0.003,0.004,0.006,0.004,0.004,0.005,0.004,0.004,0.005,0.004,0.003,0.004,0.006,0.006,0.004,0.004,0.005,0.004,0.005,0.006,0.058,0.065,0.08,0.081,0.078,0.093,0.094,0.109,0.085,0.083,0.093,0.053,0.004,0.004,0.004,0.003,0.002,0.004,0.005,0.003,0.004,0.005,0.005,0.004,0.004,0.005,0.005,0.005,0.004,0.005,0.005,0.004,0.004,0.004,0.006,0.004,0.005,0.006,0.004,0.004,0.004,0.006,0.005,0.005,0.005,0.004,0.005,0.006,0.12,0.128,0.128,0.124,0.164,0.208,0.18,0.197,0.223,0.219,0.178,0.217,0.183,0.152,0.157,0.127,0.006,0.005,0.003,0.003,0.005,0.004,0.005,0.004,KOL-90000003
2020-04-02,0.005,0.005,0.003,0.006,0.004,0.004,0.005,0.005,0.004,0.005,0.005,0.004,0.004,0.006,0.004,0.005,0.004,0.005,0.005,0.006,0.005,0.004,0.004,0.004,0.065,0.047,0.078,0.088,0.099,0.068,0.069,0.081,0.079,0.071,0.089,0.051,0.005,0.004,0.005,0.005,0.005,0.004,0.004,0.005,0.006,0.005,0.005,0.003,0.005,0.005,0.005,0.004,0.004,0.003,0.004,0.004,0.005,0.005,0.004,0.004,0.004,0.005,0.006,0.005,0.004,0.004,0.004,0.005,0.005,0.005,0.005,0.005,0.121,0.121,0.18,0.2,0.178,0.19,0.204,0.22,0.228,0.245,0.197,0.185,0.179,0.165,0.173,0.147,0.004,0.004,0.005,0.004,0.005,0.004,0.004,0.006,KOL-90000003
2020-04-03,0.005,0.005,0.005,0.004,0.004,0.005,0.004,0.004,0.005,0.005,0.005,0.004,0.005,0.005,0.006,0.004,0.004,0.003,0.005,0.006,0.004,0.005,0.005,0.005,0.051,0.071,0.084,0.079,0.072,0.091,0.088,0.083,0.087,0.073,0.076,0.056,0.006,0.003,0.005,0.003,0.006,0.003,0.004,0.005,0.004,0.005,0.004,0.005,0.003,0.003,0.003,0.006,0.003,0.006,0.004,0.003,0.004,0.005,0.004,0.004,0.004,0.005,0.005,0.005,0.003,0.003,0.004,0.004,0.004,0.005,0.005,0.005,0.137,0.134,0.16,0.185,0.174,0.179,0.182,0.189,0.226,0.216,0.192,0.176,0.18,,,,,,0.003,0.004,0.006,0.004,0.005,0.006,KOL-90000003
2020-04-04,0.004,0.004,0.005,0.004,0.004,0.005,0.006,0.004,0.004,0.005,0.005,0.005,0.004,0.005,0.005,0.004,0.005,0.006,0.007,0.004,0.004,0.005,0.005,0.004,0.051,0.079,0.068,0.081,0.085,0.093,0.095,0.102,0.062,0.093,0.076,0.062,0.005,0.004,0.004,0.006,0.004,0.006,0.006,0.006,0.003,0.005,0.004,0.005,0.004,0.004,0.004,0.005,0.005,0.004,0.004,0.005,0.005,0.004,0.005,0.005,0.007,0.004,0.005,0.004,0.004,0.003,0.005,0.005,0.004,0.003,0.004,0.005,0.136,0.147,0.158,0.181,0.197,0.189,0.189,0.195,0.19,0.196,0.177,0.192,0.171,0.166,0.154,0.137,0.004,0.005,0.005,0.004,0.004,0.005,0.007,0.005,KOL-90000003
2020-04-05,0.005,0.005,0.004,0.004,0.004,0.004,0.005,0.004,0.005,0.004,0.003,0.003,0.003,0.004,0.005,0.005,0.004,0.006,0.003,0.006,0.004,0.005,0.004,0.004,0.058,0.056,0.068,0.081,0.099,0.107,0.114,0.093,0.094,0.076,0.08,0.074,0.005,0.003,0.004,0.004,0.005,0.005,0.006,0.005,0.005,0.005,0.005,0.005,0.004,0.005,0.005,0.004,0.004,0.005,0.005,0.005,0.004,0.005,0.004,0.004,0.003,0.004,0.005,0.005,0.003,0.006,0.004,0.004,0.004,0.003,0.004,0.005,0.126,0.142,0.156,0.157,0.146,0.194,0.183,0.22,0.178,0.205,0.19,0.183,0.166,0.169,0.186,0.159,0.005,0.005,0.004,0.005,0.005,0.005,0.005,0.005,KOL-90000003
2020-04-06,0.004,0.005,0.004,0.004,0.005,0.004,0.003,0.004,0.004,0.004,0.004,0.005,0.004,0.003,0.004,0.005,0.004,0.004,0.004,0.004,0.003,0.003,0.004,0.003,0.054,0.065,0.076,0.079,0.089,0.086,0.108,0.086,0.1,0.097,0.081,0.056,0.004,0.003,0.004,0.005,0.005,0.005,0.004,0.004,0.004,0.005,0.005,0.004,0.005,0.006,0.006,0.005,0.006,0.004,0.004,0.005,0.005,0.004,0.004,0.004,0.004,0.004,0.005,0.005,0.005,0.005,0.004,0.005,0.005,0.005,0.004,0.005,0.118,0.171,0.162,0.163,0.196,0.187,0.201,0.182,0.211,0.223,0.215,0.181,0.198,0.161,0.176,0.13,0.005,0.004,0.004,0.005,0.005,0.005,0.005,0.004,KOL-90000003
2020-04-07,0.004,0.003,0.003,0.005,0.003,0.005,0.004,0.005,0.006,0.005,0.006,0.005,0.004,0.005,0.005,0.004,0.005,0.005,0.005,0.004,0.006,0.004,0.004,0.004,0.058,0.072,0.071,0.083,0.079,0.097,0.066,0.085,0.105,0.071,0.066,0.072,0.003,0.004,0.004,0.003,0.006,0.004,0.004,0.005,0.005,0.004,0.004,0.005,0.005,0.005,0.004,0.005,0.005,0.005,0.005,0.005,0.006,0.004,0.005,0.005,0.004,0.004,0.004,0.004,0.005,0.004,0.003,0.003,0.005,0.004,0.005,0.005,0.108,0.163,0.151,0.158,0.194,0.193,0.186,0.232,0.24,0.186,0.19,0.18,0.186,0.181,0.176,0.164,0.006,0.005,0.004,0.006,0.003,0.004,0.005,0.005,KOL-90000003
2020-04-08,0.004,0.004,0.005,0.004,0.005,0.004,0.005,0.005,0.004,0.004,0.005,0.004,0.003,0.004,0.005,0.005,0.004,0.005,0.004,0.005,0.005,0.006,0.003,0.005,0.058,0.071,0.092,0.088,0.089,0.074,0.102,0.086,0.087,0.092,0.103,0.071,0.003,0.005,0.002,0.005,0.005,0.004,0.004,0.004,0.004,0.004,0.005,0.005,0.005,0.005,0.002,0.005,0.006,0.003,0.004,0.004,0.004,0.005,0.004,0.005,0.005,0.005,0.004,0.004,0.004,0.005,0.005,0.005,0.005,0.005,0.006,0.005,0.147,0.14,0.139,0.153,0.201,0.182,0.2,0.205,0.2,0.234,0.192,0.176,0.206,0.155,0.15,0.128,0.004,0.006,0.005,0.005,0.005,0.003,0.005,0.005,KOL-90000003
2020-04-09,0.004,0.005,0.004,0.003,0.005,0.006,0.006,0.004,0.004,0.005,0.005,0.003,0.004,0.005,0.004,0.005,0.003,0.006,0.006,0.004,0.004,0.005,0.005,0.004,0.056,0.059,0.078,0.09,0.093,0.088,0.091,0.088,0.102,0.063,0.066,0.079,0.005,0.004,0.003,0.006,0.005,0.005,0.007,0.004,0.006,0.004,0.005,0.005,0.005,0.005,0.005,0.004,0.005,0.005,0.005,0.004,0.005,0.004,0.005,0.004,0.005,0.006,0.005,0.004,0.003,0.005,0.005,0.005,0.005,0.004,0.005,0.004,0.139,0.141,0.145,0.179,0.193,0.198,0.206,0.203,0.193,0.233,0.191,0.188,0.21,0.168,0.167,0.136,0.004,0.004,0.004,0.004,0.005,0.004,0.005,0.003,KOL-90000003
2020-04-10,0.004,0.005,0.003,0.004,0.003,0.007,0.005,0.005,0.004,0.005,0.005,0.006,0.005,0.004,0.005,0.003,0.004,0.004,0.004,0.004,0.004,0.005,0.004,0.004,0.064,0.073,0.079,0.082,0.105,0.09,0.088,0.1,0.081,0.1,0.059,0.077,0.005,0.004,0.005,0.005,0.004,0.003,0.003,0.005,0.005,0.005,0.005,0.005,0.004,0.006,0.004,0.005,0.004,0.004,0.005,0.005,0.006,0.005,0.004,0.005,0.006,0.004,0.004,0.005,0.005,0.005,0.006,0.004,0.004,0.004,0.006,0.004,0.116,0.144,0.126,0.152,0.169,0.185,0.205,0.202,0.175,0.203,0.211,0.196,0.182,0.163,0.144,0.129,0.004,0.006,0.005,0.006,0.004,0.004,0.004,0.005,KOL-90000003
2020-04-11,0.005,0.004,0.003,0.007,0.006,0.005,0.004,0.004,0.005,0.005,0.005,0.004,0.005,0.006,0.004,0.005,0.004,0.003,0.005,0.003,0.006,0.006,0.005,0.004,0.042,0.054,0.054,0.099,0.099,0.088,0.077,0.104,0.097,0.069,0.067,0.076,0.005,0.004,0.005,0.005,0.004,0.004,0.005,0.006,0.004,0.005,0.004,0.005,0.004,0.005,0.004,0.004,0.004,0.004,0.003,0.005,0.004,0.005,0.005,0.004,0.004,0.004,0.005,0.006,0.004,0.005,0.005,0.005,0.004,0.004,0.003,0.005,0.098,0.116,0.161,0.179,0.183,0.191,0.214,0.205,0.201,0.198,0.181,0.18,0.151,0.14,0.14,0.129,0.006,0.005,0.004,0.005,0.005,0.004,0.004,0.004,KOL-90000003
2020-04-12,0.004,0.004,0.005,0.004,0.005,0.005,0.005,0.005,0.005,0.004,0.003,0.004,0.005,0.005,0.005,0.005,0.005,0.005,,,,,,,,,,,0.084,0.102,0.094,0.099,0.093,0.08,0.077,0.055,0.004,0.004,0.004,0.004,0.006,0.004,0.004,0.004,0.005,0.005,0.005,0.003,0.005,0.005,0.005,0.005,0.005,0.003,0.005,0.006,0.005,0.004,0.005,0.004,0.004,0.005,0.003,0.005,0.005,0.005,0.004,0.005,0.004,0.004,0.004,0.004,0.133,0.135,0.132,0.181,0.204,0.19,0.18,0.22,0.204,0.215,0.202,0.215,0.188,0.172,0.141,0.156,0.005,0.004,0.005,0.003,0.005,0.001,0.004,0.004,KOL-90000003
2020-04-13,0.006,0.003,0.004,0.004,0.005,0.003,0.005,0.003,0.004,0.005,0.005,0.004,0.005,0.005,0.006,0.005,0.006,0.004,0.005,0.004,0.004,0.004,0.004,0.004,0.039,0.083,0.068,0.074,0.1,0.076,0.085,0.102,0.081,0.078,0.073,0.07,0.006,0.005,0.004,0.005,0.005,0.004,0.004,0.004,0.003,0.004,0.004,0.003,0.004,0.005,0.005,0.005,0.005,0.005,0.005,0.005,0.006,0.005,0.005,0.003,0.005,0.004,0.004,0.004,0.005,0.004,0.006,0.004,0.003,0.004,0.005,0.006,0.126,0.141,0.142,0.17,0.189,0.209,0.174,0.227,0.204,0.194,0.211,0.199,0.181,0.194,0.162,0.161,0.004,0.005,0.004,0.003,0.004,0.006,0.004,0.004,KOL-90000003
2020-04-14,0.005,0.005,0.004,0.005,0.005,0.004,0.005,0.005,0.004,0.005,0.004,0.007,0.004,0.005,0.005,0.005,0.005,0.005,0.005,0.004,0.006,0.005,0.003,0.004,0.066,0.069,0.066,0.08,0.111,0.093,0.104,0.08,0.081,0.073,0.097,0.083,0.003,0.005,0.005,0.004,0.004,0.004,0.004,0.004,0.004,0.005,0.004,0.004,0.004,0.004,0.005,0.005,0.005,0.004,0.004,0.005,0.005,0.004,0.005,0.004,0.006,0.005,0.005,0.004,0.005,0.005,0.006,0.004,0.003,0.004,0.004,0.004,0.129,0.141,0.157,0.172,0.167,0.183,0.216,0.205,0.209,0.184,0.2,0.221,0.176,0.143,0.168,0.124,0.004,0.005,0.005,0.005,0.004,0.005,0.005,0.005,KOL-90000003
2020-04-15,0.004,0.004,0.005,0.004,0.005,0.005,0.004,0.005,0.005,0.004,0.003,0.004,0.005,0.003,0.006,0.005,0.005,0.006,0.003,0.005,0.004,0.004,0.006,0.004,0.043,0.059,0.068,0.072,0.097,0.084,0.087,0.099,0.091,0.093,0.088,0.057,0.006,0.004,0.005,0.004,0.005,0.006,0.005,0.005,0.005,0.004,0.005,0.005,0.004,0.004,0.004,0.004,0.005,0.006,0.004,0.004,0.004,0.004,0.004,0.005,0.005,0.004,0.004,0.005,0.004,0.004,0.007,0.005,0.005,0.005,0.004,0.004,0.129,0.13,0.164,0.168,0.198,0.179,0.2,0.192,0.168,0.202,0.22,0.191,0.174,0.18,0.149,0.137,0.006,0.003,0.005,0.003,0.006,0.005,0.004,0.005,KOL-90000003
2020-04-16,0.004,0.005,0.005,0.003,0.005,0.002,0.002,0.004,0.007,0.004,0.005,0.003,0.004,0.004,0.006,0.004,0.004,0.005,0.005,0.005,0.005,0.005,0.004,0.004,0.042,0.064,0.079,0.094,0.079,0.101,0.091,0.082,0.072,0.086,0.094,0.06,0.004,0.005,0.004,0.005,0.006,0.004,0.005,0.005,0.004,0.005,0.004,0.004,0.005,0.003,0.004,0.005,0.005,0.006,0.005,0.006,0.004,0.006,0.005,0.004,0.004,0.003,0.005,0.006,0.005,0.003,0.003,0.004,0.005,0.004,0.004,0.004,0.13,0.16,0.137,0.171,0.174,0.176,0.222,0.217,0.204,0.201,0.177,0.19,0.188,0.136,0.128,0.134,0.004,0.004,0.004,0.004,0.004,0.004,0.004,0.004,KOL-90000003
2020-04-17,0.004,0.004,0.005,0.004,0.005,0.005,0.005,0.004,0.004,0.004,0.004,0.004,0.003,0.005,0.004,0.004,0.005,0.005,0.004,0.004,0.004,0.006,0.006,0.004,0.064,0.058,0.074,0.092,0.096,0.089,0.097,0.1,0.08,0.09,0.077,0.058,0.003,0.006,0.004,0.005,0.005,0.004,0.005,0.003,0.006,0.005,0.006,0.006,0.004,0.005,0.005,0.005,0.005,0.006,0.004,0.005,0.006,0.004,0.005,0.005,0.005,0.003,0.004,0.005,0.005,0.004,0.005,0.004,0.004,0.004,0.004,0.004,0.126,0.133,0.166,0.159,0.182,0.157,0.217,0.21,0.195,0.207,0.192,0.172,0.178,0.184,0.19,0.142,0.004,0.005,0.004,0.004,0.003,0.005,0.005,0.004,KOL-90000003
2020-04-18,0.004,0.005,0.006,0.005,0.004,0.004,0.003,0.004,0.004,0.005,0.004,0.005,0.005,0.004,0.005,0.004,0.004,0.005,0.005,0.005,0.005,0.003,0.006,0.004,0.062,0.064,0.065,0.089,0.106,0.102,0.107,0.107,0.101,0.079,0.068,0.074,0.005,0.004,0.005,0.003,0.003,0.005,0.004,0.005,0.004,0.004,0.005,0.005,0.005,0.004,0.005,0.004,0.004,0.004,0.005,0.006,0.004,0.004,0.003,0.004,0.005,0.005,0.005,0.004,0.004,0.003,0.003,0.004,0.004,0.004,0.004,0.007,0.125,0.143,0.152,0.174,0.195,0.176,0.209,0.175,0.206,0.211,0.199,0.185,0.155,0.176,0.149,0.16,0.003,0.005,0.005,0.005,0.005,0.005,0.004,0.005,KOL-90000003
2020-04-19,0.005,0.004,0.006,0.005,0.006,0.005,0.005,0.004,0.005,0.004,0.005,0.005,0.006,0.005,0.006,0.004,0.004,0.005,0.005,0.005,0.005,0.004,0.004,0.006,0.034,0.064,0.079,0.081,0.09,0.098,0.093,0.106,0.092,0.085,0.053,0.056,0.005,0.006,0.004,0.004,0.004,0.004,0.005,0.005,0.003,0.005,0.007,0.003,0.005,0.004,0.005,0.004,0.004,0.004,0.005,0.004,0.005,0.006,0.006,0.004,0.006,0.004,0.004,0.006,0.004,0.004,0.004,0.005,0.005,0.005,0.005,0.004,0.128,0.14,0.174,0.172,0.137,0.192,0.214,0.178,0.226,0.217,0.208,0.187,0.191,0.163,0.135,0.138,0.004,0.004,0.005,0.003,0.003,0.003,0.005,0.005,KOL-90000003
2020-04-20,0.004,0.004,0.005,0.005,0.005,0.005,0.004,0.005,0.005,0.004,0.004,0.004,0.002,0.004,0.005,0.005,0.006,0.007,0.005,0.005,0.006,0.005,0.005,0.006,0.053,0.068,0.078,0.096,0.083,0.108,0.108,0.094,0.093,0.093,0.095,0.063,0.005,0.005,0.004,0.004,0.005,0.003,0.004,0.004,0.004,0.004,0.005,0.005,0.004,0.005,0.006,0.006,0.006,0.006,0.005,0.005,0.005,0.007,0.004,0.003,0.004,0.004,0.005,0.006,0.005,0.005,0.005,0.005,0.005,0.005,0.004,0.005,0.106,0.139,0.157,0.163,0.173,0.173,0.187,0.209,0.226,0.176,0.212,0.179,0.186,0.168,0.161,0.154,0.005,0.005,0.004,0.005,0.004,0.005,0.004,0.004,KOL-90000003
2020-04-21,0.005,0.004,0.004,0.004,0.004,0.005,0.005,0.004,0.005,0.005,0.005,0.006,0.004,0.006,0.005,0.005,0.003,0.006,0.004,0.005,0.003,0.005,0.004,0.005,0.053,0.086,0.08,0.091,0.092,0.111,0.105,0.099,0.077,0.072,0.083,0.052,0.005,0.006,0.004,0.004,0.004,0.004,0.006,0.004,0.006,0.006,0.005,0.005,0.005,0.003,0.005,0.005,0.004,0.005,0.005,0.004,0.005,0.007,0.005,0.005,0.004,0.006,0.005,0.005,0.004,0.005,0.004,0.006,0.004,0.005,0.004,0.004,0.116,0.168,0.176,0.169,0.187,0.21,0.177,0.209,0.178,0.225,0.186,0.193,0.171,0.162,0.156,0.128,0.004,0.005,0.005,0.004,0.005,0.003,0.004,0.004,KOL-90000003
2020-04-22,0.005,0.005,0.005,0.005,0.004,0.003,0.005,0.007,0.004,0.004,0.004,0.003,0.005,0.005,0.005,0.005,0.005,0.005,0.004,0.005,0.004,0.004,0.004,0.005,0.049,0.057,0.083,0.108,0.087,0.074,0.083,0.114,0.074,0.075,0.071,0.088,0.005,0.004,0.005,0.005,0.005,0.004,0.004,0.005,0.004,0.005,0.004,0.005,0.004,0.004,0.004,0.005,0.005,0.004,0.005,0.005,0.005,0.004,0.005,0.004,0.004,0.003,0.004,0.003,0.005,0.004,0.004,0.003,0.006,0.005,0.004,0.003,0.143,0.126,0.159,0.187,0.183,0.202,0.213,0.205,0.209,0.196,0.199,0.197,0.186,0.172,0.161,0.146,0.004,0.004,0.006,0.005,0.005,0.004,0.005,0.006,KOL-90000003
2020-04-23,0.005,0.005,0.004,0.005,0.005,0.005,0.004,0.005,0.005,0.004,0.004,0.003,0.004,0.004,0.004,0.003,0.006,0.004,0.004,0.003,0.005,0.004,0.005,0.005,0.072,0.08,0.063,0.078,0.089,0.098,0.099,0.088,0.104,0.068,0.065,0.068,0.006,0.004,0.005,0.005,0.005,0.006,0.005,0.005,0.005,0.005,0.005,0.005,0.003,0.005,0.004,0.005,0.003,0.004,0.004,0.005,0.006,0.005,0.003,0.006,0.006,0.004,0.004,0.005,0.005,0.006,0.004,0.004,0.005,0.005,0.005,0.003,0.132,0.161,0.115,0.171,0.18,0.196,0.177,0.218,0.207,0.206,0.198,0.204,0.18,0.188,0.153,0.141,0.005,0.005,0.005,0.005,0.005,0.005,0.004,0.004,KOL-90000003
2020-04-24,0.005,0.005,0.005,0.006,0.005,0.003,0.004,0.005,0.005,0.003,0.005,0.004,0.004,0.005,0.005,0.005,0.005,0.006,0.006,0.005,0.004,0.004,0.005,0.005,0.046,0.084,0.081,0.102,0.08,0.082,0.087,0.083,0.083,0.073,0.086,0.064,0.005,0.005,0.006,0.005,0.005,0.006,0.004,0.005,0.005,0.004,0.005,0.004,0.004,0.004,0.003,0.005,0.004,0.005,0.005,0.005,0.005,0.003,0.004,0.005,0.003,0.005,0.005,0.005,0.006,0.004,0.005,0.005,0.004,0.004,0.005,0.004,0.13,0.15,0.159,0.163,0.195,0.197,0.192,0.216,0.212,0.201,0.207,0.185,0.207,0.192,0.146,0.152,0.004,0.004,0.004,0.005,0.003,0.004,0.005,0.004,KOL-90000003
2020-04-25,0.005,0.005,0.003,0.004,0.004,0.004,0.005,0.005,0.005,0.006,0.005,0.004,0.004,0.004,0.005,0.005,0.005,0.005,0.005,0.006,,,,0.004,0.057,0.067,0.078,0.087,0.075,0.09,0.082,0.084,0.083,0.094,0.066,0.062,0.005,0.004,0.006,0.005,0.005,0.004,0.005,0.003,0.004,0.003,0.005,0.003,0.006,0.005,0.004,0.005,0.005,0.004,0.004,0.005,0.004,0.004,0.004,0.004,0.004,0.005,0.004,0.005,0.004,0.004,0.005,0.004,0.003,0.004,0.005,0.004,0.148,0.142,0.144,0.159,0.198,0.21,0.203,0.193,0.21,0.205,0.183,0.199,0.167,0.148,0.155,0.129,0.004,0.006,0.006,0.004,0.005,0.004,0.004,0.004,KOL-90000003
2020-04-26,0.005,0.005,0.004,0.004,0.003,0.005,0.003,0.004,0.004,0.003,0.005,0.003,0.004,0.004,0.003,0.004,0.004,0.003,0.004,0.005,0.005,0.004,0.003,0.004,0.047,0.053,0.087,0.097,0.073,0.098,0.112,0.103,0.088,0.074,0.076,0.067,0.005,0.005,0.004,0.005,0.005,0.005,0.006,0.004,0.005,0.005,0.004,0.004,0.005,0.004,0.005,0.004,0.004,0.004,0.005,0.004,0.004,0.005,0.003,0.003,0.005,0.006,0.004,0.005,0.004,0.005,0.004,0.005,0.005,0.004,0.004,0.004,0.152,0.147,0.166,0.151,0.186,0.176,0.194,0.198,0.205,0.215,0.218,0.209,0.159,0.156,0.148,0.141,0.005,0.004,0.004,0.004,0.004,0.004,0.005,0.004,KOL-90000003
2020-04-27,0.005,0.005,0.004,0.004,0.004,0.005,0.004,0.004,0.005,0.005,0.004,0.004,0.005,0.004,0.004,0.005,0.004,0.004,0.004,0.004,0.006,0.006,0.005,0.004,0.038,0.085,0.083,0.073,0.099,0.102,0.088,0.09,0.09,0.089,0.063,0.053,0.005,0.003,0.005,0.004,0.005,0.005,0.005,0.005,0.005,0.005,,,,,,,,0.003,0.005,0.003,0.005,0.005,0.005,0.005,0.005,0.005,0.004,0.003,0.004,0.005,0.004,0.004,0.005,0.004,0.005,0.006,0.113,0.133,0.15,0.16,0.194,0.174,0.199,0.189,0.236,0.214,0.169,0.19,0.168,0.179,0.151,0.156,0.004,0.004,0.005,0.004,0.004,0.005,0.002,0.005,KOL-90000003
2020-04-28,0.004,0.004,0.005,0.005,0.005,0.005,0.006,0.005,0.004,0.004,0.004,0.003,0.004,0.005,0.003,0.004,0.004,0.004,0.004,0.005,0.005,0.006,0.006,0.003,0.052,0.055,0.07,0.075,0.093,0.083,0.094,0.096,0.092,0.06,0.076,0.073,0.005,0.006,0.004,0.006,0.005,0.005,0.006,,,,,,,,,,,,,0.004,0.006,0.005,0.004,0.004,0.004,0.005,0.005,0.005,0.004,0.004,0.004,0.006,0.004,0.004,0.004,0.004,0.116,0.165,0.178,0.19,0.221,0.203,0.189,0.185,0.182,0.193,0.181,0.2,0.191,0.162,0.181,0.152,0.004,0.005,0.005,0.005,0.006,0.006,0.003,0.005,KOL-90000003
2020-04-29,0.005,0.004,0.003,0.005,0.005,0.003,0.005,0.004,0.004,0.003,0.005,0.005,0.005,0.006,0.005,0.004,0.005,0.003,0.006,0.004,0.005,0.006,0.004,0.005,0.057,0.056,0.061,0.043,0.096,0.089,0.094,0.111,0.1,0.085,0.082,0.059,0.004,0.004,0.004,0.005,0.005,0.004,0.004,0.004,0.005,0.006,0.004,0.004,0.006,0.004,0.004,0.004,0.005,0.005,0.004,0.004,0.005,0.005,0.004,0.004,0.005,0.005,0.004,0.005,0.005,0.007,0.004,0.005,0.005,0.004,0.004,0.003,0.107,0.148,0.172,0.165,0.182,0.198,0.169,0.242,0.216,0.172,0.193,0.202,0.192,0.171,0.125,0.137,0.003,0.005,0.005,0.004,0.004,0.005,0.004,0.005,KOL-90000003
2020-04-30,0.004,0.005,0.005,0.004,0.003,0.006,0.003,0.004,0.004,0.005,0.005,0.005,0.005,0.006,0.004,0.004,0.004,0.005,0.003,0.004,0.004,0.004,0.003,0.006,0.065,0.074,0.078,0.076,0.109,0.102,0.096,0.114,0.084,0.087,0.093,0.081,0.005,0.004,0.005,0.005,0.006,0.006,0.005,0.005,0.003,0.003,0.003,0.005,0.003,0.005,0.004,0.004,0.004,0.006,0.004,0.005,0.004,0.005,0.004,0.006,0.005,0.004,0.005,0.005,0.005,0.003,0.004,0.004,0.005,0.004,0.004,0.003,0.125,0.159,0.135,0.164,0.165,0.152,0.189,0.185,0.184,0.2,0.176,0.189,0.165,0.174,0.153,0.168,0.004,0.004,0.003,0.005,0.005,0.005,0.006,0.007,KOL-90000003
2020-05-01,0.005,0.006,0.004,0.005,0.005,0.005,0.003,0.004,0.006,0.004,0.004,0.004,0.004,0.005,0.004,0.005,0.004,0.004,0.004,0.005,0.004,0.004,0.005,0.005,0.045,0.076,0.077,0.078,0.086,0.078,0.108,0.103,0.092,0.089,0.079,0.075,0.005,0.004,0.004,0.004,0.004,0.005,0.005,0.006,0.006,0.005,0.003,0.005,0.004,0.004,0.004,0.004,0.005,0.005,0.004,0.004,0.005,0.005,0.005,0.007,0.005,0.004,0.005,0.005,0.004,0.003,0.005,0.004,0.004,0.003,0.006,0.005,0.115,0.148,0.16,0.173,0.167,0.19,0.188,0.207,0.199,0.197,0.2,0.187,0.196,0.153,0.139,0.138,0.004,0.005,0.006,0.004,0.003,0.004,0.005,0.005,KOL-90000003
2020-05-02,0.005,0.005,0.003,0.005,0.005,0.004,0.003,0.004,0.003,0.005,0.005,0.005,0.004,0.004,0.004,0.005,0.004,0.004,0.004,0.005,0.005,0.004,0.006,0.004,0.042,0.055,0.073,0.075,0.1,0.089,0.097,0.124,0.083,0.079,0.067,0.084,0.005,0.007,0.004,0.004,0.004,0.004,0.006,0.005,0.003,0.005,0.004,0.003,0.006,0.004,0.005,0.004,0.003,0.005,0.006,0.004,0.004,0.005,0.005,0.005,0.005,0.004,0.004,0.005,0.003,0.005,0.004,0.004,0.005,0.005,0.004,0.004,0.123,0.119,0.159,0.192,0.187,0.203,0.189,0.202,0.213,0.217,0.195,0.188,0.185,0.157,0.15,0.116,0.005,0.005,0.005,0.006,0.004,0.005,0.005,0.004,KOL-90000003
2020-05-03,0.005,0.004,0.005,0.004,0.006,0.005,0.004,0.005,0.005,0.005,0.004,0.005,0.007,0.004,0.006,0.005,0.004,0.005,0.004,0.005,0.004,0.005,0.005,0.004,0.034,0.069,0.07,0.075,0.112,0.089,0.088,0.082,0.098,0.088,0.068,0.061,0.004,0.004,0.004,0.005,0.005,0.005,0.004,0.004,0.003,0.005,0.004,0.004,0.004,0.003,0.006,0.003,0.004,0.004,0.005,0.005,0.005,0.004,0.004,0.003,0.003,0.005,0.006,0.004,0.004,0.006,0.004,0.004,0.003,0.005,0.004,0.004,0.132,0.132,0.141,0.183,0.179,0.179,0.221,0.217,0.209,0.176,0.17,0.204,0.194,0.157,0.166,0.144,0.005,0.005,0.006,0.004,0.004,0.004,0.004,0.004,KOL-90000003
2020-05-04,0.004,0.005,0.005,0.004,0.004,0.005,0.003,0.004,0.002,0.004,0.005,0.005,0.006,0.004,0.004,0.004,0.005,0.004,0.004,0.004,0.004,0.006,0.004,0.005,0.062,0.07,0.081,0.084,0.089,0.088,0.094,0.09,0.079,0.081,0.075,0.077,0.005,0.004,0.004,0.004,0.004,0.004,0.004,0.003,0.002,0.004,0.006,0.006,0.004,0.005,0.004,0.005,0.006,0.004,0.003,0.004,0.006,0.005,0.005,0.003,0.003,0.004,0.004,0.006,0.006,0.004,0.004,0.005,0.005,0.004,0.003,0.004,0.127,0.136,0.145,0.16,0.195,0.199,0.223,0.185,0.214,0.235,0.172,0.205,0.181,0.169,0.164,0.148,0.004,0.004,0.006,0.004,0.004,0.005,0.005,0.004,KOL-90000003
2020-05-05,0.005,0.004,0.004,0.004,0.004,0.004,0.003,0.003,0.005,0.005,0.004,0.004,0.005,0.005,0.004,0.006,0.004,0.004,0.003,0.004,0.005,0.005,0.004,0.005,0.035,0.059,0.076,0.079,0.093,0.098,0.096,0.082,0.095,0.09,0.064,0.069,0.005,0.005,0.005,0.006,0.005,0.004,0.006,0.005,0.005,0.004,0.005,0.003,0.005,0.005,0.005,0.005,0.004,0.005,0.004,0.003,0.003,0.005,0.004,0.003,0.005,0.004,0.006,0.005,0.005,0.006,0.005,0.004,0.006,0.004,0.004,0.005,0.122,0.125,0.168,0.17,0.19,0.189,0.18,0.209,0.222,0.222,0.186,0.17,0.175,0.174,0.145,0.132,0.004,0.004,0.004,0.005,0.004,0.005,0.006,0.004,KOL-90000003
2020-05-06,0.005,0.004,0.004,,,,,,,,,,,,,0.006,0.003,0.005,0.004,0.005,0.004,0.005,0.005,0.005,0.058,0.05,0.067,0.081,0.078,0.102,0.082,0.086,0.09,0.085,0.073,0.051,0.004,0.006,0.004,0.004,0.005,0.003,0.004,0.004,0.003,0.003,0.007,0.004,0.004,0.005,0.005,0.004,0.004,0.005,0.003,0.004,0.003,0.004,0.004,0.005,0.004,0.005,0.005,0.007,0.004,0.005,0.005,0.005,0.006,0.006,0.003,0.004,0.125,0.148,0.155,0.166,0.171,0.182,0.199,0.187,0.211,0.204,0.209,0.172,0.193,0.163,0.166,0.156,0.004,0.004,0.005,0.005,0.006,0.004,0.004,0.006,KOL-90000003
2020-05-07,0.004,0.005,0.004,0.004,0.005,0.005,0.003,0.003,0.005,0.005,0.004,0.005,0.005,0.005,0.003,0.005,0.005,0.003,0.003,0.006,0.004,0.005,0.005,0.003,0.064,0.074,0.075,0.066,0.105,0.101,0.095,0.091,0.104,0.062,0.069,0.065,0.005,0.004,0.005,0.005,0.004,0.005,0.005,0.006,0.005,0.005,0.006,0.005,0.007,0.004,0.005,0.004,0.003,0.005,0.004,0.006,0.005,0.005,0.003,0.004,0.005,0.004,0.006,0.005,0.004,0.004,0.004,0.004,0.006,0.004,0.004,0.005,0.144,0.133,0.157,0.178,0.166,0.178,0.186,0.213,0.21,0.216,0.202,0.213,0.185,0.177,0.142,0.13,0.005,0.003,0.004,0.005,0.006,0.004,0.005,0.005,KOL-90000003
2020-05-08,0.005,0.004,0.005,0.004,0.005,0.005,0.004,0.004,0.005,0.005,,,,,,,,,0.006,0.006,0.005,0.004,0.004,0.004,0.056,0.06,0.077,0.079,0.105,0.093,0.096,0.109,0.107,0.082,0.076,0.05,0.004,0.004,0.003,0.004,0.006,0.004,0.004,0.005,0.004,0.004,0.004,0.005,0.005,0.004,0.005,0.003,0.005,0.005,0.005,0.005,0.005,0.004,0.004,0.005,0.006,0.005,0.004,0.006,0.005,0.005,0.005,0.007,0.006,0.004,0.005,0.003,0.126,0.14,0.16,0.159,0.172,0.196,0.186,0.206,0.206,0.227,0.18,0.229,0.198,0.177,0.144,0.121,0.004,0.005,0.005,0.004,0.004,0.005,0.004,0.004,KOL-90000003
2020-05-09,0.005,0.004,0.005,0.004,0.006,0.004,0.003,0.003,0.004,0.005,0.006,0.004,0.006,0.005,0.004,0.004,0.005,0.004,0.004,0.005,0.005,0.006,0.005,0.004,0.053,0.066,0.091,0.083,0.087,0.083,0.095,0.096,0.099,0.101,0.067,0.078,0.005,0.004,0.005,0.005,0.003,0.005,0.002,0.004,0.003,0.005,0.004,0.004,0.005,0.004,0.006,0.005,0.005,0.005,0.003,0.005,0.005,0.004,0.005,0.004,0.004,0.005,0.005,0.006,0.004,0.003,0.005,0.004,0.004,0.004,0.005,0.006,0.106,0.139,0.162,0.162,0.205,0.187,0.22,0.206,0.204,0.207,0.181,0.204,0.194,0.176,0.153,0.138,0.006,0.004,0.004,0.004,0.004,0.004,0.005,0.005,KOL-90000003
2020-05-10,0.005,0.005,0.006,0.003,0.004,0.004,0.006,0.003,0.005,0.003,0.004,0.004,0.005,0.005,0.004,0.005,0.004,0.005,0.006,0.005,0.004,0.005,0.006,0.004,0.071,0.064,0.082,0.098,0.11,0.104,0.082,0.114,0.101,0.082,0.078,0.072,0.004,0.003,0.005,0.004,0.004,0.004,0.003,0.005,0.003,0.004,0.004,0.005,0.005,0.005,0.005,0.003,0.005,0.004,0.005,0.004,0.004,0.003,0.005,0.004,0.004,0.004,0.004,0.005,0.005,0.006,0.004,0.005,0.005,0.006,0.005,0.004,0.127,0.139,0.157,0.168,0.186,0.19,0.187,0.208,0.202,0.226,0.172,0.179,0.159,0.173,0.177,0.178,0.004,0.004,0.005,0.005,0.003,0.005,0.004,0.004,KOL-90000003
2020-05-11,0.006,0.004,0.004,0.004,0.004,0.005,0.005,0.006,0.004,0.004,0.005,0.004,0.005,0.004,0.004,0.006,0.005,0.005,0.004,0.005,0.004,0.005,0.006,0.004,0.054,0.061,0.068,0.084,0.082,0.105,0.083,0.077,0.069,0.09,0.081,0.075,0.004,0.005,0.005,0.003,0.005,0.006,0.004,0.005,0.004,0.004,0.005,0.004,0.006,0.005,0.004,0.005,0.005,0.005,0.005,0.006,0.005,0.004,0.004,0.006,0.004,0.005,0.005,0.006,0.004,0.003,0.004,0.006,0.004,0.005,0.005,0.004,0.133,0.154,0.16,0.182,0.2,0.182,0.21,0.242,0.222,0.19,0.209,0.209,0.197,0.157,0.174,0.158,0.006,0.005,0.006,0.004,0.003,0.004,0.005,0.005,KOL-90000003
2020-05-12,0.005,0.005,0.006,0.005,0.004,0.003,0.005,0.005,0.005,0.005,0.005,0.005,0.005,0.005,0.004,0.005,0.007,0.006,0.005,0.004,0.004,0.004,0.005,0.004,0.06,0.067,0.081,0.088,0.096,0.084,0.109,0.105,0.085,0.079,0.075,0.069,0.005,0.004,0.005,0.004,0.004,0.005,0.004,0.005,0.003,0.004,0.003,0.003,0.003,0.004,0.005,0.004,0.005,0.006,0.005,0.006,0.004,0.004,0.004,0.004,0.005,0.005,0.005,0.004,0.005,0.006,0.004,0.004,0.005,0.005,0.005,0.005,0.119,0.154,0.149,0.18,0.206,0.197,0.185,0.22,0.219,0.185,0.207,0.178,0.161,0.157,0.158,0.137,0.004,0.005,0.004,0.003,0.004,0.005,0.006,0.005,KOL-90000003
2020-05-13,0.003,0.005,0.005,0.005,0.003,0.004,0.004,0.004,0.004,0.006,0.005,0.006,0.005,0.004,0.005,0.005,0.005,0.004,0.004,0.004,0.004,0.004,0.005,0.006,0.068,0.067,0.075,0.088,0.092,0.09,0.086,0.096,0.074,0.1,0.072,0.069,0.004,0.005,0.003,0.004,0.005,0.003,0.007,0.004,0.004,0.004,0.005,0.003,0.005,0.004,0.004,0.003,0.006,0.005,0.005,0.004,0.003,0.006,0.003,0.004,0.004,0.004,0.006,0.004,0.004,0.004,0.005,0.004,0.004,0.003,0.003,0.004,0.136,0.128,0.151,0.157,0.196,0.185,0.213,0.19,0.21,0.193,0.204,0.195,0.179,0.174,0.155,0.129,0.005,0.005,0.004,0.005,0.006,0.004,0.004,0.004,KOL-90000003
2020-05-14,0.004,0.005,0.005,0.004,0.005,0.004,0.004,0.003,0.004,0.005,0.004,0.006,0.005,0.006,0.006,0.005,0.003,0.004,0.004,0.004,0.005,0.004,0.003,0.005,0.051,0.065,0.072,0.079,0.088,0.084,0.094,0.089,0.094,0.066,0.086,0.067,0.004,0.004,0.004,0.004,0.005,0.005,0.006,0.005,0.005,0.004,0.004,0.004,0.003,0.004,0.004,0.004,0.006,0.005,0.004,0.004,0.005,0.005,0.005,0.005,0.005,0.004,0.005,0.005,0.004,0.004,0.005,0.005,0.004,0.004,0.005,0.004,0.126,0.132,0.168,0.155,0.189,0.156,0.219,0.206,0.227,0.217,0.196,0.178,0.167,0.136,0.16,0.156,0.004,0.004,0.005,0.005,0.005,0.005,0.005,0.005,KOL-90000003
2020-05-15,0.005,0.004,0.004,0.003,0.004,0.004,0.005,0.003,0.006,0.003,0.004,0.004,0.004,0.004,0.004,0.006,0.004,0.003,0.003,0.004,0.005,0.002,0.003,0.004,0.052,0.052,0.072,0.087,0.098,0.063,0.096,0.091,0.101,0.076,0.081,0.064,0.004,0.005,0.003,0.004,0.006,0.006,0.003,0.004,0.004,0.005,0.005,0.006,0.005,0.004,0.006,0.004,0.004,0.004,0.005,0.006,0.004,0.004,0.004,0.004,0.005,0.005,0.005,0.005,0.006,0.005,0.005,0.004,0.004,0.005,0.005,0.004,0.122,0.111,0.17,0.174,0.165,0.187,0.158,0.173,0.191,0.202,0.192,0.164,0.184,0.17,0.169,0.127,0.006,0.004,0.005,0.004,0.003,0.005,0.004,0.005,KOL-90000003
2020-05-16,0.005,0.005,0.005,0.004,0.005,0.005,0.005,0.005,0.004,0.006,0.005,0.003,0.004,0.004,0.003,0.005,0.006,0.004,0.003,0.005,0.005,0.004,0.004,0.005,0.056,0.071,0.078,0.077,0.084,0.064,0.103,0.088,0.101,0.07,0.064,0.071,0.004,0.005,0.005,0.006,0.005,0.003,0.004,0.004,0.005,0.003,0.005,0.005,0.004,0.004,0.004,0.004,0.005,0.004,0.005,0.006,0.006,0.003,0.003,0.005,0.004,0.004,0.005,0.004,0.005,0.003,0.006,0.005,0.005,0.004,0.003,0.004,0.122,0.14,0.152,0.171,0.198,0.189,0.185,0.216,0.23,0.19,0.215,0.164,0.17,0.165,0.14,0.146,0.005,0.005,0.005,0.004,0.004,0.006,0.002,0.007,KOL-90000003
2020-05-17,0.004,0.005,0.005,0.005,0.004,0.005,0.003,0.005,0.005,0.004,0.004,0.004,0.004,0.004,0.004,0.004,0.005,0.005,0.004,0.005,0.004,0.005,0.004,0.005,0.045,0.057,0.074,0.088,0.095,0.091,0.095,0.087,0.086,0.094,0.083,0.062,0.005,0.004,0.004,0.004,0.006,0.004,0.006,0.004,0.006,0.005,0.004,0.004,0.004,0.005,0.003,0.004,0.006,0.004,0.004,0.005,0.003,0.005,0.004,0.004,0.004,0.004,0.005,0.004,0.003,0.005,0.004,0.006,0.007,0.004,0.006,0.004,0.148,0.155,0.148,0.14,0.18,0.179,0.212,0.217,0.202,0.192,0.194,0.192,0.176,0.179,0.141,0.116,0.005,0.005,0.004,0.004,0.004,0.005,0.005,0.002,KOL-90000003
2020-05-18,0.003,0.004,0.004,0.004,0.003,0.005,0.005,0.004,0.004,0.005,0.005,0.006,0.003,0.004,0.004,0.004,0.003,0.005,0.005,0.004,0.006,0.003,0.003,0.005,0.052,0.066,0.067,0.09,0.104,0.074,0.089,0.085,0.083,0.078,0.068,0.068,0.004,0.003,0.004,0.005,0.002,0.003,0.005,0.006,0.004,0.004,0.006,0.002,0.004,0.004,0.005,0.003,0.005,0.004,0.004,0.006,0.004,0.005,0.004,0.004,0.005,0.004,0.004,0.003,0.005,0.004,0.003,0.004,0.003,0.005,0.006,0.003,0.127,0.146,0.132,0.194,0.159,0.188,0.175,0.192,0.207,0.2,0.195,0.164,0.188,0.174,0.16,0.139,0.005,0.005,0.006,0.005,0.004,0.005,0.005,0.005,KOL-90000003
2020-05-19,0.004,0.005,0.005,0.004,0.004,0.004,0.005,0.004,0.004,0.005,0.005,0.005,0.004,0.004,0.005,0.004,0.004,0.005,0.005,0.004,0.005,0.006,0.005,0.006,0.046,0.083,0.071,0.061,0.092,0.094,0.096,0.091,0.091,0.087,0.085,0.044,0.004,0.006,0.003,0.004,0.004,0.005,0.004,0.004,0.003,0.004,0.005,0.004,0.006,0.005,0.003,0.006,,,,,,,,,0.006,0.005,0.005,0.004,0.005,0.005,0.006,0.003,0.003,0.005,0.005,0.004,0.102,0.119,0.138,0.203,0.195,0.166,0.197,0.168,0.193,0.225,0.191,0.184,0.168,0.164,0.157,0.135,0.004,0.005,0.005,0.005,0.003,0.005,0.005,0.005,KOL-90000003
2020-05-20,0.005,0.005,0.004,0.004,0.004,0.006,0.003,0.004,0.003,0.003,0.006,0.004,0.004,0.005,0.004,0.004,0.006,0.004,0.004,0.003,0.005,0.006,0.004,0.005,0.038,0.044,0.067,0.081,0.097,0.087,0.095,0.088,0.108,0.081,0.089,0.063,0.004,0.004,0.005,0.006,0.003,0.004,0.005,0.004,0.005,0.005,0.004,0.005,0.003,0.005,0.004,0.005,0.005,0.004,0.003,0.006,0.005,0.004,0.005,0.005,0.003,0.003,0.005,0.004,0.004,0.004,0.004,0.004,0.006,0.004,0.004,0.006,0.133,0.138,0.13,0.205,0.174,0.205,0.201,0.184,0.207,0.216,0.165,0.216,0.193,0.186,0.174,0.133,0.006,0.004,0.003,0.005,0.004,0.005,0.005,0.004,KOL-90000003
2020-05-21,0.004,0.004,0.004,0.005,0.004,0.003,0.004,0.004,0.003,0.003,0.005,0.005,0.003,0.005,0.004,0.006,0.005,0.006,0.004,0.003,0.006,0.004,0.006,0.003,0.06,0.07,0.095,0.082,0.07,0.087,0.099,0.089,0.056,0.082,0.075,0.059,0.005,0.004,0.004,0.004,0.004,0.004,0.006,0.004,0.006,0.004,0.006,0.006,0.004,0.006,0.004,0.005,0.005,0.005,0.004,0.005,0.004,0.005,0.003,0.005,0.005,0.004,0.004,0.005,0.005,0.005,0.005,0.007,0.003,0.002,0.005,0.005,0.117,0.121,0.148,0.167,0.186,0.186,0.189,0.188,0.236,0.216,0.22,0.204,0.164,0.16,0.124,0.126,0.004,0.005,0.004,0.005,0.004,0.004,0.004,0.005,KOL-90000003
2020-05-22,0.005,0.005,0.005,0.005,0.003,0.004,0.004,0.004,0.003,0.004,0.005,0.004,0.005,0.006,0.004,0.004,0.005,0.004,0.005,0.005,0.005,0.004,0.006,0.005,0.057,0.074,0.085,0.077,0.093,0.086,0.096,0.092,0.081,0.09,0.075,0.081,0.004,0.003,0.006,0.005,0.004,0.005,0.004,0.004,0.004,0.003,0.005,0.005,0.003,0.003,0.004,0.006,0.005,0.004,0.003,0.004,0.005,0.005,0.005,0.004,0.004,0.004,0.005,0.003,0.005,0.006,0.004,0.004,0.004,0.004,0.004,0.005,0.144,0.126,0.132,0.142,0.162,0.174,0.2,0.188,0.217,0.2,0.199,0.172,0.173,0.164,0.152,0.127,0.005,0.004,0.004,0.004,0.004,0.004,0.004,0.005,KOL-90000003
2020-05-23,0.004,0.004,0.005,0.005,0.006,0.004,0.004,0.006,0.005,0.005,0.004,0.004,0.004,0.005,0.006,0.004,0.005,0.006,0.005,0.004,0.006,0.006,0.004,0.004,0.053,0.054,0.074,0.092,0.082,0.098,0.112,0.085,0.094,0.078,0.07,0.062,0.005,0.006,0.005,0.003,0.005,0.004,0.005,0.005,0.005,0.005,0.005,0.006,0.004,0.005,0.005,0.005,0.003,0.004,0.004,0.005,0.005,0.004,0.005,0.004,0.003,0.005,0.005,0.004,0.005,0.004,0.004,0.004,0.006,0.004,0.002,0.004,0.133,0.14,0.173,0.178,0.211,0.189,0.179,0.199,0.215,0.213,0.202,0.185,0.2,0.157,0.14,0.143,0.006,0.005,0.005,0.003,0.005,0.004,0.005,0.004,KOL-90000003
2020-05-24,0.003,0.005,0.003,0.005,0.003,0.005,0.004,0.004,0.006,0.004,0.004,0.004,0.004,0.004,0.005,0.006,0.005,0.005,0.005,0.005,0.004,0.004,0.004,0.005,0.06,0.059,0.079,0.097,0.085,0.084,0.092,0.076,0.084,0.078,0.085,0.074,0.004,0.006,0.004,0.005,0.005,0.003,0.004,0.003,0.003,0.005,0.005,0.004,0.005,0.004,0.004,0.004,0.005,0.004,0.005,0.003,0.005,0.003,0.005,0.004,0.006,0.006,0.006,0.005,0.004,0.004,0.007,0.004,0.004,0.005,0.006,0.004,0.113,0.151,0.163,0.18,0.161,0.204,0.222,0.231,0.211,0.203,0.206,0.189,0.175,0.178,0.175,0.138,0.003,0.005,0.005,0.006,0.005,0.004,0.004,0.003,KOL-90000003
2020-05-25,0.003,0.004,0.005,0.005,0.005,0.005,0.004,0.006,0.006,0.005,0.004,0.005,0.004,0.004,0.005,0.004,0.005,0.004,0.004,0.004,0.004,0.005,0.004,0.004,0.068,0.047,0.076,0.081,0.087,0.092,0.084,0.115,0.032,0.03,0.022,0.025,0.171,0.236,0.16,0.175,0.182,0.167,0.175,0.002,0.003,0.0,0.008,0.021,0.0,0.013,0.0,0.012,0.0,0.008,0.0,0.0,0.0,0.0,0.009,0.033,0.006,0.018,0.0,0.011,0.003,0.005,0.005,0.005,0.004,0.004,0.004,0.004,0.134,0.141,0.133,0.144,0.179,0.184,0.197,0.212,0.204,0.237,0.199,0.179,0.183,0.153,0.135,0.146,0.004,0.004,0.004,0.006,0.004,0.004,0.004,0.004,KOL-90000003
2020-05-26,0.005,0.004,0.005,0.005,0.005,0.006,0.005,0.005,0.003,0.005,0.004,0.005,0.003,0.004,0.003,0.004,0.004,0.004,,,,,,,,0.072,0.075,0.061,0.082,0.101,0.078,0.094,0.022,0.015,0.01,0.023,0.004,0.0,0.009,0.0,0.024,0.01,0.0,0.007,0.025,0.0,0.018,0.004,0.026,0.0,0.0,0.0,0.004,0.0,0.0,0.0,0.0,0.037,0.0,0.0,0.004,0.0,0.024,0.018,0.005,0.005,0.003,0.003,0.005,0.004,0.004,0.003,0.125,0.119,0.161,0.171,0.201,0.216,0.218,0.209,0.218,0.171,0.206,0.207,0.191,0.177,0.159,0.149,0.004,0.005,0.005,0.005,0.005,0.005,0.005,0.004,KOL-90000003
2020-05-27,0.006,0.003,0.004,0.005,0.005,0.005,0.004,0.006,0.005,0.003,0.004,0.005,0.005,0.005,0.004,0.004,0.003,0.004,0.004,0.004,0.006,0.004,0.005,0.005,0.042,0.073,0.078,0.107,0.087,0.086,0.1,0.103,0.025,0.0,0.0,0.026,0.0,0.0,0.0,0.011,0.0,0.017,0.0,0.0,0.003,0.0,0.005,0.0,0.013,0.019,0.012,0.002,0.0,0.0,0.0,0.021,0.0,0.035,0.0,0.0,0.03,0.0,0.0,0.02,0.005,0.004,0.006,0.004,0.004,0.004,0.005,0.004,0.138,0.131,0.13,0.17,0.201,0.203,0.186,0.217,0.231,0.226,0.188,0.182,0.206,0.168,0.149,0.14,0.005,0.005,0.004,0.004,0.004,0.003,0.004,0.004,KOL-90000003
2020-05-28,0.004,0.004,0.004,0.004,0.004,0.004,0.003,0.005,0.005,0.005,0.004,0.005,0.005,0.006,0.003,0.004,0.006,0.005,0.005,0.005,0.005,0.005,0.004,0.005,0.065,0.075,0.075,0.071,0.098,0.098,0.101,0.085,0.039,0.008,0.0,0.012,0.0,0.022,0.0,0.013,0.017,0.039,0.0,0.006,0.0,0.0,0.009,0.0,0.001,0.0,0.0,0.012,0.007,0.008,0.005,0.004,0.0,0.008,0.013,0.0,0.002,0.0,0.005,0.013,0.004,0.003,0.004,0.004,0.005,0.005,0.004,0.005,0.107,0.172,0.153,0.166,0.175,0.188,0.195,0.22,0.218,0.205,0.231,0.193,0.166,0.148,0.173,0.125,0.004,0.005,0.004,0.003,0.005,0.005,0.005,0.006,KOL-90000003
2020-05-29,0.005,0.005,0.006,0.007,0.003,0.004,0.004,0.005,0.004,0.005,0.005,0.006,0.004,0.005,0.004,0.004,0.006,0.005,0.005,0.005,0.005,0.005,0.005,0.004,0.055,0.075,0.084,0.087,0.091,0.081,0.098,0.099,0.016,0.01,0.016,0.028,0.0,0.0,0.0,0.0,0.0,0.014,0.0,0.011,0.002,0.003,0.007,0.012,0.028,0.001,0.01,0.0,0.017,0.005,0.0,0.005,0.0,0.014,0.0,0.032,0.019,0.0,0.001,0.026,0.004,0.004,0.005,0.004,0.005,0.005,0.004,0.003,0.137,0.141,0.141,0.16,0.196,0.204,0.198,0.175,0.217,0.198,0.213,0.21,0.166,0.163,0.16,0.132,0.004,0.005,0.004,0.005,0.005,0.005,0.005,0.005,KOL-90000003
2020-05-30,0.007,0.005,0.005,0.004,0.004,0.005,0.005,0.004,0.005,0.005,0.003,0.004,0.003,0.006,0.006,0.006,0.005,0.004,0.003,0.004,0.003,0.004,0.005,0.005,0.061,0.076,0.074,0.076,0.093,0.092,0.088,0.099,0.023,0.008,0.007,0.045,0.017,0.007,0.008,0.0,0.013,0.003,0.012,0.022,0.0,0.0,0.005,0.009,0.004,0.0,0.0,0.0,0.0,0.004,0.0,0.0,0.012,0.0,0.014,0.001,0.006,0.0,0.003,0.008,0.004,0.004,0.005,0.006,0.004,0.005,0.005,0.004,0.141,0.112,0.16,0.173,0.194,0.196,0.205,0.217,0.225,0.195,0.182,0.188,0.168,0.172,0.158,0.152,0.003,0.004,0.005,0.003,0.005,0.006,0.005,0.005,KOL-90000003
2020-05-31,0.004,0.005,0.005,0.004,0.004,0.005,0.005,0.005,0.005,0.005,0.005,0.003,0.004,0.004,0.005,0.004,0.003,0.006,0.004,0.004,0.004,0.005,0.006,0.003,0.062,0.056,0.088,0.085,0.085,0.097,0.077,0.101,0.038,0.019,0.0,0.012,0.174,0.19,0.224,0.181,0.223,0.176,0.188,0.214,0.182,0.023,0.002,0.025,0.008,0.015,0.002,0.023,0.0,0.015,0.003,0.009,0.0,0.0,0.011,0.0,0.001,0.0,0.0,0.021,0.003,0.005,0.004,0.005,0.004,0.004,0.005,0.005,0.085,0.127,0.138,0.198,0.177,0.162,0.178,0.197,0.193,0.177,0.222,0.198,0.203,0.178,0.164,0.127,0.004,0.004,0.005,0.004,0.005,0.005,0.005,0.005,KOL-90000003
2020-06-01,0.004,0.004,0.004,0.005,0.005,0.005,0.005,0.007,0.002,0.006,0.005,0.004,0.005,0.006,0.004,0.003,0.003,0.005,0.003,0.003,0.005,0.005,0.004,0.005,0.053,0.074,0.06,0.088,0.093,0.107,0.094,0.106,0.029,0.02,0.0,0.009,0.006,0.0,0.004,0.0,0.0,0.001,0.0,0.0,0.208,0.176,0.18,0.205,0.168,0.216,0.15,0.001,0.0,0.01,0.0,0.012,0.0,0.029,0.0,0.005,0.001,0.003,0.003,0.0,0.004,0.005,0.005,0.005,0.005,0.004,0.005,0.004,0.127,0.147,0.124,0.169,0.175,0.221,0.179,0.208,0.2,0.2,0.191,0.22,0.189,0.212,0.157,0.111,0.005,0.005,0.004,0.004,0.005,0.004,0.004,0.003,KOL-90000003
2020-06-02,0.006,0.004,0.004,0.003,0.005,0.005,0.004,0.004,0.005,0.005,0.004,0.005,0.006,0.003,0.005,0.004,0.004,0.005,0.005,0.004,0.005,0.005,0.006,0.004,0.053,0.065,0.073,0.077,0.102,0.095,0.096,0.1,0.044,0.019,0.005,0.0,0.163,0.161,0.164,0.184,0.177,0.194,0.165,0.212,0.231,0.028,0.0,0.016,0.004,0.006,0.007,0.0,0.018,0.0,0.006,0.001,0.017,0.018,0.005,0.0,0.0,0.0,0.0,0.0,0.004,0.005,0.005,0.004,0.004,0.004,0.005,0.005,0.12,0.15,0.141,0.186,0.188,0.193,0.19,0.199,0.195,0.214,0.198,0.167,0.188,0.128,0.146,0.147,0.004,0.003,0.005,0.006,0.005,0.004,0.006,0.004,KOL-90000003
2020-06-03,0.003,0.004,0.005,0.005,0.005,0.006,0.006,0.003,0.005,0.004,0.004,0.006,0.004,0.005,0.005,0.005,0.005,0.005,0.004,0.004,0.006,0.004,0.004,0.004,0.051,0.057,0.07,0.072,0.082,0.079,0.102,0.084,0.008,0.032,0.018,0.001,0.0,0.007,0.01,0.016,0.0,0.014,0.0,0.0,0.194,0.167,0.183,0.19,0.166,0.213,0.166,0.201,0.041,0.002,0.027,0.019,0.02,0.0,0.02,0.006,0.0,0.008,0.0,0.008,0.003,0.004,0.005,0.005,0.005,0.002,0.005,0.004,0.135,0.102,0.156,0.179,0.179,0.16,0.201,0.205,0.179,0.207,0.155,0.175,0.187,0.177,0.161,0.132,0.005,0.005,0.005,0.003,0.003,0.004,0.004,0.006,KOL-90000003
2020-06-04,0.005,0.003,0.004,0.005,0.004,0.005,0.004,0.004,0.004,0.005,0.006,0.005,0.005,0.007,0.002,0.005,0.003,0.006,0.004,0.005,0.004,0.006,0.005,0.004,0.045,0.069,0.072,0.084,0.096,0.103,0.09,0.08,0.022,0.016,0.028,0.0,0.025,0.006,0.021,0.0,0.02,0.0,0.019,0.0,0.201,0.204,0.187,0.158,0.202,0.209,0.205,0.177,0.152,0.169,0.0,0.0,0.009,0.0,0.0,0.03,0.021,0.0,0.005,0.008,0.005,0.004,0.004,0.004,0.004,0.005,0.006,0.004,0.134,0.154,0.16,0.193,0.175,0.212,0.195,0.211,0.212,0.221,0.208,0.187,0.192,0.166,0.144,0.134,0.005,0.005,0.005,0.003,0.004,0.005,0.005,0.005,KOL-90000003
2020-06-05,0.004,0.005,0.005,0.003,0.004,0.005,0.003,0.005,0.005,0.005,0.004,0.005,0.004,0.004,0.004,0.004,0.005,0.005,0.006,0.005,0.005,0.005,0.006,0.004,0.057,0.07,0.057,0.081,0.085,0.097,0.08,0.112,0.034,0.056,0.014,0.006,0.013,0.017,0.01,0.0,0.0,0.0,0.027,0.0,0.168,0.202,0.183,0.175,0.212,0.231,0.163,0.175,0.209,0.008,0.0,0.019,0.001,0.013,0.004,0.003,0.0,0.0,0.0,0.011,0.003,0.005,0.006,0.005,0.005,0.004,0.004,0.004,0.12,0.145,0.154,0.176,0.193,0.184,0.206,0.182,0.207,0.207,0.214,0.17,0.167,0.156,0.154,0.16,0.004,0.004,0.005,0.004,0.005,0.004,0.004,0.006,KOL-90000003
2020-06-06,0.005,0.004,0.004,0.005,0.004,0.005,0.006,0.005,0.005,0.004,0.005,0.004,0.003,0.003,0.004,0.005,0.004,0.005,0.005,0.004,0.005,0.004,0.004,0.005,0.053,0.057,0.074,0.085,0.083,0.111,0.095,0.074,0.017,0.023,0.002,0.036,0.004,0.041,0.0,0.0,0.175,0.184,0.185,0.188,0.204,0.165,0.186,0.165,0.023,0.011,0.014,0.002,0.0,0.003,0.014,0.029,0.0,0.009,0.008,0.002,0.001,0.0,0.0,,,,,,,,,,0.148,0.152,0.126,0.146,0.184,0.184,0.222,0.186,0.214,0.198,0.221,0.2,0.2,0.17,0.156,0.143,0.005,0.005,0.004,0.005,0.004,0.005,0.003,0.004,KOL-90000003
2020-06-07,0.005,0.004,0.005,0.006,0.004,0.004,0.004,0.005,0.004,0.006,0.005,0.006,0.004,0.004,0.004,0.004,0.004,0.005,0.004,0.005,0.004,0.005,0.004,0.005,0.034,0.081,0.083,0.09,0.084,0.105,0.106,0.086,0.029,0.013,0.0,0.031,0.0,0.008,0.013,0.0,0.007,0.0,0.002,0.007,0.226,0.155,0.129,0.172,0.164,0.193,0.156,0.232,0.178,0.018,0.0,0.013,0.024,0.008,0.004,0.02,0.034,0.017,0.021,0.0,0.005,0.005,0.004,0.005,0.006,0.006,0.005,0.005,0.154,0.126,0.167,0.185,0.161,0.178,0.189,0.204,0.201,0.212,0.194,0.199,0.186,0.176,0.161,0.151,0.003,0.004,0.004,0.004,0.005,0.003,0.004,0.006,KOL-90000003
2020-06-08,0.005,0.004,0.004,0.005,0.003,0.004,0.004,0.004,0.004,0.005,0.002,0.005,0.004,0.004,0.004,0.005,0.004,0.005,0.006,0.004,0.003,0.006,0.004,0.005,0.053,0.059,0.064,0.097,0.087,0.091,0.091,0.102,0.013,0.045,0.034,0.0,0.001,0.013,0.0,0.0,0.0,0.0,0.005,0.0,0.0,0.0,0.0,0.003,0.005,0.0,0.007,0.0,0.014,0.0,0.013,0.019,0.0,0.0,0.0,0.0,0.001,0.0,0.025,0.003,0.003,0.006,0.005,0.004,0.004,0.006,0.005,0.004,0.131,0.128,0.138,0.173,0.182,0.153,0.186,0.21,0.214,0.191,0.22,0.197,0.188,0.166,0.165,0.147,0.003,0.004,0.004,0.004,0.005,0.006,0.005,0.004,KOL-90000003
2020-06-09,0.005,0.004,0.005,0.005,0.004,0.004,0.004,0.003,0.004,0.004,0.005,0.005,0.004,0.005,0.004,0.004,0.005,0.005,0.004,0.006,0.005,0.004,0.004,0.005,0.053,0.06,0.065,0.084,0.094,0.103,0.088,0.09,0.015,0.042,0.0,0.027,0.0,0.0,0.0,0.0,0.01,0.003,0.012,0.012,0.183,0.181,0.191,0.226,0.149,0.234,0.182,0.172,0.182,0.211,0.0,0.036,0.006,0.0,0.017,0.016,0.0,0.015,0.0,0.003,0.005,0.003,0.005,0.006,0.005,0.005,0.005,0.005,0.116,0.129,0.169,0.168,0.196,0.179,0.206,0.178,0.213,0.22,0.215,0.229,0.197,0.192,0.124,0.166,0.005,0.005,0.005,0.004,0.006,0.006,0.005,0.004,KOL-90000003
2020-06-10,0.005,0.006,0.004,0.005,0.005,0.004,0.005,0.005,0.005,0.004,0.005,0.004,0.003,0.005,0.004,0.005,0.004,0.004,0.006,0.005,0.004,0.005,0.004,0.004,0.04,0.068,0.07,0.073,0.102,0.08,0.101,0.097,0.0,0.009,0.031,0.003,0.014,0.007,0.0,0.013,0.018,0.013,0.002,0.0,0.0,0.0,0.0,0.0,0.006,0.008,0.042,0.0,0.013,0.0,0.006,0.0,0.008,0.017,0.002,0.029,0.0,0.0,0.008,0.0,0.004,0.005,0.005,0.004,0.004,0.004,0.004,0.005,0.122,0.134,0.143,0.154,0.183,0.203,0.222,0.219,0.213,0.192,0.205,0.196,0.178,0.172,0.165,0.122,0.005,0.004,0.004,0.004,0.005,0.004,0.004,0.005,KOL-90000003
2020-06-11,0.004,0.005,0.003,0.005,0.004,0.005,0.004,0.006,0.005,0.004,0.003,0.004,0.005,0.005,0.003,0.004,0.005,0.004,0.006,0.005,0.004,0.005,0.003,0.005,0.036,0.07,0.062,0.087,0.076,0.097,0.117,0.083,0.031,0.008,0.008,0.007,0.0,0.008,0.0,0.01,0.003,0.0,0.035,0.014,0.193,0.221,0.207,0.16,0.204,0.2,0.176,0.132,,0.0,0.0,0.0,0.012,0.0,0.002,0.001,0.0,0.01,0.022,0.002,0.005,0.004,0.004,0.004,0.005,0.004,0.003,0.004,0.14,0.134,0.143,0.145,0.18,0.201,0.206,0.237,0.208,0.204,0.187,0.202,0.18,0.188,0.139,0.144,0.005,0.005,0.004,0.005,0.004,0.004,0.005,0.005,KOL-90000003
2020-06-12,0.005,0.005,0.005,0.004,0.004,0.005,0.006,0.005,0.006,0.006,0.004,0.005,0.003,0.004,0.004,0.004,0.006,0.003,0.006,0.005,0.004,0.006,0.004,0.003,0.061,0.054,0.075,0.083,0.092,0.091,0.077,0.105,0.0,0.0,0.006,0.009,0.0,0.002,0.0,0.0,0.023,0.0,0.0,0.001,0.023,0.008,0.002,0.012,0.0,0.0,0.023,0.02,0.0,0.0,0.023,0.0,0.0,0.0,0.021,0.0,0.0,0.023,0.0,0.0,0.005,0.004,0.005,0.005,0.004,0.004,0.005,0.004,0.146,0.184,0.17,0.146,0.178,0.191,0.184,0.197,0.211,0.185,0.187,0.212,0.158,0.167,0.133,0.139,0.005,0.005,0.004,0.005,0.006,0.004,0.006,0.003,KOL-90000003
2020-06-13,0.004,0.004,0.005,0.004,0.005,0.005,0.006,0.004,0.005,0.003,0.004,0.003,0.005,0.004,0.003,0.006,0.003,0.005,0.005,0.005,0.005,0.004,0.005,0.004,0.067,0.076,0.086,0.078,0.107,0.077,0.104,0.104,0.011,0.014,0.034,0.001,0.0,0.0,0.018,0.0,0.001,0.0,0.009,0.028,0.019,0.0,0.0,0.0,0.01,0.012,0.03,0.004,0.0,0.007,0.006,0.0,0.0,0.0,0.011,0.012,0.0,0.015,0.0,0.006,0.005,0.004,0.003,0.003,0.005,0.004,0.004,0.005,0.116,0.16,0.142,0.168,0.136,0.191,0.194,0.211,0.192,0.194,0.179,0.205,0.195,0.165,0.171,0.158,0.004,0.004,0.004,0.005,0.004,0.005,0.005,0.005,KOL-90000003
2020-06-14,0.006,0.006,0.004,0.004,0.005,0.004,0.004,0.003,0.006,0.005,0.004,0.005,0.005,0.003,0.004,0.002,0.005,0.005,0.004,0.004,0.006,0.003,0.004,0.003,0.059,0.063,0.085,0.068,0.074,0.086,0.12,0.112,0.039,0.011,0.009,0.009,0.0,0.0,0.0,0.0,0.176,0.193,0.222,0.214,0.181,0.235,0.214,0.0,0.008,0.015,0.018,0.014,0.0,0.0,0.0,0.0,0.009,0.0,0.0,0.034,0.0,0.043,0.0,0.005,0.004,0.004,0.006,0.006,0.005,0.005,0.006,0.004,0.128,0.157,0.135,0.175,0.188,0.18,0.22,0.232,0.204,0.197,0.226,0.205,0.198,0.15,0.151,0.13,0.005,0.003,0.005,0.004,0.005,0.004,0.002,0.005,KOL-90000003
2020-06-15,0.006,0.004,0.005,0.005,0.005,0.005,0.005,0.004,0.004,0.004,0.004,0.005,0.004,0.003,0.005,0.005,0.006,0.005,0.005,0.004,0.005,0.005,0.004,0.005,0.074,0.08,0.083,0.074,0.068,0.121,0.085,0.09,0.024,0.026,0.0,0.006,0.005,0.0,0.021,0.003,0.008,0.0,0.015,0.0,0.0,0.013,0.0,0.0,0.018,0.023,0.0,0.002,0.013,0.0,0.012,0.0,0.02,0.008,0.001,0.008,0.018,0.004,0.0,0.012,0.005,0.003,0.005,0.005,0.004,0.005,0.004,0.005,0.131,0.161,0.162,0.165,0.194,0.165,0.205,0.186,0.19,0.191,0.204,0.19,0.195,0.2,0.131,0.138,0.004,0.004,0.003,0.003,0.005,0.005,0.004,0.006,KOL-90000003
2020-06-16,0.005,0.005,0.004,0.004,0.005,0.004,0.004,0.005,0.003,0.005,0.004,0.005,0.005,0.005,0.004,0.004,0.003,0.005,0.005,0.005,0.004,0.005,0.005,0.004,0.047,0.075,0.086,0.061,0.086,0.08,0.092,0.1,0.034,0.0,0.021,0.028,0.023,0.0,0.018,0.012,0.009,0.007,0.005,0.0,0.014,0.0,0.008,0.0,0.014,0.0,0.0,0.011,0.013,0.016,0.002,0.0,0.0,0.0,0.008,0.0,0.0,0.014,0.019,0.005,0.003,0.003,0.005,0.005,0.003,0.003,0.003,0.005,0.102,0.127,0.167,0.162,0.165,0.187,0.208,0.198,0.202,0.236,0.192,0.2,0.195,0.15,0.161,0.145,0.005,0.004,0.005,0.005,0.004,0.005,0.006,0.005,KOL-90000003
2020-06-17,0.005,0.004,0.004,0.003,0.003,0.004,0.004,0.006,0.005,0.004,0.005,0.005,0.004,0.005,0.004,0.004,0.004,0.004,0.005,0.005,0.004,0.004,0.004,0.004,0.039,0.062,0.058,0.081,0.096,0.104,0.103,0.104,0.041,0.004,0.009,0.022,0.006,0.0,0.004,0.018,0.028,0.0,0.0,0.026,0.196,0.184,0.174,0.213,0.22,0.171,0.191,0.186,0.216,0.0,0.007,0.007,0.002,0.019,0.0,0.023,0.007,0.0,0.0,0.0,0.005,0.004,0.004,0.006,0.005,0.005,0.005,0.005,0.15,0.108,0.128,0.163,0.178,0.201,0.209,0.207,0.182,0.184,0.202,0.203,0.164,0.164,0.155,0.136,0.005,0.004,0.004,0.004,0.003,0.006,0.005,0.004,KOL-90000003
2020-06-18,0.004,0.004,0.005,0.005,0.004,0.005,0.005,0.005,0.006,0.004,0.005,0.006,0.005,0.003,0.004,0.003,0.005,0.004,0.004,0.005,0.005,0.003,0.003,0.006,0.075,0.076,0.08,0.088,0.087,0.094,0.092,0.086,0.0,0.022,0.0,0.018,0.02,0.0,0.009,0.0,0.194,0.186,0.175,0.206,0.183,0.176,0.191,0.022,0.0,0.0,0.0,0.0,0.0,0.0,0.029,0.0,0.0,0.0,0.011,0.013,0.006,0.0,0.0,0.003,0.003,0.005,0.004,0.004,0.005,0.005,0.005,0.005,0.124,0.126,0.175,0.172,0.165,0.164,0.212,0.204,0.187,0.205,0.205,0.195,0.192,0.166,0.143,0.12,0.005,0.005,0.005,0.005,0.004,0.005,0.003,0.004,KOL-90000003
2020-06-19,0.007,0.004,0.003,0.003,0.004,0.003,0.006,0.006,0.004,0.005,0.004,0.005,0.005,0.004,0.005,0.005,0.006,0.004,0.006,0.004,0.005,0.005,0.005,0.004,0.054,0.066,0.078,0.102,0.113,0.089,0.1,0.099,0.033,0.003,0.009,0.035,0.001,0.0,0.031,0.0,0.0,0.013,0.0,0.003,0.0,0.0,0.011,0.0,0.0,0.0,0.0,0.0,0.0,0.015,0.0,0.01,0.0,0.0,0.015,0.002,0.0,0.032,0.01,0.0,0.005,0.005,0.004,0.005,0.005,0.004,0.004,0.004,0.127,0.122,0.155,0.174,0.191,0.174,0.217,0.212,0.22,0.188,0.212,0.174,0.18,0.17,0.14,0.156,0.006,0.003,0.005,0.004,0.004,0.004,0.004,0.006,KOL-90000003
2020-06-20,0.005,0.005,0.004,0.004,0.004,0.005,0.004,0.004,0.004,0.006,0.005,0.005,0.005,0.004,0.006,0.006,0.005,0.005,0.003,0.005,0.004,0.005,0.006,0.006,0.059,0.068,0.081,0.065,0.107,0.081,0.078,0.082,0.019,0.0,0.015,0.01,0.0,0.001,0.0,0.0,0.0,0.012,0.0,0.024,0.0,0.0,0.006,0.013,0.0,0.0,0.012,0.009,0.0,0.004,0.0,0.011,0.0,0.013,0.008,0.008,0.009,0.022,0.0,0.004,0.004,0.005,0.005,0.004,0.004,0.005,0.005,0.006,0.131,0.145,0.151,0.19,0.195,0.191,0.218,0.19,0.193,0.198,0.217,0.201,0.174,0.169,0.159,0.121,0.004,0.003,0.006,0.005,0.005,0.005,0.005,0.006,KOL-90000003
2020-06-21,0.005,0.005,0.005,0.004,0.006,0.004,0.005,0.005,0.005,0.005,0.004,0.004,0.004,0.004,0.005,0.004,0.005,0.005,0.004,0.005,0.005,0.005,0.005,0.005,0.043,0.071,0.077,0.097,0.094,0.096,0.094,0.095,0.017,0.018,0.036,0.0,0.186,0.224,0.178,0.195,0.164,0.195,0.02,0.019,0.002,0.022,0.006,0.0,0.007,0.0,0.0,0.0,0.002,0.008,0.0,0.008,0.0,0.0,0.025,0.0,0.0,0.0,0.0,0.0,0.005,0.005,0.005,0.005,0.003,0.005,0.004,0.004,0.108,0.125,0.172,0.146,0.2,0.177,0.214,0.21,0.202,0.194,0.196,0.192,0.183,0.182,0.146,0.13,0.006,0.005,0.006,0.004,0.004,0.005,0.005,0.003,KOL-90000003
2020-06-22,0.005,0.004,0.006,0.005,0.005,0.003,0.005,0.006,0.006,0.003,0.004,0.004,0.004,0.004,0.006,0.006,0.005,0.004,0.003,0.005,0.004,0.004,0.005,0.003,0.068,0.071,0.076,0.099,0.087,0.093,0.099,0.111,0.034,0.025,0.009,0.024,0.011,0.004,0.0,0.0,0.0,0.003,0.0,0.012,0.007,0.0,0.0,0.0,0.0,0.0,0.001,0.001,0.0,0.002,0.024,0.015,0.021,0.003,0.019,0.025,0.009,0.0,0.022,0.0,0.006,0.005,0.005,0.005,0.005,0.006,0.005,0.003,0.149,0.108,0.144,0.145,0.168,0.202,0.207,0.2,0.199,0.199,0.178,0.175,0.184,0.154,0.133,0.139,0.004,0.005,0.005,0.005,0.003,0.005,0.005,0.006,KOL-90000003
2020-06-23,0.004,0.005,0.004,0.005,0.004,0.004,0.005,0.006,0.004,0.003,0.004,0.004,0.004,0.005,0.006,0.004,0.005,0.005,0.005,0.006,0.004,0.004,0.004,0.004,0.067,0.071,0.074,0.078,0.088,0.107,0.109,0.09,0.018,0.021,0.004,0.045,0.02,0.018,0.008,0.0,0.0,0.014,0.0,0.0,0.145,0.188,0.174,0.225,0.198,0.197,0.0,0.003,0.014,0.022,0.0,0.002,0.0,0.002,0.0,0.0,0.0,0.0,0.0,0.016,0.005,0.004,0.004,0.004,0.004,0.005,0.004,0.005,0.148,0.135,0.135,0.165,0.169,0.183,0.216,0.2,0.217,0.199,0.183,0.186,0.165,0.183,0.179,0.135,0.005,0.006,0.004,0.005,0.004,0.005,0.005,0.004,KOL-90000003
2020-06-24,0.004,0.005,0.006,0.005,0.005,0.005,0.004,0.004,0.005,0.003,0.004,0.005,0.005,0.006,0.005,0.003,0.005,0.004,0.006,0.006,0.006,0.004,0.005,0.004,0.034,0.054,0.079,0.095,0.098,0.106,0.112,0.102,0.0,0.0,0.0,0.0,0.021,0.01,0.005,0.0,0.012,0.007,0.002,0.0,0.006,0.0,0.0,0.008,0.01,0.005,0.0,0.0,0.0,0.018,0.0,0.011,0.0,0.01,0.009,0.0,0.0,0.007,0.013,0.04,0.004,0.004,0.004,0.004,0.005,0.004,0.005,0.004,0.143,0.12,0.167,0.208,0.183,0.186,0.194,0.181,0.219,0.2,0.219,0.178,0.162,0.203,0.153,0.164,0.004,0.003,0.003,0.005,0.004,0.005,0.005,0.004,KOL-90000003
2020-06-25,0.004,0.005,0.005,0.005,0.005,0.005,0.005,0.005,0.005,0.003,0.004,0.004,0.005,0.005,0.004,0.004,0.006,0.005,0.005,0.005,0.005,0.005,0.005,0.004,0.064,0.073,0.08,0.07,0.093,0.096,0.105,0.094,0.025,0.009,0.015,0.022,0.014,0.003,0.012,0.0,0.0,0.0,0.013,0.013,0.003,0.03,0.042,0.0,0.0,0.012,0.005,0.0,0.0,0.0,0.0,0.019,0.003,0.019,0.037,0.013,0.001,0.0,0.0,0.0,0.005,0.005,0.005,0.004,0.005,0.005,0.005,0.005,0.153,0.155,0.163,0.177,0.195,0.196,0.196,0.22,0.178,0.212,0.214,0.2,0.181,0.165,0.129,0.148,0.004,0.005,0.004,0.003,0.005,0.005,0.003,0.004,KOL-90000003
2020-06-26,0.005,0.005,0.005,0.003,0.005,0.003,0.004,0.005,0.005,0.004,0.005,0.004,0.005,0.005,0.005,0.004,0.004,0.006,0.005,0.005,0.005,0.006,0.005,0.004,0.06,0.068,0.073,0.074,0.082,0.08,0.078,0.083,0.034,0.0,0.0,0.0,0.0,0.003,0.0,0.0,0.226,0.166,0.167,0.22,0.18,0.202,0.208,0.158,0.147,0.014,0.01,0.005,0.0,0.0,0.0,0.0,0.0,0.001,0.003,0.0,0.0,0.0,0.015,0.004,0.004,0.005,0.004,0.004,0.005,0.003,0.005,0.004,0.13,0.134,0.146,0.154,0.193,0.205,0.206,0.209,0.175,0.214,0.205,0.196,0.168,0.162,0.131,0.16,0.003,0.004,0.003,0.004,0.006,0.003,0.007,0.004,KOL-90000003
2020-06-27,0.004,0.004,0.004,0.003,0.005,0.006,0.004,0.006,0.004,0.006,0.004,0.004,0.003,0.004,0.006,0.004,0.005,0.005,0.004,0.005,0.005,0.006,0.005,0.004,0.054,0.058,0.068,0.076,0.082,0.1,0.084,0.1,0.012,0.023,0.0,0.032,0.0,0.023,0.004,0.0,0.003,0.0,0.009,0.002,0.016,0.0,0.007,0.0,0.0,0.0,0.001,0.005,0.016,0.001,0.0,0.0,0.0,0.0,0.011,0.004,0.016,0.004,0.0,0.029,0.003,0.004,0.004,0.004,0.004,0.004,0.005,0.005,0.128,0.171,0.157,0.162,0.167,0.182,0.185,0.195,0.196,0.208,0.198,0.191,0.168,0.184,0.132,0.135,0.005,0.007,0.006,0.005,0.005,0.004,0.005,0.004,KOL-90000003
