dates,00:00:00,00:15:00,00:30:00,00:45:00,01:00:00,01:15:00,01:30:00,01:45:00,02:00:00,02:15:00,02:30:00,02:45:00,03:00:00,03:15:00,03:30:00,03:45:00,04:00:00,04:15:00,04:30:00,04:45:00,05:00:00,05:15:00,05:30:00,05:45:00,06:00:00,06:15:00,06:30:00,06:45:00,07:00:00,07:15:00,07:30:00,07:45:00,08:00:00,08:15:00,08:30:00,08:45:00,09:00:00,09:15:00,09:30:00,09:45:00,10:00:00,10:15:00,10:30:00,10:45:00,11:00:00,11:15:00,11:30:00,11:45:00,12:00:00,12:15:00,12:30:00,12:45:00,13:00:00,13:15:00,13:30:00,13:45:00,14:00:00,14:15:00,14:30:00,14:45:00,15:00:00,15:15:00,15:30:00,15:45:00,16:00:00,16:15:00,16:30:00,16:45:00,17:00:00,17:15:00,17:30:00,17:45:00,18:00:00,18:15:00,18:30:00,18:45:00,19:00:00,19:15:00,19:30:00,19:45:00,20:00:00,20:15:00,20:30:00,20:45:00,21:00:00,21:15:00,21:30:00,21:45:00,22:00:00,22:15:00,22:30:00,22:45:00,23:00:00,23:15:00,23:30:00,23:45:00,device_id
2019-12-01,0.004,0.005,0.004,0.005,0.003,0.003,0.006,0.003,0.005,0.005,0.004,0.006,0.005,0.004,0.005,0.003,0.004,0.003,0.005,0.005,0.006,0.005,0.003,0.004,0.053,0.075,0.082,0.093,0.074,0.09,0.084,0.109,0.087,0.077,0.063,0.074,0.006,0.006,0.005,0.004,0.003,0.005,0.005,0.004,0.005,0.004,0.003,0.005,0.005,0.004,0.004,0.005,0.005,0.004,0.004,0.004,0.004,0.004,0.004,0.004,0.004,0.004,0.006,0.004,0.004,0.003,0.004,0.004,0.004,0.004,0.004,0.005,0.142,0.136,0.161,0.183,0.175,0.18,0.202,0.201,0.224,0.207,0.188,0.188,0.162,0.198,0.145,0.147,0.002,0.004,0.005,0.005,0.005,0.004,0.004,0.006,KOL-90000001
2019-12-02,0.005,0.003,0.005,0.005,0.004,0.003,0.003,0.004,0.004,0.005,0.005,0.005,0.004,0.005,0.005,0.006,0.006,0.004,0.005,0.005,0.005,0.004,0.005,0.005,0.06,0.076,0.067,0.096,0.089,0.105,0.087,0.093,0.083,0.081,0.071,0.054,0.005,0.005,0.004,0.005,0.005,0.004,0.005,0.004,0.004,0.005,0.006,0.004,0.005,0.003,0.006,0.004,0.004,0.004,0.006,0.005,0.005,0.004,0.005,0.005,0.002,0.004,0.005,0.005,0.006,0.005,0.004,0.002,0.006,0.004,0.006,0.007,0.113,0.114,0.151,0.155,0.214,0.159,0.185,0.184,0.18,0.211,0.198,0.183,0.176,0.157,0.144,0.156,0.005,0.004,0.004,0.005,0.003,0.004,0.003,0.005,KOL-90000001
2019-12-03,0.003,0.005,0.004,0.004,0.006,0.004,0.005,0.005,0.005,0.005,0.005,0.004,0.005,0.005,0.005,0.005,0.006,0.005,0.005,0.004,0.004,0.005,0.005,0.005,0.043,0.062,0.076,0.075,0.097,0.103,0.089,0.097,0.086,0.074,0.084,0.066,0.006,0.005,0.003,0.005,0.004,0.004,0.004,0.004,0.005,0.005,0.004,0.003,0.004,0.005,0.004,0.005,0.004,0.005,0.004,0.004,0.003,0.005,0.003,0.006,0.005,0.005,0.004,0.004,0.006,0.004,0.005,0.005,0.005,0.004,0.003,0.006,0.121,0.142,0.142,0.195,0.18,0.192,0.22,0.196,0.221,0.22,0.201,0.194,0.177,0.161,0.165,0.135,0.005,0.005,0.004,0.004,0.004,0.005,0.006,0.004,KOL-90000001
2019-12-04,0.004,0.004,0.003,0.004,0.006,0.003,0.005,0.004,0.005,0.004,0.004,0.005,0.005,0.007,0.004,0.004,0.003,0.005,0.003,0.005,0.003,0.005,0.005,0.004,0.064,0.061,0.068,0.07,0.076,0.082,0.103,0.084,0.088,0.077,0.067,0.058,0.004,0.006,0.005,0.005,0.004,0.004,0.005,0.004,0.004,0.005,0.005,0.005,0.005,0.005,0.005,0.004,0.003,0.004,0.005,0.004,0.005,0.005,0.006,0.004,0.004,0.005,0.006,0.005,0.003,0.005,0.005,0.003,0.004,0.006,0.006,0.003,0.146,0.14,0.173,0.178,0.183,0.182,0.209,0.192,0.197,0.198,0.178,0.171,0.198,0.152,0.155,0.156,0.005,0.004,0.004,0.005,0.004,0.004,0.005,0.005,KOL-90000001
2019-12-05,0.005,0.005,0.004,0.004,0.006,0.007,0.005,0.004,0.005,0.005,0.004,0.004,0.003,0.005,0.004,0.005,0.005,0.005,0.005,0.002,0.004,0.005,0.005,0.004,0.043,0.073,0.077,0.074,0.093,0.093,0.088,0.095,0.085,0.08,0.065,0.078,0.004,0.004,0.004,0.004,0.003,0.003,0.006,0.004,0.004,0.003,0.005,0.004,0.004,0.004,0.004,0.005,0.006,0.004,0.005,0.003,0.005,0.005,0.004,0.004,0.004,0.004,0.005,0.002,0.004,0.005,0.003,0.005,0.005,0.004,0.006,0.004,0.12,0.137,0.16,0.179,0.179,0.197,0.195,0.204,0.216,0.201,0.169,0.183,0.155,0.193,0.154,0.121,0.004,0.005,0.005,0.005,0.004,0.005,0.005,0.004,KOL-90000001
2019-12-06,0.005,0.004,0.005,0.003,0.005,0.005,0.004,0.005,0.005,0.006,0.004,0.005,0.003,0.004,0.004,0.005,0.005,0.004,0.005,0.005,0.004,0.005,0.004,0.004,0.044,0.082,0.061,0.077,0.109,0.108,0.097,0.083,0.063,0.081,0.083,0.076,0.004,0.005,0.005,0.005,0.004,0.005,0.003,0.003,0.005,0.005,0.005,0.005,0.004,0.005,0.005,0.004,0.005,0.005,0.002,0.004,0.005,0.005,0.003,0.006,0.005,0.005,0.004,0.004,0.004,0.005,0.005,0.004,0.005,0.004,0.003,0.005,0.127,0.167,0.152,0.182,0.192,0.179,0.195,0.198,0.197,0.207,0.19,0.181,0.169,0.17,0.151,0.153,0.004,0.006,0.006,0.005,0.004,0.005,0.005,0.005,KOL-90000001
2019-12-07,0.005,0.004,0.005,0.004,0.003,0.005,0.004,0.005,0.004,0.005,0.004,0.005,0.005,0.005,0.004,0.004,0.003,0.005,0.005,0.005,0.004,0.003,0.005,0.005,0.056,0.064,0.073,0.079,0.087,0.1,0.096,0.092,0.107,0.094,0.066,0.062,0.003,0.004,0.003,0.005,0.005,0.004,0.004,0.004,0.005,0.004,0.005,0.005,0.005,0.004,0.005,0.004,0.005,0.005,0.004,0.006,0.005,0.004,0.005,0.004,0.006,0.006,0.004,0.005,0.006,0.003,0.003,0.006,0.004,0.006,0.005,0.005,0.128,0.148,0.176,0.163,0.179,0.185,0.193,0.181,0.203,0.211,0.175,0.197,0.18,0.159,0.138,0.138,0.004,0.005,0.005,0.003,0.005,0.005,0.005,0.004,KOL-90000001
2019-12-08,0.004,0.007,0.004,0.004,0.004,0.006,0.004,0.005,0.006,0.004,0.003,0.005,0.004,0.005,0.004,0.005,0.005,0.005,0.005,0.005,0.004,0.003,0.003,0.004,0.047,0.04,0.087,0.067,0.095,0.105,0.107,0.086,0.097,0.073,0.079,0.061,0.005,0.004,0.004,0.005,0.005,0.006,0.003,0.004,0.005,0.005,0.004,0.004,0.005,0.005,0.004,0.005,0.006,0.006,0.005,0.004,0.003,0.003,0.005,0.005,0.003,0.003,0.003,0.004,0.005,0.005,0.005,0.005,0.005,0.005,0.004,0.005,0.142,0.108,0.164,0.144,0.189,0.199,0.202,0.185,0.203,0.206,0.18,0.167,0.154,0.176,0.183,0.141,0.005,0.005,0.003,0.003,0.005,0.004,0.005,0.003,KOL-90000001
2019-12-09,0.005,0.004,0.004,0.004,0.005,0.004,0.004,0.004,0.005,0.004,0.004,0.005,0.004,0.005,0.003,0.004,0.005,0.004,0.005,0.005,0.004,0.004,0.005,0.005,0.062,0.051,0.089,0.091,0.082,0.098,0.104,0.077,0.099,0.092,0.066,0.052,0.003,0.004,0.007,0.004,0.006,0.006,0.006,0.003,0.004,0.006,0.006,0.006,0.005,0.004,0.004,0.004,0.004,0.004,0.004,0.005,0.004,0.005,0.003,0.004,0.005,0.005,0.005,0.004,0.004,0.005,0.007,0.005,0.006,0.005,0.004,0.005,0.126,0.127,0.155,0.16,0.163,0.163,0.178,0.207,0.203,0.199,0.191,0.192,0.204,0.166,0.151,0.148,0.004,0.005,0.004,0.004,0.004,0.006,0.004,0.004,KOL-90000001
2019-12-10,0.003,0.004,0.005,0.006,0.004,0.005,0.005,0.004,0.004,0.005,0.003,0.004,0.005,0.005,0.006,0.004,0.004,0.004,0.004,0.003,0.006,0.004,0.004,0.005,0.058,0.05,0.07,0.079,0.092,0.094,0.105,0.093,0.089,0.098,0.081,0.066,0.004,0.004,0.004,0.004,0.004,0.005,0.005,0.004,0.004,0.005,0.004,0.003,0.006,0.004,0.004,0.004,0.004,0.004,0.005,0.004,0.004,0.005,0.005,0.004,0.005,0.006,0.004,0.004,0.005,0.003,0.004,0.004,0.004,0.003,0.005,0.005,0.131,0.154,0.175,0.157,0.203,0.175,0.214,0.196,0.203,0.198,0.194,0.173,0.192,0.187,0.166,0.135,0.004,0.005,0.006,0.005,0.003,0.004,0.003,0.003,KOL-90000001
2019-12-11,0.004,0.005,0.004,0.004,0.005,0.004,0.005,0.005,0.005,0.004,0.004,0.004,0.004,0.005,0.005,0.004,0.005,0.003,0.005,0.004,0.005,0.004,0.004,0.003,0.052,0.072,0.082,0.096,0.098,0.097,0.104,0.083,0.076,0.081,0.079,0.056,0.004,0.005,0.004,0.004,0.004,0.004,0.003,0.004,0.006,0.004,0.005,0.004,0.005,0.004,0.004,0.005,0.005,0.003,0.005,0.005,0.003,0.005,0.005,0.005,0.005,0.004,0.005,0.005,0.005,0.003,0.004,0.005,0.005,0.005,0.003,0.004,0.132,0.139,0.184,0.172,0.192,0.215,0.181,0.213,0.212,0.198,0.2,0.211,0.186,0.141,0.164,0.14,0.006,0.006,0.003,0.004,0.005,0.004,0.002,0.005,KOL-90000001
2019-12-12,0.004,0.005,0.003,0.005,0.004,0.005,0.005,0.004,0.005,0.004,0.004,0.005,0.005,0.004,0.004,0.004,0.004,0.003,0.004,0.004,0.004,0.005,0.004,0.005,0.048,0.065,0.062,0.097,0.082,0.119,0.086,0.095,0.101,0.082,0.085,0.067,0.003,0.004,0.006,0.004,0.006,0.005,0.005,0.004,0.003,0.004,0.004,0.005,0.004,0.004,0.005,0.004,0.005,0.005,0.003,0.004,0.006,0.006,0.004,0.004,0.003,0.004,0.005,0.004,0.005,0.005,0.004,0.006,0.005,0.005,0.004,0.005,0.118,0.138,0.156,0.196,0.182,0.199,0.175,0.213,0.192,0.221,0.177,0.183,0.168,0.174,0.169,0.126,0.004,0.003,0.006,0.004,0.005,0.004,0.004,0.005,KOL-90000001
2019-12-13,0.004,0.003,0.005,0.004,0.004,0.005,0.004,0.003,0.005,0.005,0.004,0.004,0.004,0.006,0.004,0.005,0.004,0.004,0.004,0.004,0.004,0.005,0.006,0.005,0.044,0.071,0.067,0.093,0.083,0.095,0.097,0.116,0.08,0.098,0.078,0.066,0.004,0.005,0.005,0.005,0.005,0.005,0.003,0.005,0.005,0.006,0.006,0.004,0.005,0.004,0.004,0.004,0.003,0.003,0.005,0.005,0.004,0.004,0.004,0.005,0.005,0.005,0.004,0.005,0.004,0.004,0.005,0.004,0.005,0.005,0.007,0.004,0.131,0.136,0.169,0.199,0.186,0.192,0.182,0.194,0.21,0.216,0.187,0.205,0.171,0.161,0.155,0.156,0.004,0.004,0.004,0.005,0.004,0.006,0.005,0.004,KOL-90000001
2019-12-14,0.004,0.004,0.004,0.004,0.005,0.005,0.004,0.004,0.005,0.005,0.004,0.005,0.005,0.003,0.004,0.004,0.003,0.006,0.003,0.006,0.005,0.005,0.003,0.004,0.04,0.065,0.05,0.094,0.083,0.092,0.087,0.101,0.079,0.058,0.073,0.082,0.004,0.004,0.005,0.004,0.006,0.005,0.005,0.005,0.004,0.005,0.005,0.005,0.005,0.005,0.005,0.005,0.005,0.004,0.005,0.006,0.005,0.003,0.005,0.006,0.005,0.005,0.004,0.004,0.004,0.004,0.005,0.005,0.003,0.004,0.005,0.004,0.128,0.141,0.16,0.15,0.157,0.209,0.21,0.171,0.204,0.188,0.172,0.207,0.192,0.172,0.166,0.143,0.005,0.005,0.003,0.005,0.004,0.005,0.004,0.005,KOL-90000001
2019-12-15,0.006,0.005,0.004,0.003,0.006,0.003,0.004,0.005,0.005,0.004,0.006,0.005,0.004,0.004,0.006,0.003,0.006,0.004,0.004,0.005,0.004,0.004,0.006,0.004,0.056,0.072,0.082,0.082,0.095,0.1,0.09,0.111,0.1,0.1,0.053,0.069,0.004,0.005,0.006,0.005,0.005,0.004,0.005,0.005,0.003,0.005,0.004,0.005,0.004,0.005,0.004,0.004,0.005,0.004,0.004,0.004,0.004,0.006,0.005,0.003,0.005,0.005,0.004,0.004,0.004,0.006,0.004,0.004,0.004,0.004,0.003,0.004,0.126,0.123,0.148,0.186,0.187,0.157,0.188,0.225,0.209,0.2,0.203,0.201,0.2,0.166,0.126,0.157,0.005,0.004,0.004,0.005,0.005,0.005,0.005,0.006,KOL-90000001
2019-12-16,0.003,0.003,0.003,0.005,0.006,0.004,0.003,0.005,0.004,0.004,0.005,0.004,0.005,0.004,0.005,0.004,0.005,0.005,0.004,0.004,0.004,0.004,0.005,0.003,0.044,0.058,0.078,0.089,0.093,0.112,0.103,0.098,0.087,0.066,0.078,0.045,0.005,0.004,0.004,0.006,0.005,0.004,0.004,0.005,0.003,0.003,0.005,0.004,0.003,0.005,0.005,0.004,0.004,0.004,0.004,0.004,0.004,0.005,0.005,0.005,0.004,0.005,0.003,0.004,0.005,0.004,0.006,0.004,0.006,0.005,0.005,0.004,0.132,0.153,0.16,0.173,0.159,0.2,0.192,0.204,0.2,0.223,0.204,0.186,0.187,0.188,0.149,0.152,0.005,0.004,0.004,0.005,0.004,0.005,0.004,0.005,KOL-90000001
2019-12-17,0.004,0.002,0.005,0.004,0.006,0.004,0.002,0.004,0.005,0.004,0.005,0.005,0.005,0.004,0.005,0.004,0.004,0.005,0.004,0.004,0.004,0.004,0.005,0.004,0.055,0.055,0.079,0.093,0.087,0.088,0.095,0.083,0.08,0.061,0.065,0.069,0.004,0.005,0.004,0.004,0.005,0.003,0.005,0.005,0.005,0.004,0.005,0.005,0.005,0.005,0.005,0.006,0.004,0.005,0.004,0.003,0.005,0.004,0.005,0.004,0.003,0.005,0.005,0.005,0.004,0.004,0.004,0.004,0.005,0.005,0.004,0.003,0.129,0.135,0.149,0.154,0.172,0.183,0.203,0.21,0.218,0.213,0.212,0.162,0.183,0.18,0.142,0.149,0.004,0.005,0.005,0.005,0.005,0.005,0.003,0.004,KOL-90000001
2019-12-18,0.005,0.005,0.006,0.004,0.004,0.003,0.004,0.005,0.004,0.005,0.005,0.005,0.005,0.005,0.004,0.004,0.005,0.005,0.004,0.004,0.004,0.003,0.006,0.005,0.048,0.052,0.075,0.073,0.09,0.103,0.11,0.09,0.083,0.073,0.077,0.062,0.004,0.004,0.005,0.004,0.005,0.004,0.005,0.005,0.006,0.004,0.004,0.004,0.004,0.004,0.005,0.005,0.004,0.004,0.003,0.004,0.004,0.005,0.005,0.004,0.004,0.006,0.003,0.004,0.005,0.004,0.005,0.005,0.004,0.006,0.006,0.004,0.117,0.138,0.201,0.149,0.181,0.171,0.22,0.188,0.197,0.213,0.15,0.172,0.183,0.184,0.132,0.135,0.004,0.004,0.005,0.005,0.005,0.004,0.004,0.004,KOL-90000001
2019-12-19,0.003,0.005,0.004,0.004,0.005,0.006,0.004,0.005,0.006,0.005,0.004,0.004,0.005,0.005,0.005,0.003,0.006,0.005,0.005,0.006,0.003,0.004,0.004,0.004,0.065,0.063,0.068,0.061,0.1,0.09,0.094,0.095,0.088,0.081,0.064,0.06,0.005,0.006,0.005,0.004,0.005,0.004,0.004,0.005,0.004,0.004,0.005,0.005,0.005,0.004,0.006,0.005,0.005,0.004,0.004,0.004,0.004,0.006,0.005,0.004,0.005,0.003,0.004,0.004,0.005,0.004,0.004,0.005,0.004,0.006,0.004,0.004,0.116,0.141,0.126,0.164,0.166,0.23,0.169,0.231,0.211,0.204,0.21,0.136,0.19,0.173,0.152,0.15,0.005,0.005,0.004,0.004,0.005,0.005,0.005,0.004,KOL-90000001
2019-12-20,0.003,0.005,0.005,0.005,0.004,0.005,0.005,0.004,0.004,0.004,0.004,0.004,0.003,0.005,0.003,0.005,0.005,0.006,0.005,0.004,0.006,0.004,0.004,0.003,0.065,0.066,0.083,0.097,0.087,0.076,0.083,0.088,0.07,0.076,0.068,0.063,0.004,0.004,0.004,0.004,0.004,0.005,0.003,0.005,0.004,0.005,0.005,0.005,0.005,0.005,0.005,0.004,0.005,0.005,0.004,0.005,0.004,0.005,0.004,0.004,0.004,0.006,0.005,0.005,0.004,0.004,0.004,0.004,0.006,0.004,0.004,0.004,0.128,0.134,0.14,0.158,0.202,0.191,0.218,0.182,0.203,0.202,0.205,0.205,0.183,0.187,0.173,0.141,0.005,0.005,0.004,0.004,0.004,0.004,0.006,0.003,KOL-90000001
2019-12-21,0.007,0.005,0.005,0.003,0.003,0.005,0.004,0.005,0.004,0.005,0.004,0.003,0.005,0.004,0.005,0.004,0.005,0.003,0.005,0.005,0.004,0.004,0.003,0.005,0.042,0.062,0.075,0.078,0.091,0.084,0.082,0.1,0.093,0.067,0.062,0.069,0.005,0.006,0.005,0.003,0.006,0.006,0.004,0.005,0.003,0.005,0.004,0.004,0.005,0.003,0.003,0.005,0.004,0.005,0.004,0.004,0.004,0.004,0.004,0.004,0.004,0.005,0.006,0.004,0.005,0.005,0.004,0.005,0.004,0.005,0.006,0.005,0.126,0.155,0.177,0.147,0.171,0.17,0.183,0.21,0.216,0.196,0.238,0.198,0.168,0.18,0.155,0.134,0.005,0.004,0.005,0.005,0.004,0.004,0.005,0.005,KOL-90000001
2019-12-22,0.004,0.005,0.005,0.004,0.005,0.005,0.004,0.004,0.004,0.004,0.004,0.005,0.004,0.005,0.006,0.005,0.005,0.003,0.005,0.004,0.005,0.005,0.005,0.005,0.07,0.06,0.071,0.069,0.081,0.098,0.092,0.098,0.1,0.072,0.088,0.065,0.004,0.005,0.004,0.004,0.004,0.005,0.004,0.005,0.005,0.005,0.004,0.004,0.005,0.004,0.004,0.004,0.005,0.006,0.006,0.006,0.004,0.005,0.004,0.005,0.005,0.004,0.003,0.005,0.004,0.004,0.006,0.005,0.004,0.004,0.005,0.004,0.137,0.139,0.141,0.152,0.16,0.197,0.179,0.204,0.204,0.191,0.209,0.178,0.173,0.176,0.178,0.153,0.004,0.003,0.003,0.005,0.004,0.003,0.006,0.005,KOL-90000001
2019-12-23,0.005,0.004,0.004,0.004,0.004,0.005,0.005,0.004,0.004,0.004,0.003,0.004,0.004,0.003,0.003,0.004,0.005,0.005,0.005,0.003,0.004,0.005,0.005,0.005,0.065,0.067,0.101,0.072,0.088,0.102,0.094,0.091,0.085,0.079,0.082,0.056,0.004,0.004,0.005,0.004,0.004,0.003,0.005,0.006,0.003,0.005,0.003,0.005,0.004,0.005,0.005,0.004,0.004,0.003,0.004,0.003,0.005,0.004,0.004,0.004,0.005,0.002,0.005,0.004,0.003,0.005,0.005,0.004,0.006,0.006,0.005,0.004,0.157,0.118,0.152,0.171,0.181,0.205,0.202,0.206,0.189,0.177,0.191,0.17,0.187,0.179,0.136,0.117,0.005,0.004,0.005,0.004,0.004,0.006,0.004,0.005,KOL-90000001
2019-12-24,0.003,0.005,0.005,0.006,0.005,0.005,0.005,0.005,0.004,0.004,0.005,0.005,0.004,0.005,0.005,0.005,0.004,0.006,0.004,0.004,0.003,0.004,0.003,0.004,0.059,0.063,0.082,0.082,0.102,0.102,0.078,0.113,0.094,0.075,0.079,0.085,0.005,0.005,0.005,0.004,0.004,0.003,0.005,0.005,0.006,0.004,0.006,0.004,0.004,0.005,0.006,0.005,0.005,0.004,0.004,0.005,0.005,0.006,0.004,0.005,0.005,0.004,0.004,0.004,0.007,0.006,0.004,0.003,0.005,0.006,0.004,0.006,0.118,0.124,0.161,0.152,0.168,0.177,0.224,0.223,0.212,0.188,0.18,0.171,0.189,0.173,0.169,0.16,0.004,0.004,0.005,0.006,0.005,0.003,0.004,0.005,KOL-90000001
2019-12-25,0.005,0.005,0.004,0.004,0.005,0.005,0.004,0.005,0.004,0.004,0.005,0.003,0.004,0.004,0.005,0.005,0.004,0.005,0.004,0.004,0.005,0.004,0.005,0.005,0.06,0.052,0.075,0.089,0.067,0.082,0.109,0.092,0.074,0.095,0.065,0.054,0.006,0.005,0.005,0.005,0.006,0.005,0.004,0.005,0.003,0.006,0.005,0.004,0.005,0.006,0.005,0.004,0.005,0.005,0.004,0.004,0.006,0.004,0.005,0.005,0.004,0.006,0.004,0.005,0.005,0.005,0.004,0.004,0.005,0.003,0.004,0.004,0.136,0.163,0.173,0.159,0.192,0.224,0.2,0.207,0.182,0.217,0.192,0.221,0.223,0.186,0.14,0.146,0.005,0.004,0.003,0.005,0.006,0.004,0.004,0.004,KOL-90000001
2019-12-26,0.003,0.005,0.005,0.004,0.005,0.004,0.005,0.005,0.004,,,,,,,0.005,0.006,0.003,0.004,0.007,0.005,0.007,0.005,0.004,0.05,0.052,0.091,0.085,0.077,0.086,0.088,0.101,0.106,0.097,0.091,0.069,0.005,0.005,0.006,0.004,0.004,0.006,0.005,0.004,0.004,0.004,0.005,0.003,0.006,0.004,0.005,0.005,0.004,0.005,0.003,0.004,0.003,0.004,0.005,0.005,0.005,0.004,0.004,0.004,0.004,0.005,0.005,0.005,0.004,0.004,0.006,0.005,0.143,0.133,0.157,0.165,0.16,0.179,0.187,0.179,0.2,0.199,0.2,0.175,0.184,0.167,0.149,0.16,0.007,0.005,0.005,0.004,0.004,0.004,0.004,0.005,KOL-90000001
2019-12-27,0.005,0.005,0.005,0.005,0.005,0.005,0.005,0.004,0.003,0.005,0.006,0.004,0.004,0.006,0.005,0.004,0.004,0.006,0.005,0.006,0.003,0.005,0.004,0.005,0.034,0.067,0.082,0.093,0.089,0.095,0.088,0.088,0.081,0.089,0.07,0.047,0.005,0.004,0.005,0.004,0.003,0.003,0.007,0.006,0.004,0.006,0.006,0.003,0.004,0.005,0.004,0.003,0.003,0.005,0.004,0.005,0.005,0.005,0.005,0.003,0.004,0.005,0.004,0.005,0.004,0.003,0.005,0.004,0.004,0.004,0.004,0.003,0.107,0.137,0.169,0.176,0.172,0.211,0.193,0.222,0.214,0.208,0.201,0.184,0.18,0.167,0.139,0.158,0.006,0.005,0.004,0.006,0.005,0.005,0.006,0.005,KOL-90000001
2019-12-28,0.006,0.004,0.004,0.004,0.003,0.005,0.004,0.005,0.004,0.005,0.005,0.005,0.004,0.004,0.005,0.004,0.005,0.005,0.005,0.004,0.005,0.003,0.005,0.005,0.054,0.08,0.076,0.079,0.096,0.092,0.095,0.086,0.076,0.091,0.05,0.08,0.005,0.005,0.003,0.005,0.005,0.004,0.003,0.005,0.004,0.005,0.006,0.005,0.004,0.004,0.005,0.005,0.004,0.004,0.004,,,,,,,0.006,0.004,0.004,0.005,0.005,0.005,0.004,0.005,0.005,0.005,0.005,0.129,0.12,0.149,0.154,0.177,0.212,0.206,0.194,0.222,0.198,0.195,0.218,0.171,0.182,0.163,0.13,0.005,0.006,0.005,0.004,0.006,0.004,0.005,0.004,KOL-90000001
2019-12-29,0.005,0.004,0.003,0.003,0.006,0.005,0.005,0.003,0.003,0.005,0.004,0.004,0.004,0.004,0.005,0.005,0.003,0.004,0.006,0.005,0.004,0.004,0.005,0.006,0.071,0.077,0.078,0.077,0.096,0.105,0.094,0.094,0.079,0.084,0.065,0.059,0.005,0.005,0.005,0.005,0.005,0.006,0.004,0.005,0.004,0.005,0.005,0.006,0.005,0.003,0.005,0.003,0.005,0.004,0.005,0.006,0.005,0.005,0.005,0.006,0.004,0.005,0.004,0.005,0.004,0.005,0.005,0.004,0.003,0.005,0.005,0.006,0.143,0.165,0.162,0.17,0.188,0.174,0.216,0.226,0.186,0.208,0.193,0.163,0.173,0.183,0.141,0.137,0.004,0.004,0.005,0.005,0.004,0.005,0.003,0.004,KOL-90000001
2019-12-30,0.004,0.004,0.004,0.004,0.004,0.003,0.005,0.006,0.003,0.005,0.005,0.004,0.006,0.004,0.003,0.003,0.004,0.005,0.003,0.005,0.003,0.004,0.004,0.005,0.045,0.061,0.048,0.095,0.088,0.093,0.106,0.094,0.083,0.075,0.079,0.083,0.004,0.004,0.004,0.004,0.006,0.003,0.004,0.004,0.005,0.004,0.004,0.004,0.004,0.004,0.005,0.004,0.004,0.004,0.005,0.006,0.004,0.004,0.003,0.005,0.004,0.006,0.005,0.003,0.003,0.004,0.004,0.005,0.005,0.006,0.004,0.004,0.127,0.125,0.177,0.175,0.171,0.204,0.185,0.23,0.194,0.212,0.202,0.203,0.18,0.161,0.148,0.157,0.005,0.004,0.004,0.004,0.005,0.005,0.005,0.003,KOL-90000001
2019-12-31,0.004,0.006,0.005,0.005,0.006,0.004,0.005,0.004,0.006,0.005,0.005,0.005,0.004,0.004,0.004,0.005,0.005,0.007,0.003,0.004,0.005,0.005,0.006,0.004,0.087,0.084,0.081,0.076,0.094,0.105,0.088,0.099,0.086,0.076,0.075,0.052,0.004,0.005,0.006,0.004,0.003,0.005,0.003,0.003,0.004,0.005,0.004,0.004,0.005,0.003,0.004,0.004,0.004,0.004,0.005,0.004,0.003,0.003,0.004,0.005,0.004,0.005,0.005,0.005,0.004,0.004,0.005,0.005,0.005,0.004,0.004,0.003,0.147,0.141,0.149,0.193,0.187,0.186,0.195,0.205,0.212,0.215,0.188,0.196,0.197,0.19,0.171,0.133,0.004,0.005,0.004,0.006,0.005,0.004,0.004,0.005,KOL-90000001
2020-01-01,0.005,0.004,0.003,0.005,0.006,0.005,0.005,0.004,0.004,0.005,0.004,0.005,0.007,0.005,0.004,0.003,0.003,0.006,0.004,0.004,0.005,0.004,0.003,0.004,0.043,0.064,0.062,0.085,0.079,0.089,0.103,0.115,0.088,0.086,0.073,0.062,0.004,0.005,0.005,0.005,0.004,0.005,0.004,0.005,0.005,0.006,0.005,0.004,0.005,0.005,0.004,0.005,0.004,0.005,0.005,0.006,0.003,0.004,0.004,0.003,0.004,0.005,0.004,0.005,0.004,0.006,0.005,0.004,0.005,0.004,0.005,0.005,0.116,0.15,0.132,0.175,0.184,0.188,0.184,0.205,0.197,0.219,0.189,0.214,0.187,0.154,0.158,0.116,0.005,0.005,0.005,0.005,0.004,0.004,0.005,0.005,KOL-90000001
2020-01-02,0.005,0.005,0.004,0.004,0.005,0.004,0.004,0.004,0.004,0.006,0.005,0.003,0.004,0.005,0.004,0.004,0.005,0.003,0.004,0.004,0.005,0.006,0.004,0.005,0.052,0.064,0.086,0.085,0.081,0.086,0.094,0.1,0.092,0.093,0.079,0.072,0.005,0.004,0.004,0.004,0.005,0.005,0.003,0.004,0.003,0.005,0.004,0.004,0.005,0.006,0.004,0.004,0.004,0.004,0.004,0.005,0.003,0.005,0.005,0.004,0.004,0.004,0.005,0.005,0.005,0.004,0.003,0.004,0.004,0.005,0.005,0.004,0.143,0.169,0.134,0.145,0.176,0.167,0.166,0.243,0.213,0.17,0.198,0.192,0.182,0.185,0.136,0.118,0.006,0.003,0.002,0.004,0.005,0.006,0.004,0.005,KOL-90000001
2020-01-03,0.004,0.003,0.005,0.004,0.004,0.005,0.005,0.003,0.004,0.004,0.005,0.006,0.006,0.004,0.004,0.003,0.006,0.004,0.006,0.003,0.003,0.004,0.004,0.004,0.045,0.056,0.081,0.076,0.069,0.096,0.101,0.091,0.09,0.067,0.075,0.066,0.005,0.005,0.005,0.004,0.003,0.005,0.004,0.005,0.004,0.004,0.003,0.004,0.005,0.005,0.005,0.005,0.004,0.005,0.004,0.004,0.005,0.004,0.004,0.004,0.004,0.005,0.005,0.004,0.004,0.005,0.004,0.005,0.004,0.006,0.004,0.006,0.119,0.15,0.148,0.134,0.194,0.179,0.192,0.183,0.176,0.208,0.201,0.202,0.177,0.158,0.185,0.121,0.004,0.004,0.005,0.004,0.005,0.004,0.005,0.005,KOL-90000001
2020-01-04,0.005,0.005,0.004,0.005,0.005,0.005,0.005,0.003,0.004,0.004,0.004,0.004,0.004,0.005,0.006,0.005,0.005,0.005,0.005,0.003,0.005,0.004,0.007,0.004,0.043,0.065,0.075,0.08,0.121,0.102,0.098,0.089,0.101,0.057,0.051,0.057,0.005,0.005,0.005,0.004,0.003,0.004,0.005,0.004,0.006,0.004,0.005,0.005,0.005,0.004,0.004,0.004,0.005,0.005,0.004,0.006,0.004,0.004,0.004,0.005,0.005,0.005,0.004,0.005,0.005,0.004,0.005,0.005,0.004,0.004,0.005,0.006,0.135,0.132,0.149,0.16,0.185,0.191,0.199,0.177,0.232,0.199,0.172,0.208,0.162,0.161,0.181,0.149,0.005,0.002,0.004,0.006,0.004,0.004,0.005,0.004,KOL-90000001
2020-01-05,0.005,0.004,0.004,0.005,0.003,0.006,0.006,0.003,0.005,0.005,0.003,0.006,0.005,0.004,0.004,0.005,0.004,0.005,0.006,0.004,0.006,0.005,0.004,0.005,0.054,0.054,0.062,0.084,0.099,0.083,0.089,0.097,0.092,0.072,0.069,0.081,0.005,0.006,0.002,0.004,0.004,0.004,0.005,0.006,0.004,0.005,0.002,0.004,0.003,0.005,0.006,0.004,0.005,0.005,0.006,0.004,0.004,0.005,0.004,0.005,0.005,0.006,0.003,0.006,0.004,0.004,0.004,0.006,0.002,0.002,0.004,0.005,0.147,0.14,0.182,0.169,0.2,0.191,0.195,0.211,0.193,0.185,0.171,0.171,0.164,0.157,0.173,0.149,0.005,0.004,0.003,0.005,0.004,0.005,0.003,0.003,KOL-90000001
2020-01-06,0.005,0.004,0.005,0.005,0.004,0.005,0.004,0.004,0.005,0.007,0.005,0.004,0.003,0.005,0.005,0.005,0.005,0.005,0.004,0.004,0.005,0.005,0.004,0.005,0.038,0.057,0.079,0.076,0.097,0.105,0.107,0.1,0.083,0.095,0.066,0.065,0.005,0.004,0.006,0.004,0.005,0.004,0.004,0.005,0.005,0.003,0.004,0.005,0.005,0.005,0.005,0.004,0.005,0.005,0.004,0.005,0.003,0.005,0.004,0.004,0.006,0.005,0.005,0.006,0.004,0.005,0.004,0.005,0.005,0.006,0.005,0.003,0.129,0.15,0.173,0.178,0.172,0.2,0.217,0.218,0.206,0.222,0.218,0.186,0.193,0.163,0.185,0.126,0.006,0.004,0.004,0.005,0.005,0.005,0.007,0.003,KOL-90000001
2020-01-07,0.004,0.004,0.004,0.005,0.004,0.004,0.004,0.006,0.005,0.006,0.005,0.003,0.005,0.003,0.004,0.004,0.005,0.002,0.005,0.005,0.005,0.004,0.004,0.003,0.049,0.06,0.082,0.068,0.098,0.107,0.119,0.09,0.104,0.085,0.082,0.07,0.004,0.003,0.004,0.003,0.005,0.003,0.005,0.005,0.005,0.005,0.006,0.005,0.004,0.004,0.005,0.004,0.005,0.005,0.007,0.003,0.005,0.004,0.004,0.005,0.005,0.004,0.004,0.003,0.004,0.005,0.004,0.004,0.004,0.004,0.004,0.004,0.121,0.143,0.165,0.175,0.15,0.223,0.184,0.214,0.184,0.212,0.177,0.213,0.193,0.169,0.166,0.133,0.005,0.004,0.003,0.004,0.005,0.004,0.005,0.004,KOL-90000001
2020-01-08,0.004,0.004,0.004,0.004,0.005,0.006,0.005,0.005,0.004,0.004,0.004,0.005,0.005,0.005,0.004,0.005,0.004,0.006,0.004,0.004,0.004,0.005,0.005,0.005,0.052,0.062,0.07,0.097,0.097,0.081,0.101,0.097,0.1,0.083,0.071,0.078,0.004,0.005,0.004,0.005,0.003,0.006,0.005,0.005,0.004,0.004,0.004,0.004,0.004,0.004,0.005,0.006,0.004,0.005,0.004,0.005,0.004,0.004,0.004,0.003,0.005,0.004,0.003,0.004,0.004,0.005,0.004,0.005,0.005,0.006,0.004,0.005,0.164,0.165,0.168,0.186,0.192,0.2,0.18,0.209,0.21,0.21,0.192,0.207,0.198,0.166,0.145,0.15,0.004,0.004,0.004,0.003,0.004,0.004,0.003,0.006,KOL-90000001
2020-01-09,0.003,0.006,0.004,0.004,0.004,0.005,,,,,,,,,,,,,,,0.005,0.004,0.005,0.005,0.05,0.053,0.077,0.097,0.101,0.081,0.087,0.082,0.066,0.08,0.083,0.071,0.005,0.005,0.005,0.005,0.006,0.007,0.004,0.004,0.004,0.003,0.004,0.004,0.005,0.005,0.005,0.004,0.004,0.005,0.004,0.004,0.004,0.005,0.005,0.005,0.003,0.004,0.004,0.005,0.005,0.004,0.005,0.006,0.005,0.003,0.004,0.005,0.106,0.149,0.171,0.152,0.186,0.204,0.213,0.224,0.196,0.209,0.193,0.24,0.216,0.174,0.13,0.156,0.004,0.004,0.003,0.004,0.006,0.005,0.003,0.004,KOL-90000001
2020-01-10,0.005,0.004,0.005,0.005,0.004,0.004,0.006,0.006,0.004,0.005,0.005,0.005,0.004,0.005,0.004,0.005,0.004,0.004,0.005,0.003,0.004,0.004,0.006,0.003,0.062,0.079,0.075,0.08,0.097,0.098,0.103,0.082,0.085,0.075,0.077,0.077,0.003,0.006,0.004,0.004,0.005,0.005,0.005,0.003,0.004,0.005,0.004,0.004,0.005,0.003,0.005,0.005,0.004,0.005,0.004,0.005,0.004,0.004,0.004,0.005,0.004,0.004,0.004,0.004,0.004,0.004,0.004,0.004,0.005,0.005,0.005,0.003,0.111,0.153,0.139,0.184,0.163,0.177,0.178,0.201,0.208,0.23,0.168,0.189,0.2,0.167,0.151,0.118,0.005,0.003,0.005,0.004,0.004,0.003,0.005,0.005,KOL-90000001
2020-01-11,0.003,0.005,0.004,0.005,0.005,0.005,0.004,0.005,0.005,0.004,0.005,0.005,0.005,0.005,0.004,0.003,0.004,0.005,0.006,0.004,0.004,0.005,0.004,0.005,0.059,0.072,0.094,0.079,0.095,0.106,0.091,0.101,0.089,0.079,0.066,0.054,0.005,0.005,0.005,0.004,0.004,0.004,0.005,0.005,0.005,0.005,0.005,0.005,0.005,0.003,0.004,0.004,0.003,0.004,0.006,0.005,0.004,0.006,0.003,0.005,0.004,0.005,0.005,0.003,0.005,0.004,0.004,0.005,0.004,0.003,0.004,0.006,0.122,0.134,0.155,0.178,0.179,0.202,0.203,0.214,0.196,0.202,0.217,0.183,0.198,0.181,0.14,0.14,0.003,0.004,0.005,0.003,0.005,0.005,0.003,0.003,KOL-90000001
2020-01-12,0.003,0.004,0.006,0.004,0.005,0.004,0.004,0.005,0.004,0.004,0.004,0.002,0.003,0.005,0.005,0.006,0.005,0.005,0.005,0.004,0.005,0.003,,,0.062,0.068,0.083,0.083,0.078,0.089,0.101,0.105,0.091,0.085,0.08,0.045,0.004,0.005,0.005,0.004,0.006,0.006,0.005,0.005,0.004,0.006,0.003,0.004,0.004,0.006,0.003,0.005,0.005,0.003,0.004,0.004,0.004,0.005,0.004,0.003,0.004,0.004,0.005,0.005,0.005,0.004,0.005,0.005,0.006,0.005,0.004,0.004,0.106,0.159,0.149,0.162,0.166,0.192,0.2,0.211,0.21,0.206,0.166,0.151,0.204,0.149,0.174,0.147,0.004,0.004,0.003,0.005,0.004,0.006,0.005,0.005,KOL-90000001
2020-01-13,0.003,0.004,0.004,0.005,0.006,0.004,0.005,0.002,0.002,0.003,0.006,0.005,0.005,0.004,0.005,0.004,0.004,0.003,0.005,0.005,0.004,0.005,0.005,0.004,0.047,0.097,0.07,0.087,0.079,0.09,0.107,0.095,0.101,0.078,0.081,0.072,0.005,0.006,0.003,0.005,0.006,0.005,0.005,0.006,0.005,0.004,0.004,0.005,0.004,0.005,0.004,0.005,0.004,0.004,0.005,0.005,0.004,0.005,0.006,0.005,0.005,0.004,0.003,0.005,0.005,0.006,0.005,0.005,0.005,0.004,0.004,0.005,0.15,0.115,0.136,0.154,0.218,0.196,0.193,0.199,0.205,0.194,0.204,0.203,0.19,0.193,0.134,0.134,0.004,0.005,0.006,0.004,0.004,0.005,0.005,0.005,KOL-90000001
2020-01-14,0.005,0.006,0.004,0.004,0.005,0.005,0.004,0.004,0.005,0.004,0.005,0.005,0.005,0.006,0.005,0.005,0.006,0.004,0.006,0.004,0.005,0.005,0.003,0.004,0.059,0.068,0.07,0.087,0.078,0.087,0.074,0.093,0.092,0.085,0.062,0.075,0.005,0.005,0.005,0.005,0.004,0.003,0.005,0.005,0.006,0.004,0.005,0.003,0.006,0.005,0.004,0.005,0.004,0.005,0.005,0.004,0.005,0.005,0.003,0.005,0.003,0.005,0.006,0.006,0.005,0.006,0.005,0.005,0.004,0.005,0.004,0.004,0.111,0.137,0.154,0.164,0.214,0.191,0.187,0.201,0.223,0.209,0.202,0.164,0.206,0.161,0.169,0.114,0.004,0.005,0.005,0.004,0.005,0.005,0.005,0.002,KOL-90000001
2020-01-15,0.003,0.005,0.004,0.004,0.005,0.004,0.004,0.006,0.004,0.005,0.005,0.004,0.004,0.005,0.004,0.006,0.004,0.005,0.004,0.005,0.005,0.005,0.004,0.005,0.058,0.048,0.073,0.066,0.104,0.098,0.082,0.075,0.088,0.086,0.069,0.062,0.006,0.004,0.004,0.005,0.005,0.005,0.004,0.004,0.004,0.005,0.003,0.004,0.005,0.005,0.006,0.006,0.005,0.004,0.005,0.003,0.005,0.004,0.004,0.005,0.004,0.004,0.004,0.004,0.004,0.005,0.004,0.005,0.005,0.004,0.007,0.005,0.121,0.135,0.15,0.154,0.172,0.191,0.21,0.222,0.197,0.212,0.188,0.168,0.18,0.187,0.126,0.13,0.005,0.006,0.005,0.005,0.005,0.004,0.005,0.005,KOL-90000001
2020-01-16,0.003,0.005,0.003,0.005,0.004,0.004,0.003,0.004,0.005,0.003,0.006,0.005,0.006,0.005,0.005,0.004,0.005,0.004,0.006,0.005,0.005,0.005,0.005,0.004,0.06,0.062,0.067,0.096,0.094,0.096,0.092,0.105,0.084,0.079,0.067,0.065,0.004,0.006,0.004,0.004,0.004,0.004,0.005,0.006,0.004,0.004,0.006,0.005,0.004,0.006,0.004,0.004,0.004,0.003,0.004,0.004,0.006,0.004,0.005,0.005,0.006,0.004,0.005,0.004,0.004,0.006,0.005,0.005,0.004,0.005,0.006,0.006,0.14,0.132,0.145,0.167,0.188,0.166,0.215,0.227,0.198,0.213,0.199,0.166,0.181,0.156,0.163,0.143,0.005,0.004,0.005,0.005,0.005,0.004,0.005,0.005,KOL-90000001
2020-01-17,0.006,0.005,0.003,0.005,0.004,0.005,0.004,0.005,0.004,0.005,0.005,0.004,0.005,0.005,0.005,0.003,0.005,0.006,0.003,0.005,0.005,0.005,0.005,0.004,0.058,0.066,0.059,0.084,0.092,0.089,0.106,0.077,0.08,0.092,0.092,0.063,0.004,0.006,0.005,0.005,0.004,0.006,0.004,0.004,0.004,0.004,0.005,0.004,0.005,0.004,0.004,0.003,0.004,0.004,0.003,0.004,0.004,0.005,0.006,0.005,0.006,0.004,0.004,0.004,0.005,0.004,0.005,0.004,0.004,0.006,0.005,0.005,0.111,0.138,0.137,0.151,0.196,0.19,0.216,0.221,0.226,0.196,0.208,0.191,0.198,0.172,0.157,0.144,0.005,0.004,0.005,0.005,0.004,0.004,0.004,0.004,KOL-90000001
2020-01-18,0.003,0.004,0.004,0.005,0.005,0.003,0.004,0.004,0.007,0.005,0.004,0.003,0.006,0.006,0.004,0.004,0.003,0.004,0.005,0.004,0.005,0.003,0.004,0.005,0.067,0.069,0.069,0.084,0.072,0.076,0.098,0.083,0.078,0.098,0.081,0.071,0.005,0.005,0.007,0.005,0.004,0.004,0.005,0.004,0.005,0.004,0.004,0.003,0.006,0.006,0.005,0.004,0.005,0.005,0.004,0.004,0.005,0.005,0.004,0.004,0.005,0.005,0.004,0.004,0.005,0.006,0.005,0.005,0.005,0.005,0.004,0.004,0.143,0.146,0.149,0.194,0.19,0.203,0.211,0.191,0.221,0.19,0.192,0.188,0.179,0.16,0.152,0.167,0.005,0.004,0.006,0.005,0.003,0.004,0.004,0.003,KOL-90000001
2020-01-19,0.004,0.004,0.005,0.004,0.004,0.004,0.005,0.004,0.004,0.004,0.004,0.006,0.005,0.005,0.004,0.006,0.004,0.005,0.005,0.004,0.004,0.004,0.005,0.005,0.051,0.066,0.063,0.084,0.083,0.09,0.087,0.084,0.09,0.079,0.078,0.048,0.005,0.004,0.005,0.005,0.004,0.004,0.006,0.004,0.006,0.004,0.004,0.004,0.004,0.004,0.005,0.005,0.005,0.005,0.005,0.004,0.005,0.003,0.004,0.005,0.003,0.004,0.004,0.004,0.006,0.006,0.004,0.004,0.005,0.004,0.006,0.006,0.144,0.125,0.14,0.161,0.19,0.198,0.176,0.188,0.196,0.183,0.198,0.189,0.199,0.145,0.14,0.137,0.003,0.005,0.004,0.003,0.004,0.004,0.004,0.005,KOL-90000001
2020-01-20,0.005,0.004,0.005,0.004,0.004,0.005,0.005,0.005,0.005,0.005,0.005,0.004,0.005,0.005,0.005,0.005,0.004,0.004,0.005,0.005,0.005,0.004,0.005,0.004,0.042,0.073,0.073,0.086,0.085,0.088,0.103,0.082,0.106,0.082,0.067,0.061,0.005,0.005,0.004,0.005,0.005,0.005,0.004,0.004,0.005,0.003,0.005,0.005,0.005,0.005,0.006,0.004,0.005,0.005,0.004,0.004,0.005,0.005,0.005,0.004,0.004,0.005,0.004,0.005,0.004,0.006,0.004,0.005,0.004,0.004,0.004,0.004,0.12,0.146,0.167,0.151,0.179,0.184,0.189,0.221,0.239,0.196,0.203,0.186,0.177,0.188,0.144,0.143,0.005,0.005,0.004,0.005,0.003,0.005,0.005,0.004,KOL-90000001
2020-01-21,0.005,0.004,0.004,0.005,0.003,0.005,0.004,0.003,0.004,0.005,0.003,0.004,0.004,0.005,0.006,0.003,0.005,0.006,0.005,0.004,0.003,0.004,0.004,0.005,0.055,0.059,0.074,0.086,0.065,0.101,0.092,0.1,0.092,0.087,0.074,0.068,0.005,0.005,0.004,0.004,0.005,0.004,0.005,0.005,0.003,0.006,0.005,0.003,0.004,0.005,0.006,0.005,0.005,0.005,0.004,0.005,0.004,0.005,0.003,0.004,0.004,0.004,0.005,0.005,0.005,0.005,0.004,0.005,0.004,0.004,0.004,0.005,0.134,0.124,0.152,0.161,0.189,0.177,0.225,0.206,0.186,0.2,0.207,0.194,0.194,0.132,0.135,0.148,0.004,0.004,0.005,0.004,0.006,0.004,0.005,0.006,KOL-90000001
2020-01-22,0.005,0.005,0.004,0.004,0.005,0.004,0.007,0.004,0.005,0.005,0.005,0.005,0.004,0.004,0.004,0.003,0.002,0.005,0.005,0.004,0.005,0.003,0.004,0.004,0.048,0.06,0.084,0.074,0.068,0.091,0.102,0.087,0.086,0.084,0.077,0.066,0.003,0.004,0.005,0.004,0.004,0.004,0.003,0.006,0.004,0.005,0.003,0.006,0.004,0.005,0.004,0.006,0.006,0.005,0.005,0.004,0.004,0.005,0.004,0.005,0.004,0.004,0.005,0.003,0.004,0.005,0.004,0.004,0.005,0.005,0.004,0.005,0.101,0.168,0.135,0.224,0.172,0.165,0.192,0.22,0.226,0.194,0.211,0.171,0.216,0.168,0.165,0.133,0.004,0.005,0.005,0.005,0.005,0.003,0.006,0.004,KOL-90000001
2020-01-23,0.005,0.004,0.005,0.004,0.005,0.005,0.005,0.005,0.005,0.006,0.005,0.004,0.005,0.005,0.004,0.004,0.006,0.005,0.002,0.004,0.005,0.004,0.004,0.004,0.046,0.06,0.079,0.079,0.093,0.111,0.092,0.082,0.091,0.08,0.074,0.075,0.005,0.004,0.004,0.005,0.004,0.005,0.005,0.005,,,,,,,,0.005,0.003,0.005,0.006,0.004,0.004,0.007,0.005,0.004,0.005,0.005,0.006,0.005,0.004,0.004,0.005,0.006,0.004,0.002,0.004,0.005,0.128,0.151,0.195,0.163,0.213,0.183,0.195,0.189,0.199,0.213,0.201,0.172,0.195,0.173,0.156,0.144,0.003,0.006,0.005,0.005,0.004,0.003,0.005,0.004,KOL-90000001
2020-01-24,0.005,0.006,0.004,0.004,0.005,0.004,0.004,0.005,0.005,0.004,0.005,0.005,0.004,0.004,0.004,0.004,0.004,0.005,0.004,0.005,0.004,0.005,0.005,0.005,0.058,0.064,0.084,0.101,0.089,0.093,0.103,0.091,0.091,0.086,0.07,0.06,0.005,0.004,0.004,0.004,0.004,0.003,0.005,0.004,0.005,0.006,0.005,0.004,0.005,0.006,0.005,0.004,0.004,0.005,0.003,0.004,0.004,0.005,0.006,0.004,0.004,0.004,0.004,0.005,0.003,0.005,0.006,0.004,0.005,0.003,0.004,0.004,0.094,0.141,0.181,0.175,0.188,0.22,0.189,0.193,0.206,0.186,0.211,0.193,0.185,0.164,0.149,0.144,0.004,0.004,0.005,0.005,0.005,0.005,0.005,0.004,KOL-90000001
2020-01-25,0.005,0.004,0.003,0.005,0.005,0.006,0.004,0.004,0.004,,,,,,,,,,,,,0.004,0.003,0.006,0.07,0.076,0.065,0.064,0.099,0.093,0.092,0.081,0.07,0.092,0.062,0.068,0.004,0.005,0.004,0.004,0.006,0.005,0.007,0.005,0.006,0.005,0.003,0.003,0.004,0.004,0.004,0.004,0.006,0.005,0.005,0.004,0.005,0.005,0.005,0.006,0.004,0.003,0.004,0.004,0.006,0.005,0.003,0.004,0.004,0.005,0.005,0.005,0.116,0.122,0.151,0.17,0.158,0.219,0.196,0.214,0.186,0.211,0.195,0.222,0.154,0.167,0.159,0.148,0.005,0.003,0.004,0.006,0.006,0.002,0.004,0.005,KOL-90000001
2020-01-26,0.004,0.005,0.004,0.003,0.006,0.004,0.004,0.004,0.005,0.005,0.005,0.005,0.005,0.006,0.005,0.005,0.005,0.005,0.004,0.002,0.005,0.005,0.004,0.006,0.061,0.049,0.071,0.083,0.077,0.109,0.082,0.097,0.095,0.074,0.077,0.069,0.006,0.005,0.003,0.003,0.005,0.005,0.006,0.005,0.004,0.005,0.004,0.005,0.005,0.005,0.006,0.003,0.004,0.004,0.004,0.004,0.006,0.006,0.004,0.005,0.004,0.003,0.004,0.003,0.004,0.005,0.005,0.004,0.004,0.006,0.006,0.005,0.136,0.177,0.136,0.166,0.177,0.191,0.199,0.194,0.212,0.223,0.214,0.237,0.182,0.156,0.148,0.152,0.005,0.003,0.005,0.005,0.004,0.006,0.005,0.005,KOL-90000001
2020-01-27,0.005,0.004,0.004,0.006,0.005,0.004,0.004,0.004,0.004,0.005,0.005,0.003,0.004,0.005,0.004,0.003,0.004,0.004,0.003,0.005,0.004,0.004,0.005,0.005,0.047,0.064,0.055,0.066,0.081,0.101,0.112,0.091,0.1,0.078,0.069,0.047,0.004,0.005,0.004,0.005,0.004,0.004,0.004,0.004,0.005,0.005,0.005,0.005,0.005,0.005,0.005,0.005,0.005,0.005,0.003,0.004,0.002,0.003,0.004,0.004,0.005,0.003,0.005,0.006,0.004,0.005,0.004,0.004,0.005,0.004,0.005,0.005,0.113,0.133,0.182,0.179,0.223,0.191,0.212,0.185,0.215,0.213,0.205,0.183,0.178,0.174,0.157,0.134,0.005,0.003,0.006,0.005,0.005,0.005,0.004,0.006,KOL-90000001
2020-01-28,0.006,0.004,0.005,0.005,0.004,0.004,0.005,0.006,0.004,0.005,0.005,0.005,0.004,0.004,0.005,0.007,0.006,0.004,0.005,0.004,0.003,0.004,0.005,0.005,0.058,0.076,0.076,0.083,0.089,0.114,0.086,0.086,0.079,0.075,0.059,0.071,0.005,0.005,0.004,0.006,0.005,0.004,0.006,0.005,0.003,0.005,0.004,0.005,0.004,0.004,0.004,0.006,0.005,0.003,0.006,0.004,0.004,0.005,0.006,0.005,0.006,0.004,0.005,0.005,0.005,0.005,0.004,0.004,0.005,0.003,0.005,0.004,0.094,0.145,0.148,0.185,0.197,0.168,0.197,0.199,0.221,0.174,0.194,0.189,0.194,0.167,0.14,0.159,0.004,0.006,0.004,0.004,0.005,0.004,0.004,0.003,KOL-90000001
2020-01-29,0.005,0.004,0.005,0.005,0.006,0.004,0.004,0.005,0.002,0.004,0.004,0.004,0.004,0.004,0.005,0.005,0.004,0.004,0.004,0.004,0.004,0.005,0.005,0.004,0.038,0.058,0.081,0.087,0.089,0.098,0.103,0.085,0.1,0.094,0.064,0.071,0.005,0.003,0.004,0.004,0.005,0.006,0.005,0.005,0.006,0.004,0.004,0.005,0.005,0.004,0.006,0.006,0.005,0.004,0.004,0.004,0.005,0.005,0.006,0.005,0.005,0.006,0.005,0.006,0.004,0.006,0.004,0.004,0.004,0.004,0.003,0.005,0.123,0.141,0.143,0.171,0.164,0.188,0.196,0.192,0.209,0.205,0.211,0.189,0.171,0.163,0.175,0.14,0.004,0.005,0.005,0.004,0.004,0.005,0.004,0.005,KOL-90000001
2020-01-30,0.006,0.005,0.005,0.003,0.005,0.005,0.005,0.005,0.004,0.004,0.004,0.003,0.005,0.004,0.004,0.005,0.005,0.006,0.005,0.005,0.004,0.005,0.004,0.006,0.05,0.057,0.08,0.073,0.089,0.075,0.098,0.106,0.081,0.079,0.062,0.086,0.004,0.004,0.004,0.004,0.004,0.004,0.005,0.004,0.003,0.003,0.005,0.004,0.004,0.004,0.005,0.005,0.005,0.006,0.005,0.005,0.004,0.004,0.004,0.004,0.004,0.005,0.007,0.004,0.005,0.005,0.004,0.005,0.005,0.005,0.005,0.004,0.145,0.136,0.154,0.151,0.215,0.204,0.198,0.233,0.197,0.199,0.206,0.189,0.205,0.181,0.178,0.134,0.003,0.004,0.005,0.005,0.004,0.006,0.007,0.006,KOL-90000001
2020-01-31,0.005,0.006,0.004,0.005,0.005,0.004,0.004,0.004,0.006,0.004,0.005,0.005,0.005,0.004,0.005,0.005,0.006,0.004,0.005,0.005,0.005,0.004,0.004,0.006,0.074,0.053,0.073,0.083,0.107,0.098,0.083,0.099,0.098,0.091,0.076,0.066,0.005,0.005,0.004,0.004,0.004,0.004,0.004,0.005,0.005,0.004,0.005,0.005,0.005,0.004,0.004,0.005,0.005,0.005,0.005,0.004,0.005,0.004,0.006,0.004,0.005,0.007,0.003,0.006,0.004,0.004,0.004,0.005,0.003,0.005,0.004,0.005,0.109,0.132,0.17,0.166,0.199,0.182,0.19,0.169,0.211,0.226,0.166,0.199,0.192,0.166,0.152,0.138,0.005,0.003,0.004,0.003,0.004,0.004,0.004,0.006,KOL-90000001
2020-02-01,0.004,0.004,0.005,0.005,0.004,0.004,0.003,0.006,0.005,0.005,0.003,0.005,0.004,0.004,0.006,0.005,0.004,0.005,0.005,0.005,0.004,0.004,0.005,0.006,0.051,0.058,0.057,0.103,0.098,0.083,0.095,0.091,0.085,0.092,0.077,0.058,0.005,0.004,0.005,0.005,0.005,0.003,0.004,0.004,0.002,0.005,0.006,0.005,0.006,0.004,0.004,0.004,0.006,0.004,0.005,0.002,0.004,0.005,0.004,0.004,0.005,0.004,0.005,0.005,0.004,0.005,0.005,0.005,0.004,0.005,0.005,0.004,0.099,0.131,0.151,0.181,0.187,0.191,0.191,0.208,0.224,0.2,0.193,0.161,0.172,0.16,0.153,0.129,0.004,0.004,0.005,0.005,0.004,0.005,0.003,0.005,KOL-90000001
2020-02-02,0.006,0.003,0.005,0.003,0.003,0.006,0.005,0.005,0.005,0.004,0.004,0.003,0.005,0.004,0.005,0.004,0.005,0.005,0.005,0.006,0.004,0.004,0.005,0.005,0.045,0.058,0.08,0.088,0.082,0.081,0.082,0.094,0.1,0.086,0.075,0.069,0.004,0.005,0.005,0.003,0.003,0.004,0.004,0.005,0.005,0.004,0.004,0.006,0.005,0.004,0.004,0.004,0.004,0.005,0.003,0.004,0.005,0.005,0.004,0.004,0.003,0.004,0.006,0.004,0.004,0.004,0.006,0.004,0.004,0.005,0.004,0.006,0.097,0.124,0.139,0.15,0.148,0.198,0.212,0.18,0.2,0.183,0.191,0.178,0.174,0.168,0.152,0.15,0.004,0.004,0.005,0.005,0.006,0.005,0.004,0.005,KOL-90000001
2020-02-03,0.005,0.003,0.005,0.004,0.003,0.005,0.005,0.003,0.003,0.004,0.004,0.006,0.004,0.005,0.005,0.004,0.004,0.005,0.006,0.007,0.004,0.004,0.006,0.003,0.058,0.069,0.057,0.074,0.079,0.081,0.093,0.093,0.098,0.083,0.08,0.066,0.005,0.004,0.005,0.005,0.004,0.004,0.004,0.005,0.004,0.005,0.005,0.005,0.004,0.004,0.005,0.006,0.005,0.005,0.005,0.003,0.006,0.005,0.005,0.005,0.005,0.005,0.005,0.004,0.004,0.005,0.004,0.003,0.005,0.006,0.006,0.004,0.134,0.158,0.157,0.165,0.174,0.185,0.183,0.188,0.196,0.176,0.174,0.183,0.171,0.161,0.138,0.162,0.004,0.004,0.004,0.005,0.004,0.004,0.004,0.005,KOL-90000001
2020-02-04,0.005,0.004,0.005,0.006,0.006,0.004,0.005,0.006,0.005,0.005,0.006,0.005,0.004,0.005,0.004,0.005,0.006,0.005,0.004,0.005,0.005,0.005,0.005,0.005,0.063,0.054,0.071,0.084,0.085,0.092,0.114,0.09,0.096,0.072,0.092,0.062,0.004,0.006,0.005,0.004,0.004,0.005,0.005,0.004,0.005,0.005,0.004,0.005,0.005,0.005,0.004,0.005,0.005,0.005,0.003,0.004,0.005,0.006,0.005,0.004,0.006,0.005,0.005,0.005,0.005,0.003,0.004,0.004,0.003,0.005,0.003,0.005,0.131,0.169,0.172,0.178,0.198,0.187,0.183,0.21,0.216,0.195,0.201,0.184,0.184,0.173,0.117,0.113,0.004,0.005,0.006,0.005,0.004,0.006,0.005,0.005,KOL-90000001
2020-02-05,0.004,0.004,0.005,0.005,0.005,0.005,0.004,0.003,0.006,0.004,0.006,0.005,0.004,0.004,0.006,0.005,0.003,0.003,0.005,0.004,0.005,0.003,0.004,0.006,0.057,0.067,0.083,0.076,0.093,0.073,0.083,0.105,0.108,0.092,0.061,0.074,0.006,0.004,0.004,0.005,0.004,0.005,0.005,0.004,0.002,0.005,0.004,0.004,0.004,0.005,0.006,0.005,0.005,0.005,0.004,0.005,0.005,0.004,0.004,0.005,0.005,0.005,0.004,0.005,0.004,0.005,0.004,0.004,0.005,0.005,0.005,0.005,0.107,0.144,0.151,0.171,0.171,0.188,0.2,0.192,0.229,0.231,0.186,0.177,0.179,0.145,0.148,0.162,0.003,0.005,0.005,0.005,0.005,0.004,0.005,0.004,KOL-90000001
2020-02-06,0.005,0.005,0.005,0.004,0.004,0.005,0.004,0.005,0.003,0.004,0.004,0.005,0.004,0.006,0.003,0.006,0.004,0.004,0.005,0.006,0.005,0.003,0.005,0.005,0.074,0.068,0.082,0.089,0.091,0.089,0.081,0.095,0.099,0.078,0.073,0.067,0.005,0.005,0.003,0.006,0.003,0.005,0.005,0.004,0.005,0.005,0.004,0.005,0.003,0.004,0.004,0.005,0.004,0.003,0.004,0.005,0.004,0.004,0.004,0.005,0.003,0.005,0.006,0.005,0.005,0.004,0.005,0.005,0.005,0.006,0.006,0.005,0.122,0.162,0.126,0.159,0.157,0.187,0.181,0.204,0.215,0.212,0.194,0.193,0.195,0.19,0.138,0.143,0.006,0.006,0.005,0.005,0.003,0.003,0.005,0.005,KOL-90000001
2020-02-07,0.004,0.004,0.005,0.004,0.005,0.005,0.004,0.004,0.004,,,,,,,,,,0.005,0.004,0.005,0.003,0.004,0.005,0.046,0.063,0.083,0.091,0.074,0.096,0.11,0.099,0.093,0.069,0.089,0.063,0.003,0.005,0.003,0.004,0.005,0.006,0.004,0.004,0.005,0.004,0.006,0.007,0.004,0.004,0.003,0.004,0.004,0.005,0.004,0.003,0.005,0.005,0.005,0.007,0.004,0.004,0.006,0.005,0.004,0.004,0.004,0.002,0.005,0.005,0.004,0.003,0.128,0.145,0.178,0.165,0.186,0.192,0.215,0.21,0.211,0.172,0.19,0.189,0.179,0.172,0.151,0.095,0.004,0.005,0.004,0.005,0.004,0.006,0.004,0.005,KOL-90000001
2020-02-08,0.003,0.005,0.004,0.003,0.004,0.004,0.004,0.004,0.005,0.004,0.005,0.004,0.006,0.005,0.004,0.005,0.005,0.005,0.005,0.004,0.006,0.005,0.003,0.005,0.04,0.062,0.066,0.082,0.092,0.094,0.091,0.094,0.106,0.085,0.067,0.079,0.004,0.004,0.004,0.003,0.004,0.004,0.005,0.006,0.004,0.004,0.004,0.004,0.005,0.005,0.004,0.005,0.004,0.006,0.004,0.003,0.005,0.004,0.005,0.004,0.005,0.003,0.005,0.006,0.005,0.004,0.006,0.004,0.005,0.005,0.003,0.004,0.123,0.133,0.152,0.18,0.193,0.181,0.221,0.204,0.205,0.195,0.195,0.179,0.2,0.172,0.141,0.144,0.004,0.005,0.004,0.004,0.004,0.004,0.002,0.004,KOL-90000001
2020-02-09,0.005,0.005,0.005,0.004,0.004,0.005,0.003,0.004,0.004,0.006,0.006,0.005,0.006,0.005,0.005,0.005,0.006,0.003,0.004,0.003,0.004,0.004,0.004,0.005,0.053,0.058,0.072,0.095,0.093,0.088,0.087,0.092,0.095,0.094,0.068,0.073,0.005,0.004,0.005,0.005,0.006,0.004,0.006,0.005,0.004,0.004,0.006,0.005,0.006,0.005,0.005,0.005,0.006,0.004,0.005,0.004,0.003,0.004,0.005,0.004,0.005,0.004,0.006,0.005,0.005,0.004,0.003,0.005,0.005,0.005,0.004,0.005,0.125,0.14,0.144,0.164,0.187,0.171,0.207,0.217,0.203,0.207,0.216,0.174,0.17,0.166,0.155,0.142,0.004,0.004,0.005,0.005,0.004,0.005,0.006,0.004,KOL-90000001
2020-02-10,0.005,0.003,0.005,0.006,0.005,0.005,0.004,0.006,0.005,0.005,0.005,0.005,0.005,0.005,0.004,0.004,0.005,0.006,0.004,0.005,0.004,0.004,0.005,0.004,0.039,0.063,0.093,0.104,0.089,0.106,0.102,0.098,0.096,0.077,0.067,0.071,0.005,0.004,0.004,0.006,0.005,0.005,0.005,0.005,0.005,0.006,0.004,0.004,0.005,0.004,0.003,0.004,0.005,0.004,0.005,0.004,0.004,0.004,0.003,0.005,0.006,0.004,0.006,0.006,0.005,0.004,0.005,0.005,0.004,0.004,0.005,0.005,0.112,0.173,0.148,0.181,0.177,0.165,0.186,0.201,0.225,0.205,0.204,0.204,0.158,0.197,0.145,0.111,0.004,0.004,0.004,0.004,0.004,0.004,0.005,0.003,KOL-90000001
2020-02-11,0.004,0.003,0.004,0.005,0.003,0.006,0.005,0.006,0.004,0.005,0.004,0.005,0.005,0.005,0.004,0.005,0.004,0.004,0.005,0.005,0.004,0.003,0.003,0.003,0.058,0.073,0.061,0.093,0.094,0.104,0.089,0.103,0.072,0.078,0.084,0.078,0.005,0.006,0.005,0.006,0.004,0.006,0.005,0.004,0.005,0.004,0.004,0.006,0.004,0.004,0.005,0.004,0.004,0.005,0.003,0.005,0.006,0.005,0.005,0.005,0.004,0.004,0.005,0.005,0.005,0.004,0.004,0.004,0.003,0.003,0.005,0.004,0.121,0.166,0.13,0.17,0.198,0.192,0.19,0.193,0.204,0.208,0.2,0.209,0.192,0.175,0.176,0.14,0.004,0.006,0.005,0.003,0.005,0.004,0.006,0.006,KOL-90000001
2020-02-12,0.005,0.004,0.004,0.004,0.005,0.003,0.006,0.003,0.005,0.005,0.004,0.004,0.003,0.004,0.006,0.004,0.005,0.005,0.005,0.005,0.004,0.005,0.006,0.006,0.054,0.062,0.08,0.077,0.082,0.089,0.088,0.089,0.093,0.09,0.06,0.072,0.003,0.004,0.004,0.003,0.006,0.005,0.005,0.005,0.005,0.004,0.005,0.006,0.004,0.004,0.006,0.004,0.004,0.005,0.005,0.004,0.006,0.004,0.005,0.005,,,,,,,0.004,0.005,0.004,0.004,0.004,0.005,0.144,0.148,0.153,0.194,0.188,0.159,0.177,0.187,0.199,0.206,0.205,0.176,0.21,0.158,0.159,0.129,0.006,0.003,0.004,0.005,0.003,0.003,0.004,0.005,KOL-90000001
2020-02-13,0.005,0.004,0.005,0.005,0.005,0.004,0.004,0.004,0.004,0.005,0.005,0.004,0.006,0.003,0.006,0.005,0.004,0.004,0.004,0.004,0.006,0.004,0.005,0.005,0.054,0.07,0.079,0.063,0.104,0.094,0.09,0.107,0.089,0.077,0.062,0.059,0.004,0.005,0.005,0.005,0.006,0.005,0.005,0.005,0.005,0.004,0.003,0.004,0.004,0.004,0.006,0.005,0.005,0.004,0.004,0.003,0.004,0.004,0.003,0.005,0.005,0.004,0.005,0.005,0.005,0.006,0.004,0.003,0.004,0.005,0.004,0.005,0.113,0.141,0.167,0.182,0.175,0.185,0.208,0.207,0.178,0.222,0.196,0.173,0.186,0.186,0.158,0.141,0.006,0.003,0.006,0.006,0.004,0.006,0.004,0.005,KOL-90000001
2020-02-14,0.005,0.004,0.005,0.005,0.005,0.005,0.004,0.004,0.005,0.004,0.005,0.004,0.004,0.004,0.002,0.005,0.004,0.003,0.003,0.005,0.004,0.004,0.004,0.004,0.059,0.055,0.068,0.093,0.1,0.093,0.093,0.089,0.116,0.08,0.074,0.075,0.005,0.004,0.005,0.004,0.005,0.004,0.005,0.005,0.006,0.004,0.006,0.005,0.004,0.004,0.005,0.004,0.005,0.005,0.003,0.004,0.004,0.005,0.004,0.006,0.004,0.006,0.005,0.005,0.005,0.005,0.005,0.003,0.006,0.004,0.005,0.005,0.12,0.132,0.148,0.16,0.191,0.208,0.183,0.209,0.228,0.184,0.185,0.198,0.175,0.167,0.158,0.113,0.005,0.003,0.004,0.005,0.004,0.005,0.004,0.004,KOL-90000001
2020-02-15,0.005,0.004,0.005,0.005,0.004,0.004,0.004,0.004,0.005,0.004,0.004,0.004,0.004,0.005,0.005,0.004,0.005,0.004,0.004,0.004,0.005,0.005,0.005,0.004,0.051,0.06,0.075,0.089,0.084,0.081,0.099,0.099,0.104,0.073,0.071,0.062,0.004,0.004,0.004,0.005,0.005,0.005,0.004,0.004,0.004,0.005,0.004,0.003,0.003,0.004,0.004,0.005,0.004,0.005,0.003,0.004,0.004,0.005,0.005,0.004,0.005,0.004,0.004,0.003,0.006,0.006,0.007,0.004,0.006,0.005,0.004,0.003,0.129,0.168,0.146,0.196,0.182,0.199,0.231,0.211,0.212,0.229,0.206,0.188,0.18,0.195,0.169,0.146,0.006,0.005,0.005,0.004,0.003,0.004,0.004,0.004,KOL-90000001
2020-02-16,0.004,0.004,0.004,0.005,0.004,0.006,0.005,0.006,0.004,0.005,0.004,0.005,0.005,0.005,0.006,0.004,0.005,0.004,0.003,0.004,0.005,0.006,0.003,0.003,0.042,0.06,0.069,0.103,0.078,0.082,0.078,0.094,0.1,0.078,0.079,0.054,0.005,0.005,0.003,0.006,0.005,0.005,0.005,0.005,0.004,0.004,0.005,0.006,0.005,0.006,0.003,0.005,0.005,0.004,0.005,0.006,0.005,0.004,0.004,0.004,0.005,0.004,0.005,0.004,0.004,0.005,0.004,0.004,0.004,0.004,0.004,0.005,0.111,0.151,0.138,0.2,0.169,0.183,0.23,0.22,0.175,0.185,0.219,0.183,0.179,0.146,0.157,0.134,0.004,0.005,0.004,0.004,0.004,0.004,0.005,0.004,KOL-90000001
2020-02-17,0.005,0.004,0.005,0.005,0.006,0.004,0.005,0.004,0.005,0.003,0.003,0.005,0.004,0.003,0.005,0.005,0.004,0.005,0.004,0.004,0.004,0.006,0.004,0.005,0.069,0.057,0.069,0.09,0.1,0.102,0.09,0.073,0.077,0.081,0.061,0.065,0.004,0.005,0.003,0.005,0.005,0.004,0.004,0.004,0.005,0.006,0.004,0.004,0.005,0.006,0.005,0.003,0.004,0.005,0.005,0.004,0.005,0.005,0.005,0.005,0.005,0.004,0.004,0.006,0.004,0.005,0.004,0.005,0.002,0.005,0.004,0.006,0.135,0.124,0.147,0.166,0.175,0.211,0.207,0.232,0.224,0.206,0.168,0.191,0.164,0.17,0.171,0.15,0.004,0.005,0.005,0.005,0.005,0.005,0.004,0.004,KOL-90000001
2020-02-18,0.005,0.005,0.006,0.004,0.005,0.004,0.004,0.006,0.003,0.006,0.005,0.005,0.004,0.005,0.005,0.004,0.006,0.006,0.005,0.005,0.003,0.004,0.003,0.004,0.057,0.05,0.082,0.108,0.08,0.081,0.103,0.087,0.095,0.089,0.067,0.08,0.003,0.005,0.005,0.005,0.004,0.006,0.004,0.005,0.006,0.003,0.006,0.003,0.004,0.004,0.004,0.004,0.005,0.004,0.004,0.004,0.004,0.006,0.006,0.004,0.004,0.004,0.005,0.004,0.003,0.005,0.005,0.003,0.005,0.005,0.003,0.005,0.133,0.115,0.156,0.17,0.168,0.187,0.198,0.235,0.189,0.209,0.217,0.183,0.184,0.171,0.133,0.116,0.004,0.005,0.005,0.003,0.005,0.004,0.004,0.004,KOL-90000001
2020-02-19,0.004,0.003,0.003,0.005,0.004,0.004,0.005,0.004,0.003,0.004,0.004,0.004,0.004,0.004,0.005,0.004,0.004,0.004,0.005,0.004,0.005,0.005,0.004,0.005,0.05,0.061,0.069,0.074,0.093,0.092,0.078,0.108,0.1,0.087,0.084,0.053,0.005,0.004,0.004,0.005,0.004,0.004,0.004,0.002,0.005,0.005,0.004,0.004,0.004,0.005,0.003,0.005,0.004,0.005,0.004,,,,,,,,,,,,0.004,0.004,0.003,0.005,0.005,0.004,0.13,0.121,0.15,0.161,0.168,0.195,0.199,0.209,0.226,0.216,0.183,0.163,0.198,0.144,0.18,0.124,0.005,0.004,0.007,0.003,0.003,0.006,0.004,0.004,KOL-90000001
2020-02-20,0.004,0.004,0.005,0.006,0.003,0.003,0.004,0.005,0.005,0.005,0.003,0.005,0.005,0.004,0.004,0.005,0.005,0.004,0.004,0.004,0.004,0.003,0.006,0.005,0.055,0.073,0.074,0.076,0.086,0.094,0.092,0.092,0.085,0.088,0.099,0.061,0.004,0.005,0.003,0.005,0.003,0.004,0.005,0.003,0.004,0.005,0.005,0.004,0.004,0.004,0.006,0.004,0.004,0.005,0.005,0.005,0.003,0.005,0.005,0.003,0.004,0.004,0.006,0.003,0.003,0.003,0.004,0.006,0.005,0.004,0.005,0.004,0.127,0.142,0.13,0.168,0.152,0.179,0.187,0.193,0.213,0.192,0.225,0.179,0.189,0.123,0.158,0.137,0.005,0.004,0.004,0.004,0.004,0.004,0.005,0.004,KOL-90000001
2020-02-21,0.006,0.004,0.005,0.005,0.005,0.004,0.005,0.006,0.004,0.006,0.004,0.007,0.003,0.006,0.005,0.004,0.005,0.005,0.004,0.005,0.005,0.005,0.004,0.006,0.058,0.06,0.081,0.067,0.101,0.088,0.088,0.085,0.09,0.079,0.07,0.067,0.003,0.005,0.004,0.006,0.005,0.004,0.005,0.006,0.004,0.005,0.004,0.006,0.005,0.006,0.006,0.005,0.003,0.004,0.005,0.004,0.005,0.005,0.006,0.003,0.005,0.005,0.005,0.002,0.003,0.004,0.005,0.005,0.004,0.006,0.005,0.005,0.129,0.157,0.142,0.186,0.193,0.205,0.176,0.199,0.202,0.193,0.208,0.187,0.164,0.183,0.154,0.133,0.004,0.005,0.004,0.003,0.004,0.004,0.004,0.003,KOL-90000001
2020-02-22,0.004,0.005,0.005,0.005,0.004,0.004,0.004,0.005,0.005,0.005,0.006,0.004,0.003,0.005,0.005,0.005,0.003,0.003,0.004,0.005,0.003,0.004,0.004,0.005,0.053,0.055,0.077,0.073,0.087,0.084,0.103,0.092,0.094,0.087,0.076,0.07,0.006,0.004,0.005,0.003,0.003,0.005,0.006,0.005,0.003,0.004,0.005,0.005,0.004,0.005,0.004,0.006,0.005,0.004,0.004,0.004,0.005,0.006,0.004,0.004,0.004,0.003,0.004,0.005,0.004,0.007,0.004,0.005,0.005,0.005,0.005,0.005,0.123,0.124,0.186,0.161,0.192,0.203,0.199,0.181,0.193,0.206,0.204,0.208,0.193,0.168,0.164,0.13,0.004,0.003,0.006,0.005,0.005,0.004,0.005,0.004,KOL-90000001
2020-02-23,0.004,0.005,0.005,0.005,0.003,0.005,0.005,0.005,0.005,0.006,0.004,0.005,0.007,0.005,0.004,0.004,0.004,0.005,0.003,0.005,0.004,0.006,0.005,0.004,0.047,0.08,0.082,0.077,0.084,0.104,0.088,0.077,0.1,0.081,0.053,0.057,0.005,0.004,0.004,0.003,0.004,0.005,0.005,0.005,0.005,0.003,0.005,0.004,0.004,0.003,0.004,0.005,0.005,0.005,0.004,0.004,0.003,0.004,0.004,0.005,0.005,0.005,0.005,0.005,0.004,0.005,0.004,0.005,0.005,0.006,0.005,0.005,0.107,0.125,0.159,0.158,0.194,0.19,0.196,0.232,0.217,0.186,0.228,0.196,0.171,0.168,0.153,0.133,0.005,0.004,0.004,0.004,0.004,0.004,0.005,0.004,KOL-90000001
2020-02-24,0.004,0.005,0.005,0.005,0.006,0.003,0.005,0.005,0.004,0.005,0.004,0.003,0.005,0.005,0.004,0.004,0.004,0.005,0.005,0.005,0.004,0.005,0.005,0.005,0.075,0.065,0.08,0.071,0.09,0.102,0.086,0.093,0.081,0.081,0.076,0.069,0.005,0.004,0.005,0.003,0.004,0.005,0.003,0.004,0.005,0.004,0.003,0.007,0.004,0.004,0.004,0.004,0.005,0.003,0.005,0.004,0.005,0.003,0.004,0.004,0.005,0.005,0.004,0.005,0.005,0.005,0.006,0.004,0.005,0.003,0.002,0.005,0.141,0.141,0.16,0.14,0.206,0.183,0.187,0.224,0.2,0.204,0.179,0.191,0.169,0.161,0.13,0.151,0.005,0.004,0.005,0.003,0.005,0.005,0.005,0.004,KOL-90000001
2020-02-25,0.004,0.003,0.004,0.004,0.005,0.005,0.005,0.006,0.004,0.006,0.004,0.005,0.003,0.006,0.004,0.003,0.003,0.005,0.006,0.005,0.004,0.005,0.004,0.003,0.069,0.039,0.082,0.078,0.088,0.108,0.111,0.091,0.093,0.072,0.075,0.06,0.005,0.005,0.004,0.004,0.004,0.005,0.005,0.004,0.005,0.003,0.004,0.005,0.005,0.004,0.004,0.004,0.006,0.004,0.005,0.005,0.004,0.005,0.005,0.004,0.004,0.005,0.005,0.004,0.004,0.004,0.004,0.005,0.004,0.004,0.005,0.005,0.134,0.121,0.182,0.157,0.192,0.185,0.164,0.207,0.203,0.203,0.192,0.203,0.187,0.185,0.163,0.115,0.004,0.003,0.005,0.004,0.006,0.004,0.005,0.004,KOL-90000001
2020-02-26,0.004,0.005,0.006,0.002,0.003,0.005,0.004,0.004,0.005,0.005,0.003,0.006,0.005,0.005,0.004,0.005,0.004,0.005,0.005,0.004,0.004,0.005,0.006,0.004,0.051,0.067,0.074,0.087,0.088,0.082,0.079,0.105,0.092,0.069,0.071,0.065,0.006,0.005,0.005,0.005,0.004,0.004,0.004,0.005,0.003,0.004,0.004,0.005,0.005,0.004,0.005,0.005,0.004,0.006,0.004,0.004,0.005,0.004,0.004,0.004,0.005,0.005,0.004,0.004,0.004,0.004,0.005,0.004,0.005,0.006,0.005,0.003,0.115,0.197,0.151,0.157,0.201,0.222,0.203,0.181,0.191,0.219,0.191,0.176,0.176,0.168,0.153,0.146,0.005,0.005,0.004,0.005,0.004,0.003,0.003,0.004,KOL-90000001
2020-02-27,0.005,0.004,0.004,0.005,0.004,0.006,0.005,0.004,0.004,0.006,0.005,0.002,0.004,0.005,0.006,0.004,0.004,0.003,0.005,0.004,0.005,0.005,0.005,0.005,0.043,0.069,0.075,0.088,0.096,0.101,0.094,0.084,0.087,0.08,0.076,0.054,0.004,0.004,0.005,0.005,0.005,0.005,0.005,0.004,0.004,0.005,0.005,0.004,0.004,0.003,0.005,0.006,0.004,0.004,0.003,0.005,0.004,0.005,0.003,0.004,0.005,0.005,0.003,0.006,0.006,0.005,0.006,0.004,0.005,,,,,,,,0.157,0.192,0.189,0.206,0.209,0.196,0.22,0.184,0.192,0.162,0.164,0.141,0.004,0.005,0.006,0.004,0.003,0.004,0.004,0.004,KOL-90000001
2020-02-28,0.006,0.005,0.004,0.005,0.003,0.004,0.003,0.005,0.005,0.005,0.003,0.003,0.005,0.003,0.005,0.006,0.003,0.005,0.005,0.005,0.004,0.005,0.006,0.005,0.059,0.067,0.071,0.096,0.071,0.11,0.098,0.106,0.075,0.083,0.074,0.052,0.004,0.004,0.004,0.005,0.005,0.005,0.004,0.004,0.006,0.005,0.006,0.006,0.004,0.004,0.003,0.005,0.003,0.005,0.005,0.004,0.004,0.005,0.004,0.005,0.004,0.005,0.005,0.004,0.005,0.005,0.005,0.005,0.005,0.005,0.005,0.005,0.117,0.147,0.158,0.141,0.18,0.187,0.222,0.21,0.197,0.208,0.203,0.165,0.201,0.169,0.157,0.143,0.005,0.003,0.003,0.005,0.004,0.006,0.005,0.004,KOL-90000001
2020-02-29,0.005,0.004,0.005,0.005,0.005,0.003,0.007,0.004,0.005,0.005,0.005,0.004,0.005,0.004,0.005,0.005,0.005,0.004,0.004,0.006,0.005,0.005,0.004,0.004,0.06,0.054,0.083,0.095,0.077,0.092,0.117,0.101,0.084,0.083,0.062,0.048,0.005,0.004,0.005,0.004,0.005,0.004,0.004,0.004,0.004,0.004,0.005,0.004,0.004,0.006,0.005,0.005,0.004,0.006,0.004,0.004,0.003,0.006,0.006,0.005,0.004,0.005,0.004,0.005,0.005,0.004,0.005,0.004,0.004,0.004,0.004,0.005,0.156,0.13,0.146,0.142,0.184,0.199,0.2,0.211,0.192,0.185,0.191,0.185,0.18,0.153,0.173,0.175,0.004,0.005,0.004,0.005,0.004,0.004,0.004,0.005,KOL-90000001
2020-03-01,0.005,0.004,0.005,0.005,0.004,0.004,0.003,0.004,0.004,0.004,0.006,0.006,0.005,0.004,0.004,0.005,0.005,0.005,0.006,0.003,0.005,0.003,0.006,0.005,0.051,0.054,0.071,0.076,0.077,0.089,0.09,0.096,0.1,0.077,0.076,0.06,0.005,0.004,0.003,0.005,0.004,0.003,0.005,0.005,0.005,0.004,0.005,0.005,0.005,0.005,0.005,0.005,0.005,0.006,0.006,0.005,0.005,0.003,0.003,0.003,0.004,0.005,0.004,0.005,0.005,0.005,0.005,0.004,0.004,0.006,0.005,0.004,0.133,0.149,0.147,0.153,0.206,0.196,0.17,0.208,0.19,0.215,0.211,0.188,0.199,0.16,0.155,0.122,0.004,0.004,0.004,0.004,0.005,0.005,0.005,0.005,KOL-90000001
2020-03-02,0.005,0.005,0.005,0.005,0.003,0.005,0.005,0.006,0.005,0.004,0.006,0.004,0.004,0.003,0.004,0.004,0.003,0.006,0.005,0.005,0.006,0.005,0.004,0.005,0.048,0.056,0.075,0.073,0.1,0.103,0.09,0.099,0.103,0.079,0.091,0.079,0.005,0.004,0.004,0.007,0.005,0.005,0.005,0.005,0.005,0.004,0.005,0.003,0.004,0.005,0.005,0.005,0.005,0.005,0.005,0.005,0.004,0.004,0.003,0.003,0.005,0.003,0.004,0.002,0.004,0.004,0.004,0.004,0.006,0.004,0.004,0.006,0.145,0.147,0.152,0.145,0.177,0.208,0.23,0.202,0.199,0.208,0.207,0.193,0.178,0.154,0.174,0.12,,,0.005,0.005,0.004,0.005,0.005,0.004,KOL-90000001
2020-03-03,0.003,0.004,0.004,0.005,0.004,0.004,0.003,0.004,0.004,0.003,0.005,0.005,0.005,0.006,0.003,0.005,0.003,0.004,0.004,0.004,0.005,0.006,0.005,0.003,0.064,0.058,0.068,0.081,0.085,0.095,0.097,0.104,0.093,0.094,0.062,0.067,0.005,0.005,0.005,0.004,0.005,0.005,0.004,0.004,0.004,0.006,0.006,0.006,0.005,0.006,0.005,0.003,0.004,0.004,0.005,0.004,0.004,0.004,0.005,0.004,0.003,0.003,0.005,0.004,0.005,0.005,0.004,0.004,0.004,0.004,0.004,0.004,0.147,0.124,0.159,0.154,0.194,0.163,0.216,0.193,0.248,0.214,0.221,0.185,0.161,0.19,0.168,0.128,0.005,0.004,0.004,0.006,0.004,0.004,0.005,0.005,KOL-90000001
2020-03-04,0.005,0.003,0.004,0.004,0.002,0.004,0.004,0.004,0.004,0.004,0.003,0.004,0.005,0.004,0.006,0.005,0.004,0.004,0.004,0.004,0.005,0.005,0.003,0.006,0.062,0.063,0.08,0.084,0.094,0.059,0.108,0.08,,,,0.049,0.005,0.006,0.004,0.005,0.005,0.004,0.005,0.004,0.005,0.004,0.004,0.003,0.005,0.005,0.003,0.005,0.005,0.005,0.004,0.005,0.006,0.005,0.005,0.005,0.005,0.005,0.004,0.006,0.006,0.005,0.005,0.005,0.005,0.006,0.006,0.005,0.128,0.149,0.163,0.158,0.165,0.199,0.199,0.189,0.214,0.201,0.184,0.179,0.186,0.197,0.158,0.134,0.005,0.005,0.005,0.003,0.004,0.005,0.006,0.003,KOL-90000001
2020-03-05,0.003,0.004,0.006,0.006,0.005,0.004,0.005,0.005,0.004,0.004,0.004,0.004,0.003,0.004,0.004,0.003,0.004,0.003,0.004,0.004,0.005,0.005,0.005,0.005,0.062,0.075,0.071,0.095,0.09,0.111,0.102,0.075,0.094,0.067,0.067,0.069,0.004,0.004,0.005,0.003,0.005,0.005,0.004,0.004,0.005,0.003,0.003,0.006,0.005,0.005,0.005,0.005,0.006,0.004,0.005,0.005,0.004,0.004,0.004,0.006,0.005,0.004,0.004,0.002,0.005,0.003,0.006,0.006,0.004,0.005,0.004,0.003,0.145,0.133,0.163,0.203,0.197,0.211,0.182,0.205,0.223,0.188,0.203,0.167,0.202,0.149,0.162,0.128,0.005,0.005,0.005,0.004,0.005,0.005,0.005,0.003,KOL-90000001
2020-03-06,0.006,0.005,0.004,0.004,0.004,0.003,0.005,0.003,0.004,0.005,0.005,0.005,0.003,0.005,0.004,0.005,0.004,0.004,0.006,0.005,0.003,0.004,0.004,0.005,0.059,0.074,0.075,0.087,0.079,0.083,0.092,0.108,0.098,0.08,0.077,0.064,0.006,0.004,0.005,0.004,0.004,0.004,0.004,0.005,0.004,0.004,0.004,0.004,0.006,0.003,0.005,0.004,0.005,0.005,0.004,0.004,0.005,0.006,0.005,0.006,0.005,0.005,0.003,0.003,0.003,0.004,0.004,0.004,0.004,0.004,0.003,0.004,0.118,0.146,0.132,0.145,0.168,0.19,0.192,0.192,0.198,0.2,0.175,0.191,0.207,0.184,0.146,0.158,0.004,0.004,0.005,0.004,0.003,0.005,0.005,0.005,KOL-90000001
2020-03-07,0.005,0.004,0.004,0.005,0.005,0.005,0.005,0.003,0.004,0.002,0.004,0.005,0.005,0.005,0.005,0.004,0.005,0.004,0.004,0.006,0.003,0.004,0.005,0.005,0.057,0.059,0.063,0.086,0.109,0.1,0.101,0.081,0.079,0.068,0.073,0.08,0.003,0.003,0.004,0.005,0.005,0.004,0.004,0.004,0.003,0.004,0.003,0.005,0.005,0.005,0.003,0.005,0.004,0.005,0.005,0.004,0.004,0.004,0.004,0.005,0.004,0.005,0.003,0.004,0.003,0.006,,,,0.005,0.004,0.004,0.138,0.141,0.149,0.166,0.206,0.203,0.19,0.192,0.205,0.188,0.178,0.192,0.192,0.178,0.142,0.125,0.005,0.003,0.004,0.005,0.004,0.006,0.005,0.005,KOL-90000001
2020-03-08,0.005,0.005,0.005,0.005,0.005,0.005,0.005,0.004,0.005,0.005,0.004,0.005,0.005,0.004,0.003,0.004,0.006,0.005,0.004,0.005,0.005,0.004,0.003,0.003,0.045,0.054,0.077,0.073,0.087,0.08,0.102,0.094,0.079,0.084,0.065,0.057,0.006,0.003,0.004,0.003,0.005,0.005,0.004,0.005,0.004,0.004,0.005,0.004,0.004,0.004,0.004,0.005,0.006,0.004,0.005,0.004,0.006,0.004,0.006,0.004,0.004,0.005,0.003,0.005,0.006,0.006,0.004,0.006,0.005,0.004,0.006,0.005,0.123,0.156,0.174,0.158,0.18,0.188,0.183,0.209,0.209,0.188,0.186,0.222,0.19,0.185,0.152,0.136,0.005,0.004,0.005,0.005,0.004,0.004,0.005,0.004,KOL-90000001
2020-03-09,0.004,0.006,0.004,0.005,0.003,0.004,0.004,0.004,0.004,0.004,0.004,0.004,0.003,0.005,0.004,0.005,0.004,0.004,0.005,0.004,0.004,0.004,0.004,0.003,0.05,0.067,0.073,0.079,0.099,0.104,0.095,0.095,0.093,0.083,0.076,0.046,0.005,0.005,0.003,0.006,0.004,0.004,0.005,0.004,0.006,0.005,0.006,0.004,0.005,0.004,0.005,0.004,0.006,0.006,0.004,0.004,0.003,0.004,0.005,0.005,0.005,0.005,0.004,0.005,0.005,0.005,0.005,0.004,0.004,0.003,0.003,0.003,0.146,0.13,0.163,0.133,0.179,0.189,0.192,0.197,0.227,0.222,0.195,0.21,0.156,0.19,0.141,0.111,0.004,0.005,0.006,0.004,0.004,0.005,0.003,0.005,KOL-90000001
2020-03-10,0.004,0.004,0.005,0.005,0.004,0.006,0.005,0.005,0.005,0.005,0.003,0.003,0.004,0.003,0.004,0.004,0.006,0.005,0.004,0.003,0.004,0.004,0.004,0.004,0.051,0.057,0.081,0.079,0.082,0.081,0.098,0.102,0.038,0.0,0.0,0.009,0.01,0.0,0.005,0.0,0.0,0.022,0.006,0.023,0.0,0.0,0.0,0.0,0.0,0.0,0.008,0.0,0.0,0.042,0.003,0.024,0.0,0.0,0.014,0.0,0.0,0.018,0.023,0.012,0.004,0.005,0.005,0.005,0.003,0.005,0.003,0.005,0.122,0.163,0.141,0.162,0.153,0.194,0.204,0.19,0.19,0.203,0.204,0.18,0.194,0.161,0.154,0.132,0.005,0.004,0.004,0.004,0.003,0.005,0.005,0.004,KOL-90000001
2020-03-11,0.004,0.004,0.005,0.004,0.007,0.005,0.004,0.004,0.004,0.004,0.003,0.005,0.005,0.003,0.004,0.003,0.006,0.005,0.004,0.005,0.004,0.004,0.003,0.004,0.035,0.065,0.063,0.077,0.102,0.112,0.082,0.095,0.0,0.018,0.0,0.033,0.001,0.0,0.0,0.0,0.017,0.0,0.0,0.0,0.0,0.01,0.003,0.032,0.021,0.0,0.0,0.009,0.0,0.01,0.0,0.0,0.0,0.007,0.0,0.042,0.006,0.0,0.0,0.021,0.004,0.003,0.005,0.005,0.005,0.007,0.004,0.005,0.111,0.156,0.168,0.161,0.207,0.193,0.161,0.219,0.182,0.205,0.186,0.194,0.164,0.175,0.139,0.14,0.004,0.005,0.005,0.003,0.004,0.003,0.004,0.005,KOL-90000001
2020-03-12,0.005,0.005,0.005,0.005,0.004,0.004,0.004,0.005,0.004,0.004,0.005,0.005,0.004,0.005,0.005,0.003,0.006,0.005,0.004,0.005,0.005,0.004,0.005,0.004,0.049,0.057,0.084,0.07,0.091,0.102,0.096,0.092,0.0,0.008,0.0,0.001,0.0,0.035,0.055,0.005,0.0,0.013,0.019,0.0,0.001,0.011,0.004,0.0,0.0,0.004,0.0,0.025,0.032,0.043,0.0,0.005,0.024,0.009,0.0,0.0,0.001,0.0,0.0,0.008,0.005,0.003,0.004,0.005,0.005,0.004,0.003,0.005,0.108,0.107,0.177,0.158,0.191,0.181,0.207,0.179,0.217,0.217,0.186,0.186,0.152,0.167,0.148,0.134,0.006,0.005,0.004,0.006,0.004,0.005,0.005,0.004,KOL-90000001
2020-03-13,0.005,0.004,0.005,0.004,0.004,0.004,0.006,0.004,0.003,0.005,0.005,0.003,0.004,0.005,0.005,0.006,0.005,0.006,0.006,0.004,0.004,0.004,0.006,0.006,0.061,0.079,0.075,0.107,0.09,0.113,0.087,0.092,0.014,0.004,0.0,0.035,0.012,0.001,0.017,0.0,0.0,0.0,0.011,,,,,,,0.012,0.007,0.0,0.002,0.012,0.039,0.025,0.0,0.0,0.0,0.0,0.02,0.02,0.021,0.0,0.005,0.004,0.005,0.004,0.004,0.004,0.002,0.003,0.138,0.141,0.158,0.187,0.163,0.177,0.207,0.174,0.217,0.204,0.213,0.185,0.167,0.186,0.151,0.103,0.003,0.004,0.005,0.006,0.005,0.005,0.005,0.006,KOL-90000001
2020-03-14,0.003,0.004,0.004,0.005,0.004,0.003,0.005,0.005,0.005,0.005,0.004,0.005,0.003,0.005,0.007,0.004,0.003,0.004,0.004,0.005,0.004,0.004,0.005,0.005,0.037,0.07,0.066,0.081,0.1,0.116,0.107,0.1,0.033,0.003,0.018,0.0,0.0,0.004,0.004,0.0,0.0,0.005,0.015,0.023,0.0,0.013,0.001,0.022,0.0,0.011,0.0,0.0,0.0,0.02,0.007,0.006,0.014,0.0,0.0,0.0,0.0,0.004,0.0,0.005,0.005,0.005,0.004,0.004,0.004,0.003,0.004,0.004,0.098,0.149,0.119,0.182,0.189,0.184,0.192,0.194,0.227,0.207,0.2,0.164,0.186,0.167,0.148,0.149,0.005,0.005,0.003,0.005,0.004,0.006,0.004,0.005,KOL-90000001
2020-03-15,0.005,0.004,0.004,0.004,0.003,0.005,0.005,0.005,0.004,0.003,0.004,0.006,0.005,0.005,0.006,0.006,0.005,0.005,0.004,0.005,0.005,0.004,0.004,0.004,0.05,0.06,0.076,0.085,0.077,0.103,0.09,0.088,0.065,0.041,0.0,0.0,0.002,0.031,0.002,0.004,0.0,0.0,0.0,0.007,0.0,0.0,0.036,0.0,0.011,0.0,0.002,0.044,0.005,0.0,0.003,0.0,0.0,0.0,0.022,0.004,0.0,0.022,0.019,0.0,0.005,0.004,0.004,0.005,0.004,0.004,0.005,0.005,0.135,0.133,0.153,0.151,0.175,0.198,0.166,0.205,0.215,0.222,0.22,0.195,0.193,0.145,0.159,0.132,0.006,0.004,0.005,0.004,0.004,0.006,0.005,0.004,KOL-90000001
2020-03-16,0.004,0.004,0.006,0.004,0.005,0.006,0.004,0.004,0.003,0.004,0.005,0.005,0.004,0.005,0.005,0.004,0.005,0.003,0.005,0.004,0.005,0.004,0.005,0.003,0.057,0.059,0.067,0.082,0.093,0.088,0.098,0.076,0.032,0.006,0.0,0.0,0.0,0.01,0.012,0.0,0.0,0.023,0.011,0.0,0.022,0.002,0.0,0.0,0.0,0.038,0.018,0.031,0.007,0.022,0.0,0.004,0.024,0.012,0.011,0.0,0.0,0.053,0.0,0.005,0.004,0.006,0.005,0.006,0.005,0.004,0.005,0.005,0.136,0.139,0.147,0.144,0.172,0.198,0.195,0.194,0.226,0.178,0.205,0.192,0.159,0.193,0.151,0.146,0.004,0.005,0.003,0.005,0.003,0.006,0.006,0.005,KOL-90000001
2020-03-17,0.006,0.005,0.005,0.005,0.004,0.004,0.005,0.004,0.004,0.004,0.004,0.003,0.005,0.004,0.005,0.005,0.006,0.004,0.005,0.005,0.005,0.004,0.004,0.005,0.037,0.07,0.074,0.082,0.081,0.099,0.09,0.106,0.001,0.0,0.0,0.0,0.029,0.027,0.0,0.0,0.02,0.021,0.025,0.003,0.02,0.007,0.016,0.008,0.0,0.0,0.01,0.0,0.018,0.019,0.016,0.0,0.0,0.004,0.0,0.0,0.002,0.004,0.002,0.0,0.005,0.004,0.005,0.005,0.004,0.004,0.004,0.005,0.117,0.133,0.16,0.178,0.177,0.201,0.222,0.183,0.193,0.182,0.207,0.194,0.165,0.164,0.177,0.14,0.005,0.005,0.004,0.005,0.004,0.004,0.006,0.004,KOL-90000001
2020-03-18,0.004,0.005,0.004,0.005,0.004,0.003,0.004,0.006,0.005,0.003,0.005,0.005,0.005,0.005,0.003,0.004,0.004,0.005,0.004,0.005,0.004,0.005,0.004,0.003,0.043,0.051,0.065,0.096,0.086,0.112,0.089,0.097,0.001,0.03,0.027,0.0,0.0,0.0,0.044,0.02,0.0,0.0,0.0,0.013,0.005,0.0,0.0,0.0,0.035,0.012,0.0,0.008,0.009,0.0,0.002,0.0,0.0,0.019,0.0,0.015,0.0,0.0,0.0,0.0,0.004,0.006,0.004,0.005,0.004,0.006,0.004,0.006,0.103,0.141,0.151,0.144,0.203,0.198,0.194,0.197,0.188,0.2,0.185,0.179,0.178,0.134,0.161,0.152,0.004,0.005,0.003,0.005,0.004,0.005,0.005,0.005,KOL-90000001
2020-03-19,0.004,0.006,0.005,0.004,0.006,0.005,0.005,0.004,0.004,0.005,0.004,0.005,0.005,0.005,0.005,0.004,0.004,0.004,0.004,0.003,0.005,0.003,0.005,0.003,0.069,0.067,0.077,0.072,0.088,0.099,0.091,0.095,0.018,0.05,0.0,0.01,0.0,0.0,0.03,0.0,0.015,0.0,0.0,0.0,0.015,0.0,0.0,0.0,0.0,0.001,0.0,0.0,0.007,0.007,0.0,0.01,0.02,0.0,0.0,0.0,0.0,0.0,0.0,0.0,0.005,0.005,0.004,0.005,0.004,0.004,0.005,0.004,0.135,0.146,0.167,0.177,0.196,0.197,0.196,0.211,0.202,0.217,0.192,0.194,0.19,0.167,0.184,0.12,0.005,0.004,0.006,0.004,0.004,0.005,0.006,0.003,KOL-90000001
2020-03-20,0.004,0.004,0.003,0.004,0.005,0.005,0.005,0.005,0.004,0.003,0.006,0.005,0.006,0.006,0.004,0.005,0.003,0.004,0.004,0.006,0.004,0.005,0.005,0.006,0.07,0.065,0.083,0.09,0.084,0.085,0.081,0.105,0.002,0.019,0.004,0.0,0.01,0.001,0.0,0.001,0.0,0.0,0.0,0.0,0.0,0.006,0.0,0.0,0.008,0.0,0.017,0.013,0.0,0.0,0.0,0.0,0.0,0.048,0.0,0.022,0.0,0.014,0.031,0.0,0.004,0.006,0.005,0.006,0.005,0.004,0.006,0.003,0.104,0.139,0.14,0.17,0.147,0.197,0.187,0.209,0.218,0.213,0.202,0.169,0.186,0.17,0.159,0.124,0.005,0.004,0.003,0.006,0.005,0.004,0.005,0.005,KOL-90000001
2020-03-21,0.005,0.006,0.004,0.006,0.005,0.005,0.005,0.004,0.005,0.005,0.004,0.005,0.004,0.005,0.005,0.005,0.006,0.005,0.004,0.004,0.003,0.005,0.003,0.005,0.045,0.036,0.091,0.09,0.086,0.093,0.098,0.108,0.035,0.022,0.0,0.041,0.003,0.011,0.0,0.022,0.0,0.007,0.0,0.0,0.0,0.0,0.019,0.0,0.0,0.0,0.001,0.0,0.003,0.016,0.036,0.0,0.0,0.015,0.0,0.0,0.005,0.0,0.01,0.033,0.006,0.005,0.006,0.006,0.005,0.005,0.004,0.004,0.124,0.129,0.174,0.176,0.15,0.179,0.205,0.178,0.183,0.222,0.197,0.22,0.177,0.171,0.157,0.129,0.005,0.005,0.004,0.003,0.004,0.004,0.006,0.004,KOL-90000001
2020-03-22,0.005,0.004,0.004,0.006,0.005,0.005,0.005,0.004,0.004,0.005,0.003,0.005,0.003,0.004,0.005,0.004,0.005,0.004,0.005,0.004,0.004,0.004,0.003,0.006,0.045,0.053,0.07,0.08,0.093,0.097,0.095,0.102,0.004,0.0,0.037,0.016,0.0,0.005,0.0,0.0,0.0,0.0,0.0,0.029,0.006,0.0,0.0,0.0,0.0,0.0,0.021,0.0,0.024,0.0,0.0,0.011,0.045,0.011,0.003,0.018,0.0,0.017,0.0,0.0,0.004,0.003,0.004,0.005,0.003,0.004,0.004,0.007,0.141,0.131,0.161,0.146,0.215,0.178,0.175,0.204,0.205,0.171,0.183,0.187,0.163,0.163,0.166,0.11,0.005,0.004,0.004,0.005,0.004,0.003,0.004,0.005,KOL-90000001
2020-03-23,0.005,0.004,0.005,0.004,0.004,0.004,0.004,0.006,0.004,0.003,0.004,0.004,0.006,0.005,0.003,0.003,0.004,0.006,0.003,0.004,0.004,0.003,0.004,0.006,0.048,0.066,0.064,0.082,0.098,0.096,0.072,0.079,0.013,0.0,0.007,0.051,0.0,0.0,0.0,0.0,0.0,0.022,0.012,0.0,0.005,0.0,0.0,0.0,0.0,0.0,0.007,0.0,0.0,0.0,0.0,0.044,0.0,0.003,0.003,0.022,0.008,0.0,0.014,0.019,0.006,0.005,0.004,0.005,0.005,0.004,0.004,0.006,0.155,0.159,0.168,,,,,,,,,,,,0.193,0.135,0.005,0.005,0.005,0.004,0.006,0.005,0.003,0.005,KOL-90000001
2020-03-24,0.005,0.002,0.005,0.005,0.004,0.005,0.005,0.004,0.004,0.003,0.005,0.004,0.005,0.005,0.003,0.004,0.005,0.005,0.007,0.004,0.005,0.003,0.005,0.005,0.052,0.065,0.081,0.092,0.096,0.09,0.088,0.087,0.0,0.0,0.0,0.0,0.0,0.021,0.03,0.0,0.006,0.009,0.0,0.013,0.023,0.0,0.0,0.007,0.006,0.005,0.0,0.003,0.0,0.0,0.011,0.0,0.032,0.022,0.018,0.018,0.021,0.0,0.0,0.0,0.003,0.003,0.005,0.005,0.005,0.004,0.004,0.005,0.131,0.168,0.128,0.177,0.156,0.202,0.212,0.208,0.199,0.241,0.212,0.218,0.179,0.158,0.149,0.143,0.004,0.003,0.004,0.004,0.005,0.005,0.004,0.003,KOL-90000001
2020-03-25,0.004,0.005,0.005,0.004,0.004,0.004,0.004,0.005,0.004,0.005,0.004,0.004,0.006,0.005,0.005,0.003,0.005,0.004,0.005,0.004,0.004,0.006,0.005,0.004,0.055,0.056,0.085,0.072,0.09,0.095,0.072,0.092,0.0,0.006,0.0,0.015,0.0,0.017,0.0,0.014,0.016,0.0,0.014,0.0,0.007,0.016,0.0,0.0,0.0,0.0,0.003,0.011,0.008,0.0,0.019,0.005,0.004,0.031,0.0,0.044,0.016,0.0,0.021,0.0,0.005,0.005,0.004,0.003,0.004,0.004,0.005,0.006,0.103,0.131,0.158,0.17,0.183,0.17,0.197,0.211,0.219,0.181,0.198,0.184,0.187,0.168,0.157,0.163,0.006,0.003,0.004,0.005,0.004,0.004,0.006,0.005,KOL-90000001
2020-03-26,0.005,0.004,0.004,0.005,0.004,0.006,0.005,0.004,0.004,0.005,0.005,0.005,0.003,0.005,0.004,0.005,0.003,0.004,0.006,0.004,0.004,0.005,0.005,0.003,0.051,0.081,0.06,0.086,0.101,0.078,0.099,0.11,0.0,0.018,0.013,0.016,0.0,0.0,0.0,0.0,0.0,0.023,0.0,0.0,0.0,0.0,0.017,0.0,0.0,0.007,0.0,0.0,0.033,0.016,0.027,0.008,0.0,0.0,0.0,0.011,0.034,0.004,0.024,0.005,0.005,0.005,0.005,0.005,0.004,0.005,0.004,0.004,0.125,0.151,0.127,0.186,0.181,0.168,0.195,0.215,0.212,0.212,0.208,0.182,0.202,0.167,0.179,0.159,0.005,0.003,0.006,0.005,0.004,0.005,0.004,0.005,KOL-90000001
2020-03-27,0.005,0.004,0.003,0.005,0.004,0.003,0.004,0.004,0.003,0.004,0.004,0.004,0.003,0.005,0.005,0.004,0.006,0.005,0.004,0.004,0.004,0.005,0.005,0.005,0.052,0.068,0.076,0.07,0.088,0.091,0.093,0.084,0.002,0.022,0.026,0.027,0.0,0.0,0.0,0.0,0.027,0.021,0.0,0.0,0.0,0.0,0.0,0.0,0.009,0.0,0.0,0.0,0.0,0.0,0.0,0.0,0.0,0.0,0.0,0.0,0.018,0.0,0.0,0.038,0.004,0.004,0.004,0.004,0.003,0.005,0.004,0.004,0.121,0.145,0.154,0.148,0.169,0.193,0.253,0.204,0.203,0.191,0.18,0.177,0.157,0.167,0.157,0.143,0.005,0.004,0.005,0.004,0.004,0.006,0.003,0.005,KOL-90000001
2020-03-28,0.004,0.005,0.006,0.005,0.004,0.006,0.005,0.005,0.005,0.005,0.005,0.004,0.006,0.005,0.003,0.004,0.004,0.005,0.004,0.004,0.004,0.004,0.004,0.004,0.046,0.054,0.071,0.083,0.088,0.091,0.086,0.094,0.0,0.043,0.014,0.033,0.0,0.022,0.012,0.016,0.011,0.0,0.0,0.029,0.03,0.0,0.0,0.016,0.0,0.014,0.0,0.0,0.021,0.0,0.0,0.025,0.024,0.027,0.0,0.0,0.008,0.0,0.0,0.022,0.006,0.004,0.005,0.004,0.005,0.004,0.005,0.005,0.107,0.131,0.166,0.183,0.177,0.18,0.185,0.2,0.192,0.222,0.199,0.19,0.177,0.171,0.158,0.15,0.005,0.004,0.006,0.005,0.005,0.005,0.005,0.006,KOL-90000001
2020-03-29,0.004,0.005,0.004,0.005,0.004,0.005,0.005,0.005,0.005,0.004,0.005,0.004,0.004,0.005,0.006,0.005,0.004,0.005,0.005,0.004,0.004,0.005,0.003,0.004,0.049,0.065,0.079,0.096,0.087,0.098,0.089,0.105,0.022,0.042,0.006,0.023,0.0,0.0,0.0,0.028,0.001,0.0,0.024,0.009,0.007,0.009,0.0,0.004,0.006,0.02,0.0,0.01,0.03,0.008,0.0,,,0.021,0.013,0.0,0.005,0.002,0.0,0.002,0.005,0.004,0.004,0.004,0.006,0.005,0.004,0.003,0.151,0.142,0.148,0.158,0.123,0.193,0.183,0.181,0.198,0.183,0.193,0.193,0.171,0.187,0.143,0.164,0.006,0.005,0.003,0.004,0.005,0.005,0.003,0.005,KOL-90000001
2020-03-30,0.004,0.004,0.004,0.005,0.005,0.005,0.005,0.005,0.005,0.005,0.006,0.005,0.004,0.005,0.006,0.005,0.006,0.003,0.004,0.003,0.004,0.005,0.005,0.003,0.067,0.069,0.076,0.083,0.074,0.085,0.086,0.08,0.0,0.039,0.035,0.032,0.019,0.022,0.0,0.05,0.001,0.0,0.012,0.003,0.006,0.026,0.0,0.003,0.0,0.007,0.037,0.002,0.015,0.0,0.026,0.0,0.0,0.0,0.0,0.036,0.0,0.026,0.0,0.001,0.005,0.005,0.004,0.004,0.005,0.005,0.005,0.004,0.134,0.151,0.145,0.153,0.175,0.206,0.231,0.226,0.214,0.195,0.208,0.195,0.198,0.172,0.144,0.164,0.004,0.004,0.005,0.004,0.004,0.005,0.005,0.006,KOL-90000001
2020-03-31,0.005,0.006,0.003,0.005,0.003,0.004,0.005,0.005,0.004,0.004,0.003,0.004,0.005,0.004,0.005,0.005,0.005,0.004,0.006,0.003,0.003,0.005,0.005,0.005,0.049,0.063,0.075,0.079,0.092,0.104,0.099,0.091,0.011,0.0,0.016,0.0,0.0,0.011,0.0,0.0,0.0,0.0,0.014,0.021,0.006,0.028,0.0,0.005,0.044,0.016,0.001,0.002,0.003,0.0,0.023,0.0,0.033,0.011,0.0,0.006,0.018,0.0,0.0,0.0,0.005,0.004,0.004,0.004,0.003,0.006,0.004,0.003,0.145,0.118,0.13,0.159,0.198,0.194,0.206,0.189,0.196,0.198,0.216,0.173,0.191,0.159,0.186,0.126,0.004,0.005,0.004,0.005,0.005,0.005,0.005,0.006,KOL-90000001
2020-04-01,0.004,0.005,0.005,0.002,0.004,0.005,0.003,0.005,0.005,0.004,0.004,0.005,0.004,0.005,0.004,0.004,0.003,0.005,0.004,0.003,0.005,0.006,0.004,0.004,0.057,0.083,0.056,0.064,0.092,0.077,0.11,0.093,0.009,0.023,0.0,0.035,0.0,0.01,0.014,0.002,0.004,0.0,0.0,0.006,0.0,0.017,0.0,0.011,0.0,0.0,0.0,0.0,0.0,0.012,0.0,0.0,0.0,0.004,0.002,0.006,0.017,0.0,0.0,0.0,0.005,0.005,0.004,0.005,0.004,0.002,0.005,0.004,0.142,0.152,0.161,0.16,0.202,0.212,0.205,0.207,0.173,0.215,0.193,0.165,0.202,0.151,0.163,0.139,0.005,0.004,0.005,0.003,0.005,0.006,0.005,0.003,KOL-90000001
2020-04-02,0.005,0.006,0.003,0.005,0.005,0.004,0.004,0.004,0.005,,,,0.006,0.005,0.004,0.005,0.004,0.006,0.005,0.006,0.005,0.004,0.004,0.005,0.072,0.064,0.076,0.083,0.096,0.109,0.106,0.079,0.032,0.014,0.035,0.04,0.0,0.015,0.0,0.0,0.0,0.024,0.009,0.0,0.029,0.0,0.014,0.0,0.0,0.008,0.008,0.0,0.0,0.0,0.0,0.0,0.044,0.0,0.019,0.053,0.0,0.022,0.005,0.0,0.004,0.003,0.005,0.004,0.004,0.004,0.004,0.004,0.128,0.144,0.155,0.156,0.197,0.193,0.21,0.221,0.232,0.212,0.208,0.201,0.169,0.194,0.17,0.134,0.005,0.004,0.003,0.006,0.005,0.003,0.006,0.004,KOL-90000001
2020-04-03,0.005,0.006,0.004,0.005,0.004,0.005,0.004,0.004,0.006,0.004,0.005,0.005,0.004,0.004,0.003,0.006,0.004,0.006,0.005,0.005,0.005,0.004,0.004,0.005,0.051,0.068,0.075,0.087,0.082,0.102,0.112,0.08,0.029,0.007,0.011,0.014,0.008,0.0,0.019,0.001,0.001,0.006,0.012,0.0,0.04,0.0,0.006,0.0,0.0,0.0,0.016,0.029,0.011,0.001,0.0,0.012,0.0,0.051,0.003,0.022,0.023,0.013,0.0,0.003,0.003,0.005,0.005,0.004,0.005,0.005,0.004,0.003,0.105,0.134,0.154,0.153,0.19,0.181,0.204,0.205,0.189,0.214,0.198,0.203,0.19,0.183,0.146,0.153,0.006,0.004,0.006,0.004,0.004,0.003,0.003,0.004,KOL-90000001
2020-04-04,0.004,0.006,0.005,0.004,0.004,0.005,0.005,0.006,0.004,0.004,0.003,0.004,0.005,0.005,0.005,0.005,0.005,0.004,0.005,0.003,0.005,0.005,0.004,0.005,0.051,0.077,0.077,0.085,0.07,0.097,0.084,0.098,0.013,0.004,0.0,0.005,0.0,0.0,0.0,0.0,0.0,0.0,0.0,0.0,0.019,0.003,0.0,0.005,0.0,0.0,0.0,0.0,0.0,0.009,0.009,0.0,0.014,0.048,0.0,0.009,0.0,0.0,0.0,0.0,0.004,0.005,0.007,0.003,0.004,0.006,0.005,0.005,0.151,0.11,0.155,0.145,0.19,0.187,0.192,0.224,0.203,0.206,0.196,0.18,0.195,0.167,0.149,0.139,0.003,0.005,0.005,0.004,0.005,0.005,0.005,0.005,KOL-90000001
2020-04-05,0.006,0.004,0.004,0.003,0.006,0.004,0.005,0.004,0.005,0.005,0.003,0.004,0.002,0.004,0.004,0.005,0.005,0.005,0.004,0.005,0.005,0.006,0.005,0.005,0.056,0.076,0.075,0.081,0.091,0.086,0.091,0.091,0.027,0.023,0.048,0.022,0.0,0.024,0.0,0.015,0.018,0.009,0.014,0.0,0.032,0.036,0.0,0.007,0.001,0.022,0.023,0.0,0.0,0.008,0.0,0.045,0.0,0.0,0.0,0.008,0.0,0.0,0.02,0.0,0.005,0.003,0.007,0.004,0.005,0.005,0.004,0.005,0.133,0.131,0.162,0.159,0.173,0.204,0.168,0.195,0.187,0.198,0.229,0.19,0.198,0.195,0.145,0.111,0.007,0.005,0.005,0.006,0.004,0.004,0.005,0.005,KOL-90000001
2020-04-06,0.005,0.005,0.005,0.004,0.003,0.005,0.005,0.004,0.005,0.003,0.005,0.005,0.003,0.005,0.003,0.006,0.005,0.005,0.004,0.005,0.005,0.006,0.004,0.005,0.038,0.055,0.077,0.077,0.086,0.068,0.104,0.084,0.006,0.028,0.002,0.0,0.0,0.045,0.0,0.0,0.031,0.0,0.0,0.0,0.0,0.002,0.0,0.03,0.0,0.0,0.0,0.0,0.022,0.006,0.0,0.011,0.0,0.003,0.0,0.007,0.019,0.021,0.0,0.0,0.006,0.005,0.004,0.006,0.005,0.006,0.005,0.005,0.121,0.144,0.168,0.186,0.15,0.217,0.176,0.182,0.212,0.195,0.193,0.204,0.204,0.163,0.132,0.147,0.004,0.005,0.005,0.004,0.004,0.005,0.006,0.005,KOL-90000001
2020-04-07,0.004,0.005,0.005,0.004,0.004,0.006,0.003,0.004,0.006,0.004,0.004,0.005,0.006,0.003,0.003,0.005,0.004,0.004,0.005,0.004,0.003,0.004,0.005,0.003,0.051,0.069,0.079,0.09,0.09,0.117,0.102,0.087,0.023,0.008,0.0,0.007,0.0,0.011,0.0,0.0,0.0,0.008,0.002,0.0,0.004,0.0,0.02,0.028,0.015,0.016,0.016,0.0,0.0,0.0,0.0,0.0,0.044,0.0,0.014,0.003,0.0,0.0,0.0,0.046,0.005,0.004,0.004,0.005,0.004,0.004,0.005,0.006,0.129,0.141,0.162,0.137,0.18,0.214,0.204,0.201,0.24,0.203,0.194,0.189,0.199,0.167,0.145,0.136,0.005,0.005,0.003,0.005,0.005,0.004,0.004,0.005,KOL-90000001
2020-04-08,0.004,0.005,0.004,0.004,0.005,0.005,0.004,0.005,0.003,0.005,0.006,0.004,0.004,0.004,0.004,0.004,0.005,0.006,0.004,0.003,0.005,0.005,0.004,0.005,0.053,0.054,0.072,0.093,0.113,0.094,0.081,0.079,0.035,0.029,0.0,0.0,0.0,0.025,0.0,0.0,0.0,0.0,0.0,0.008,0.041,0.0,0.011,0.01,0.013,0.005,0.0,0.0,0.007,0.003,0.006,0.004,0.005,0.023,0.014,0.006,0.0,0.031,0.0,0.0,0.005,0.004,0.004,0.005,0.006,0.005,0.006,0.004,0.116,0.144,0.154,0.15,0.182,0.168,0.185,0.214,0.217,0.188,0.199,0.157,0.155,0.16,0.169,0.145,0.004,0.007,0.006,0.002,0.008,0.005,0.005,0.006,KOL-90000001
2020-04-09,0.004,0.003,0.006,0.004,0.003,0.004,0.005,0.003,0.004,0.006,0.004,0.004,0.004,0.003,0.004,0.004,0.005,0.005,0.004,0.003,0.004,0.004,0.004,0.005,0.047,0.09,0.087,0.076,0.072,0.103,0.099,0.1,0.004,0.034,0.018,0.055,0.0,0.023,0.0,0.0,0.0,0.038,0.024,0.021,0.0,0.0,0.0,0.0,0.011,0.03,0.037,0.0,0.036,0.038,0.007,0.0,0.0,0.0,0.009,0.041,0.0,0.0,0.005,0.0,0.005,0.005,0.005,0.003,0.005,0.007,0.006,0.004,0.16,0.134,0.158,0.157,0.177,0.159,0.193,0.186,0.206,0.201,0.214,0.209,0.156,0.154,0.175,0.12,0.006,0.004,0.004,0.004,0.005,0.005,0.005,0.004,KOL-90000001
2020-04-10,0.005,0.005,0.006,0.004,0.005,0.005,0.005,0.005,0.003,0.005,0.004,0.003,0.004,0.006,0.002,0.004,0.005,0.003,0.004,0.005,0.005,0.004,0.003,0.005,0.033,0.065,0.079,0.093,0.085,0.087,0.104,0.105,0.0,0.0,0.0,0.014,0.005,0.011,0.0,0.01,0.0,0.006,0.013,0.004,0.019,0.0,0.028,0.023,0.006,0.0,0.0,0.016,0.023,0.0,0.013,0.006,0.0,0.0,0.021,0.003,0.0,0.0,0.001,0.0,0.004,0.004,0.003,0.006,0.004,0.005,0.005,0.004,0.134,0.13,0.164,0.163,0.202,0.193,0.189,0.191,0.229,0.215,0.189,0.168,0.208,0.179,0.147,0.157,0.005,0.003,0.005,0.006,0.005,0.005,0.005,0.004,KOL-90000001
2020-04-11,0.004,0.004,0.004,0.004,0.004,0.004,0.006,0.004,0.003,0.005,0.005,0.005,0.003,0.004,0.004,0.006,0.004,0.004,0.004,0.003,0.005,0.005,0.004,0.006,0.057,0.046,0.071,0.075,0.085,0.075,0.074,0.079,0.031,0.037,0.0,0.0,0.005,0.03,0.026,0.0,0.0,0.032,0.0,0.03,0.005,0.001,0.0,0.0,0.0,0.009,0.012,0.0,0.0,0.007,0.0,0.0,0.008,0.0,0.013,0.03,0.009,0.0,0.03,0.0,0.004,0.003,0.004,0.004,0.002,0.004,0.005,0.004,0.144,0.108,0.161,0.136,0.204,0.192,0.187,0.22,0.195,0.189,0.197,0.197,0.18,0.196,0.151,0.138,0.006,0.005,0.004,0.004,0.002,0.005,0.003,0.004,KOL-90000001
2020-04-12,0.003,0.006,0.004,0.003,0.004,0.004,0.004,0.004,0.004,0.006,0.005,0.005,0.006,0.005,0.004,0.006,0.005,0.003,0.005,0.004,0.003,0.005,0.004,0.004,0.06,0.058,0.073,0.069,0.086,0.091,0.11,0.097,0.006,0.0,0.0,0.028,0.011,0.014,0.0,0.0,0.0,0.0,0.026,0.0,0.044,0.021,0.0,0.0,0.026,0.0,0.032,0.02,0.0,0.001,0.019,0.0,0.0,0.0,0.02,0.023,0.0,0.0,0.0,0.026,0.003,0.003,0.005,0.005,0.005,0.005,0.005,0.005,0.108,0.139,0.153,0.153,0.193,0.187,0.21,0.218,0.23,0.18,0.219,0.2,0.174,0.159,0.139,0.135,0.005,0.004,0.005,0.003,0.004,0.004,0.005,0.003,KOL-90000001
2020-04-13,0.005,0.005,0.005,0.004,0.005,0.005,0.003,0.005,0.004,0.005,0.005,0.005,0.004,0.004,0.005,0.005,0.004,0.005,0.003,0.004,0.005,0.004,0.006,0.004,0.066,0.062,0.074,0.078,0.125,0.09,0.096,0.098,0.021,0.009,0.008,0.0,0.011,0.004,0.007,0.0,0.036,0.015,0.0,0.0,0.003,0.0,0.011,0.0,0.031,0.001,0.0,0.0,0.012,0.014,0.0,0.0,0.021,0.003,0.0,0.0,0.005,0.022,0.0,0.002,0.004,0.005,0.004,0.005,0.003,0.005,0.005,0.004,0.097,0.147,0.159,0.167,0.209,0.219,0.163,0.238,0.202,0.2,0.175,0.18,0.184,0.154,0.14,0.158,0.004,0.004,0.004,0.005,0.005,0.004,0.004,0.005,KOL-90000001
2020-04-14,0.004,0.004,0.004,0.004,0.004,0.003,0.004,0.005,0.005,0.005,0.004,0.005,0.005,0.005,0.005,0.005,0.004,0.005,0.004,0.005,0.004,0.004,0.005,0.006,0.049,0.067,0.067,0.077,0.075,0.084,0.089,0.094,0.022,0.0,0.004,0.018,0.0,0.0,0.018,0.011,0.02,0.004,0.0,0.0,0.0,0.0,0.002,0.008,0.024,0.0,0.02,0.008,0.044,0.013,0.0,0.005,0.027,0.032,0.038,0.0,0.0,0.017,0.004,0.04,0.004,0.005,0.005,0.005,0.003,0.004,0.005,0.006,0.127,0.177,0.162,0.181,0.187,0.197,0.209,0.191,0.206,0.199,0.222,0.175,0.179,0.161,0.162,0.137,0.003,0.004,0.006,0.005,0.004,0.004,0.003,0.004,KOL-90000001
2020-04-15,0.004,0.005,0.005,0.004,0.006,0.004,0.005,0.004,0.004,0.005,0.004,0.004,0.007,0.005,0.006,0.005,0.005,0.005,0.004,0.004,0.006,0.003,0.004,0.005,0.058,0.066,0.072,0.093,0.071,0.079,0.108,0.088,0.011,0.024,0.032,0.03,0.017,0.006,0.003,0.0,0.0,0.0,0.006,0.0,0.0,0.014,0.0,0.0,0.0,0.0,0.027,0.0,0.007,0.026,0.0,0.008,0.02,0.0,0.0,0.018,0.0,0.0,0.0,0.02,0.005,0.004,0.004,0.004,0.006,0.004,0.005,0.005,0.173,0.135,0.162,0.168,0.176,0.193,0.213,0.201,0.176,0.173,0.182,0.184,0.187,0.161,0.16,0.142,0.004,0.006,0.004,0.004,0.004,0.004,0.005,0.004,KOL-90000001
2020-04-16,0.005,0.003,0.005,0.005,0.006,0.004,0.005,0.006,0.006,0.004,0.004,0.004,0.004,0.004,0.005,0.005,0.005,0.005,0.006,0.003,0.005,0.005,0.005,0.005,0.062,0.065,0.073,0.086,0.084,0.087,0.077,0.101,0.047,0.071,0.004,0.005,0.021,0.0,0.0,0.005,0.019,0.0,0.0,0.029,0.011,0.0,0.0,0.0,0.024,0.007,0.0,0.0,0.021,0.0,0.0,0.0,0.0,0.0,0.047,0.006,0.0,0.0,0.0,0.0,0.004,0.003,0.004,0.005,0.005,0.006,0.005,0.005,0.115,0.115,0.158,0.133,0.184,0.203,0.18,0.208,0.187,0.213,0.217,0.163,0.206,0.167,0.155,0.125,0.005,0.005,0.005,0.004,0.006,0.004,0.004,0.005,KOL-90000001
2020-04-17,0.002,0.005,0.004,0.004,0.004,0.005,0.005,0.006,0.005,0.005,0.006,0.004,0.005,0.004,0.006,0.005,0.003,0.004,0.003,0.004,0.005,0.005,0.005,0.004,0.055,0.076,0.089,0.092,0.071,0.088,0.085,0.106,0.022,0.0,0.0,0.0,0.0,0.0,0.0,0.021,0.022,0.004,0.0,0.0,0.034,0.001,0.0,0.014,0.0,0.0,0.035,0.0,0.0,0.046,0.0,0.0,0.0,0.0,0.0,0.008,0.0,0.0,0.0,0.013,0.004,0.006,0.003,0.007,0.004,0.005,0.005,0.006,0.124,0.138,0.176,0.174,0.176,0.194,0.197,0.194,0.19,0.204,0.191,0.18,0.192,0.177,0.14,0.15,0.004,0.004,0.005,0.005,0.004,0.004,0.004,0.005,KOL-90000001
2020-04-18,0.005,0.004,0.004,0.005,0.004,0.004,0.005,0.005,0.006,0.004,0.004,0.005,0.004,0.004,0.004,0.004,0.004,0.003,0.004,0.004,0.005,0.004,0.004,0.004,0.044,0.056,0.081,0.073,0.093,0.084,0.098,0.098,0.033,0.038,0.027,0.05,0.012,0.0,0.0,0.01,0.0,0.016,0.007,0.0,0.0,0.003,0.004,0.0,0.005,0.011,0.0,0.0,0.0,0.0,0.015,0.01,0.0,0.0,0.036,0.0,0.0,0.0,0.0,0.0,0.006,0.003,0.005,0.003,0.004,0.005,0.004,0.004,0.116,0.143,0.136,0.161,0.182,0.201,0.233,0.211,0.201,0.201,0.189,0.206,0.179,0.186,0.152,0.148,0.004,0.004,0.003,0.005,0.006,0.003,0.004,0.003,KOL-90000001
2020-04-19,0.004,0.004,0.005,0.004,0.005,0.004,0.005,0.006,0.005,0.004,0.004,0.004,0.005,0.004,0.004,0.005,0.004,0.006,0.004,0.006,0.004,0.005,0.004,0.004,0.055,0.072,0.084,0.088,0.077,0.092,0.108,0.089,0.013,0.003,0.0,0.0,0.002,0.0,0.024,0.0,0.0,0.0,0.037,0.016,0.016,0.011,0.0,0.002,0.006,0.019,0.017,0.0,0.028,0.0,0.0,0.0,0.031,0.023,0.0,0.003,0.0,0.0,0.036,0.0,0.004,0.005,0.005,0.004,0.005,0.005,0.005,0.005,0.114,0.16,0.156,0.175,0.171,0.197,0.209,0.212,0.187,0.205,0.214,0.21,0.143,0.17,0.147,0.135,0.005,0.004,0.004,0.005,0.005,0.005,0.005,0.005,KOL-90000001
2020-04-20,0.006,0.005,0.003,0.006,0.003,0.004,0.004,0.004,0.005,0.005,0.004,0.004,0.005,0.005,0.005,0.004,0.005,0.006,0.005,0.003,0.005,0.006,0.004,0.002,0.049,0.05,0.062,0.086,0.093,0.09,0.093,0.104,0.01,0.0,0.007,0.0,0.0,0.0,0.0,0.004,0.013,0.0,0.004,0.015,0.002,0.002,0.0,0.044,0.0,0.0,0.006,0.035,0.0,0.0,0.0,0.0,0.002,0.015,0.0,0.0,0.006,0.0,0.0,0.0,0.004,0.004,0.005,0.003,0.004,0.005,0.003,0.005,0.13,0.132,0.165,0.184,0.169,0.199,0.211,0.2,0.172,0.217,0.205,0.172,0.18,0.176,0.151,0.129,0.005,0.005,0.005,0.004,0.005,0.003,0.004,0.003,KOL-90000001
2020-04-21,0.004,0.006,0.006,0.005,0.004,0.004,0.005,0.004,0.003,0.005,0.004,0.005,0.003,0.005,0.004,0.005,0.006,0.004,0.003,0.003,0.005,0.005,0.004,0.005,0.062,0.056,0.087,0.061,0.085,0.1,0.086,0.105,0.028,0.026,0.0,0.017,0.034,0.009,0.016,0.0,0.019,0.0,0.0,0.0,0.013,0.01,0.019,0.017,0.0,0.03,0.0,0.013,0.014,0.0,0.0,0.004,0.0,0.0,0.0,0.0,0.032,0.0,0.0,0.015,0.003,0.003,0.005,0.004,0.005,0.004,0.003,0.004,0.11,0.17,0.151,0.191,0.181,0.203,0.209,0.186,0.207,0.209,0.192,0.188,0.164,0.167,0.134,0.156,0.005,0.006,0.004,0.004,0.005,0.005,0.005,0.003,KOL-90000001
2020-04-22,0.005,0.006,0.005,0.005,0.005,0.005,0.003,0.004,0.004,0.004,0.006,0.003,0.007,0.006,0.004,0.003,0.005,0.005,0.004,0.004,0.007,0.004,0.003,0.005,0.073,0.076,0.083,0.091,0.073,0.092,0.097,0.095,0.035,0.0,0.0,0.0,0.042,0.009,0.0,0.02,0.056,0.049,0.0,0.0,0.0,0.0,0.0,0.01,0.023,0.0,0.0,0.0,0.022,0.0,0.0,0.007,0.0,0.0,0.019,0.0,0.003,0.0,0.0,0.0,0.005,0.004,0.003,0.005,0.006,0.004,0.004,0.005,0.121,0.134,0.167,0.16,0.2,0.183,0.18,0.197,0.194,0.205,0.208,0.151,0.16,0.15,0.156,0.164,0.005,0.006,0.007,0.005,0.005,0.005,0.005,0.004,KOL-90000001
2020-04-23,0.003,0.004,0.003,0.004,0.004,0.004,0.004,0.005,0.005,0.006,0.005,0.004,0.005,0.005,0.005,0.005,0.003,0.005,0.004,0.004,0.005,0.004,0.004,0.004,0.058,0.076,0.101,0.08,0.065,0.102,0.1,0.091,0.031,0.058,0.013,0.019,0.0,0.0,0.012,0.0,0.011,0.0,0.014,0.014,0.0,0.027,0.0,0.0,0.0,0.0,0.004,0.0,0.047,0.0,0.0,0.0,0.0,0.0,0.001,0.007,0.0,0.004,0.0,0.0,0.005,0.005,0.006,0.005,0.005,0.003,0.004,0.004,0.127,0.15,0.154,0.193,0.203,0.198,0.213,0.192,0.199,0.212,0.21,0.193,0.188,0.163,0.145,0.133,0.003,0.004,0.003,0.004,0.004,0.004,0.005,0.004,KOL-90000001
2020-04-24,0.005,0.004,0.005,0.004,0.005,0.004,0.004,0.004,0.006,0.005,0.004,0.004,0.006,0.005,0.005,0.005,0.005,0.005,0.005,0.003,0.004,0.004,0.005,0.004,0.061,0.085,0.079,0.088,0.082,0.104,0.086,0.078,0.039,0.003,0.041,0.021,0.002,0.0,0.003,0.0,0.004,0.0,0.034,0.0,0.0,0.0,0.0,0.019,0.027,0.018,0.01,0.0,0.015,0.039,0.0,0.021,0.019,0.013,0.0,0.0,0.0,0.0,0.014,0.0,0.004,0.005,0.004,0.004,0.004,0.004,0.005,0.004,0.138,0.137,0.151,0.174,0.184,0.198,0.19,0.221,0.202,0.181,0.169,0.208,0.154,0.177,0.112,0.148,0.005,0.005,0.005,0.005,0.006,0.004,0.005,0.004,KOL-90000001
2020-04-25,0.006,0.004,0.004,0.005,0.004,0.004,0.006,0.005,0.006,0.003,0.004,0.003,0.004,0.003,0.004,0.004,0.005,0.004,0.005,0.005,0.005,0.005,0.005,0.003,0.044,0.081,0.074,0.087,0.108,0.09,0.096,0.079,0.009,0.0,0.028,0.01,0.01,0.0,0.014,0.016,0.0,0.012,0.009,0.0,0.014,0.028,0.0,0.0,0.009,0.0,0.005,0.006,0.0,0.001,0.0,0.0,0.01,0.0,0.0,0.025,0.0,0.015,0.0,0.005,0.005,0.004,0.005,0.005,0.004,0.006,0.004,0.004,0.106,0.126,0.137,0.172,0.197,0.22,0.188,0.21,0.223,0.222,0.211,0.202,0.179,0.155,0.173,0.13,0.005,0.003,0.005,0.005,0.006,0.005,0.003,0.005,KOL-90000001
2020-04-26,0.005,0.005,0.004,0.006,,,,,,,,,,0.004,0.004,0.005,0.004,0.004,0.005,0.005,0.003,0.004,0.005,0.005,0.052,0.065,0.079,0.094,0.077,0.101,0.096,0.079,0.013,0.048,0.006,0.0,0.0,0.0,0.03,0.015,0.009,0.0,0.008,0.018,0.002,0.01,0.01,0.0,0.044,0.0,0.0,0.0,0.0,0.012,0.0,0.028,0.008,0.0,0.0,0.02,0.0,0.0,0.038,0.0,0.006,0.003,0.005,0.005,0.005,0.004,0.004,0.005,0.12,0.16,0.149,0.193,0.187,0.21,0.172,0.192,0.199,0.199,0.208,0.163,0.134,0.178,0.164,0.15,0.005,0.004,0.005,0.004,0.005,0.003,0.003,0.004,KOL-90000001
2020-04-27,0.003,0.005,0.006,0.005,0.005,0.004,0.004,0.005,0.004,0.005,0.002,0.004,0.006,0.003,0.005,0.006,0.005,0.005,0.004,0.005,0.004,0.005,0.004,0.004,0.028,0.081,0.054,0.089,0.076,0.091,0.088,0.109,0.017,0.007,0.0,0.0,0.025,0.0,0.001,0.0,0.0,0.0,0.0,0.009,0.003,0.0,0.0,0.0,0.0,0.0,0.0,0.022,0.0,0.0,0.012,0.0,0.0,0.0,0.036,0.029,0.0,0.017,0.003,0.0,0.006,0.004,0.005,0.005,0.004,0.004,0.003,0.004,0.146,0.123,0.146,0.169,0.181,0.204,0.186,0.214,0.179,0.219,0.187,0.165,0.199,0.159,0.167,0.131,0.006,0.004,0.004,0.004,0.003,0.004,0.005,0.004,KOL-90000001
2020-04-28,0.006,0.004,0.004,0.004,0.005,0.004,0.004,0.004,0.006,0.003,0.002,0.004,0.004,0.004,0.005,0.005,0.003,0.004,0.003,0.005,0.004,0.005,0.004,0.004,0.06,0.051,0.086,0.084,0.075,0.1,0.086,0.096,0.0,0.04,0.005,0.0,0.026,0.0,0.0,0.007,0.018,0.032,0.031,0.0,0.0,0.0,0.013,0.0,0.0,0.018,0.0,0.01,0.01,0.002,0.0,0.006,0.038,0.0,0.0,0.0,0.024,0.009,0.0,0.0,0.004,0.004,0.004,0.004,0.004,0.005,0.003,0.006,0.114,0.136,0.16,0.17,0.173,0.161,0.204,0.204,0.185,0.196,0.17,0.174,0.181,0.189,0.124,0.155,0.005,0.004,0.003,0.005,0.005,0.005,0.004,0.004,KOL-90000001
2020-04-29,0.006,0.005,0.005,0.006,0.005,0.004,0.004,0.005,0.006,0.004,0.006,0.005,0.003,0.004,0.003,0.004,0.005,0.006,0.005,0.004,0.006,0.005,0.005,0.004,0.043,0.065,0.065,0.091,0.09,0.101,0.096,0.095,0.028,0.033,0.0,0.075,0.02,0.016,0.014,0.0,0.014,0.0,0.0,0.024,0.011,0.0,0.006,0.033,0.0,0.0,0.0,0.034,0.032,0.0,0.0,0.018,0.012,0.0,0.0,0.005,0.001,0.0,0.024,0.0,0.004,0.004,0.005,0.005,0.004,0.004,0.004,0.005,0.132,0.119,0.134,0.159,0.171,0.185,0.203,0.215,0.188,0.214,0.209,0.2,0.165,0.176,0.162,0.15,0.005,0.005,0.003,0.004,0.004,0.005,0.004,0.004,KOL-90000001
2020-04-30,0.005,0.005,0.006,0.003,0.005,0.004,0.006,0.002,0.005,0.003,0.005,0.003,0.004,0.003,0.004,0.005,0.003,0.004,0.006,0.005,0.005,0.004,0.004,0.004,0.061,0.048,0.08,0.056,0.114,0.11,0.099,0.086,0.022,0.013,0.011,0.003,0.0,0.0,0.0,0.0,0.017,0.037,0.0,0.0,0.0,0.0,0.0,0.031,0.029,0.0,0.002,0.0,0.002,0.0,0.0,0.0,0.008,0.0,0.006,0.027,0.0,0.0,0.0,0.027,0.004,0.005,0.005,0.003,0.004,0.004,0.004,0.004,0.141,0.113,0.145,0.185,0.158,0.174,0.188,0.197,0.209,0.202,0.204,0.165,0.193,0.166,0.138,0.153,0.004,0.004,0.005,0.005,0.005,0.005,0.005,0.006,KOL-90000001
2020-05-01,0.004,0.003,0.004,0.004,0.005,0.005,0.004,0.005,0.006,0.004,0.005,0.004,0.004,0.004,0.004,0.004,0.004,0.003,0.004,0.004,0.005,0.004,0.004,0.003,0.055,0.064,0.079,0.065,0.09,0.084,0.1,0.084,0.014,0.059,0.005,0.021,0.012,0.0,0.0,0.032,0.018,0.033,0.0,0.048,0.0,0.0,0.009,0.005,0.023,0.0,0.0,0.011,0.0,0.004,0.0,0.0,0.0,0.0,0.0,0.0,0.006,0.014,0.027,0.01,0.005,0.005,0.005,0.004,0.003,0.005,0.004,0.004,0.132,0.15,0.16,0.172,0.187,0.175,0.2,0.204,0.176,0.201,0.198,0.162,0.189,0.164,0.123,0.151,0.004,0.005,0.004,0.004,0.005,0.005,0.004,0.003,KOL-90000001
2020-05-02,0.006,0.005,0.004,0.003,0.005,0.005,0.005,0.005,0.004,0.004,0.006,0.005,0.005,0.005,0.006,0.003,0.005,0.004,0.004,0.005,0.005,0.005,0.006,0.004,0.051,0.066,0.066,0.102,0.086,0.076,0.085,0.074,0.002,0.0,0.004,0.037,0.0,0.0,0.0,0.0,0.0,0.0,0.0,0.009,0.0,0.0,0.0,0.0,0.057,0.034,0.0,0.0,0.007,0.006,0.033,0.009,0.0,0.0,0.012,0.0,0.0,0.0,0.03,0.012,0.003,0.004,0.005,0.004,0.005,0.005,0.005,0.004,0.113,0.107,0.141,0.182,0.219,0.175,0.221,0.18,0.207,0.191,0.184,0.179,0.201,0.15,0.137,0.144,0.004,0.006,0.004,0.004,0.005,0.004,0.004,0.005,KOL-90000001
2020-05-03,0.005,0.005,0.005,0.004,0.004,0.005,0.006,0.004,0.005,0.004,0.005,0.004,0.004,0.005,0.004,0.006,0.004,0.005,0.004,0.005,0.003,0.005,0.005,0.006,0.056,0.049,0.074,0.076,0.084,0.082,0.092,0.105,0.0,0.016,0.019,0.0,0.0,0.0,0.0,0.0,0.0,0.0,0.04,0.0,0.032,0.0,0.0,0.0,0.008,0.0,0.0,0.011,0.023,0.0,0.0,0.0,0.009,0.011,0.0,0.0,0.0,0.009,0.0,0.0,0.005,0.004,0.006,0.005,0.005,0.006,0.005,0.005,0.1,0.159,0.17,0.181,0.162,0.206,0.225,0.213,0.181,0.181,0.194,0.222,0.209,0.182,0.177,0.159,0.004,0.004,0.005,0.005,0.004,0.005,0.004,0.004,KOL-90000001
2020-05-04,0.004,0.005,0.004,0.005,0.005,0.005,0.005,0.004,0.005,0.004,0.006,0.003,0.005,0.005,0.004,0.005,0.005,0.004,0.005,0.005,0.005,0.004,0.005,0.003,0.05,0.082,0.081,0.069,0.096,0.092,0.093,0.103,0.016,0.032,0.018,0.011,0.012,0.014,0.0,0.0,0.0,0.0,0.0,0.0,0.0,0.0,0.0,0.006,0.022,0.0,0.003,0.0,0.01,0.013,0.028,0.002,0.02,0.0,0.0,0.024,0.003,0.0,0.013,0.0,0.004,0.005,0.005,0.005,0.006,0.005,0.004,0.004,0.143,0.115,0.166,0.177,0.168,0.186,0.2,0.214,0.207,0.214,0.224,0.199,0.219,0.18,0.187,0.132,0.005,0.003,0.004,0.005,0.006,0.003,0.004,0.005,KOL-90000001
2020-05-05,0.005,0.005,0.006,0.004,0.005,0.005,0.003,0.004,0.004,0.004,0.006,0.005,0.005,0.005,0.004,0.005,0.003,0.004,0.003,0.004,0.006,0.005,0.004,0.006,0.068,0.041,0.068,0.085,0.089,0.086,0.103,0.085,0.007,0.0,0.0,0.032,0.001,0.008,0.0,0.021,0.0,0.0,,,,,,,,,,,,,,0.0,0.027,0.04,0.023,0.0,0.019,0.0,0.013,0.015,0.004,0.003,0.003,0.006,0.004,0.003,0.005,0.005,0.122,0.128,0.171,0.175,0.171,0.157,0.204,0.183,0.178,0.224,0.204,0.187,0.155,0.166,0.142,0.138,0.003,0.003,0.006,0.006,0.003,0.004,0.005,0.004,KOL-90000001
2020-05-06,0.003,0.006,0.003,0.004,0.007,0.004,0.005,0.005,0.006,0.004,0.005,0.004,0.005,0.004,0.005,0.005,0.004,0.003,0.003,0.005,0.004,0.003,0.005,0.004,0.057,0.072,0.083,0.072,0.087,0.099,0.094,0.069,0.0,0.0,0.023,0.01,0.004,0.0,0.04,0.0,0.0,0.045,0.0,0.022,0.0,0.0,0.0,0.006,0.0,0.02,0.014,0.002,0.0,0.03,0.013,0.0,0.0,0.004,0.032,0.02,0.007,0.023,0.0,0.036,0.005,0.004,0.004,0.004,0.006,0.003,0.004,0.005,0.112,0.143,0.15,0.173,0.167,0.18,0.203,0.206,0.225,0.202,0.203,0.19,0.179,0.155,0.153,0.162,0.004,0.004,0.004,0.005,0.006,0.005,0.006,0.003,KOL-90000001
2020-05-07,0.005,0.004,0.003,0.005,0.005,0.004,0.004,0.004,0.003,0.005,0.007,0.005,0.004,0.005,0.004,0.005,0.005,0.005,0.005,0.004,0.005,0.004,0.005,0.005,0.072,0.063,0.087,0.073,0.099,0.107,0.097,0.106,0.021,0.0,0.025,0.019,0.0,0.022,0.029,0.0,0.0,0.004,0.0,0.0,0.018,0.0,0.007,0.0,0.0,0.014,0.021,0.006,0.0,0.024,0.0,0.0,0.009,0.0,0.058,0.0,0.005,0.01,0.0,0.0,0.005,0.005,0.004,0.005,0.004,0.005,0.004,0.005,0.141,0.144,0.162,0.181,0.177,0.191,0.188,0.229,0.198,0.224,0.186,0.204,0.18,0.162,0.177,0.15,0.005,0.004,0.006,0.005,0.005,0.005,0.003,0.004,KOL-90000001
2020-05-08,0.005,0.003,0.004,0.004,0.005,0.004,0.005,0.003,0.006,0.004,0.004,0.005,0.004,0.005,0.005,0.004,0.006,0.005,0.005,0.004,0.005,0.004,0.004,0.006,0.054,0.07,0.075,0.087,0.084,0.085,0.095,0.102,0.0,0.013,0.0,0.002,0.0,0.03,0.0,0.015,0.019,0.002,0.0,0.024,0.0,0.007,0.006,0.0,0.0,0.0,0.002,0.003,0.006,0.0,0.02,0.017,0.0,0.02,0.0,0.0,0.0,0.002,0.0,0.025,0.006,0.004,0.005,0.005,0.004,0.003,0.005,0.004,0.117,0.155,0.162,0.164,0.193,0.178,0.215,,,,,,,,0.158,0.137,0.005,0.006,0.003,0.005,0.005,0.004,0.003,0.005,KOL-90000001
2020-05-09,0.005,0.005,0.005,0.005,0.005,0.005,0.005,0.004,0.003,0.004,0.004,0.007,0.003,0.004,0.006,0.005,0.005,0.005,0.005,0.005,0.005,0.005,0.006,0.004,0.041,0.07,0.068,0.08,0.086,0.11,0.078,0.099,0.029,0.014,0.001,0.0,0.0,0.007,0.0,0.0,0.0,0.006,0.0,0.012,0.001,0.043,0.0,0.004,0.0,0.003,0.009,0.017,0.0,0.0,0.0,0.0,0.025,0.011,0.036,0.0,0.0,0.017,0.013,0.0,0.004,0.004,0.004,0.005,0.005,0.004,0.005,0.004,0.145,0.15,0.155,0.171,0.162,0.179,0.181,0.19,0.189,0.207,0.19,0.191,0.184,0.143,0.137,0.16,0.005,0.004,0.005,0.005,0.003,0.005,0.007,0.005,KOL-90000001
2020-05-10,0.003,0.003,0.003,0.005,0.004,0.005,0.004,0.004,0.004,0.004,0.004,0.004,0.006,0.005,0.003,0.004,0.003,0.005,0.004,0.004,0.005,0.004,0.003,0.005,0.072,0.064,0.069,0.069,0.09,0.091,0.089,0.106,0.052,0.031,0.011,0.0,0.008,0.003,0.0,0.0,0.0,0.002,0.01,0.0,0.0,0.0,0.0,0.0,0.0,0.015,0.027,0.006,0.0,0.0,0.0,0.0,0.012,0.016,0.0,0.0,0.0,0.02,0.0,0.0,0.006,0.005,0.005,0.004,0.004,0.003,0.003,0.005,0.125,0.149,0.143,0.176,0.18,0.191,0.181,0.173,0.21,0.213,0.173,0.194,0.204,0.198,0.174,0.124,0.004,0.005,0.004,0.004,0.006,0.006,0.004,0.004,KOL-90000001
2020-05-11,0.005,0.003,0.005,0.006,0.004,0.004,0.004,0.004,0.006,0.003,0.004,0.005,0.005,0.004,0.005,0.004,0.004,0.005,0.005,0.005,0.004,0.004,0.003,0.005,0.067,0.061,0.087,0.069,0.094,0.085,0.097,0.106,0.028,0.014,0.014,0.03,0.017,0.0,0.0,0.03,0.033,0.017,0.022,0.025,0.007,0.013,0.0,0.008,0.008,0.004,0.023,0.001,0.017,0.0,0.0,0.03,0.021,0.0,0.017,0.013,0.003,0.015,0.021,0.004,0.006,0.004,0.007,0.005,0.004,0.005,0.003,0.004,0.12,0.157,0.156,0.18,0.165,0.19,0.194,0.212,0.209,0.207,0.172,0.194,0.194,0.167,0.149,0.121,0.005,0.004,0.005,0.006,0.005,0.004,0.005,0.006,KOL-90000001
2020-05-12,0.005,0.004,0.006,0.004,0.005,0.005,0.006,0.005,0.004,0.004,0.005,0.005,0.005,0.005,0.005,0.004,0.004,0.005,0.005,0.005,0.005,0.004,0.003,0.004,0.066,0.08,0.086,0.079,0.088,0.11,0.101,0.096,0.023,0.0,0.066,0.036,0.0,0.0,0.0,0.0,0.0,0.012,0.0,0.0,0.002,0.011,0.007,0.0,0.02,0.027,0.0,0.008,0.0,0.025,0.0,0.041,0.0,0.012,0.0,0.038,0.0,0.025,0.0,0.015,0.006,0.004,0.005,0.004,0.005,0.005,0.004,0.005,0.132,0.135,0.17,0.161,0.183,0.207,0.206,0.192,0.22,0.205,0.207,0.173,0.165,0.165,0.163,0.121,0.004,0.004,0.006,0.003,0.005,0.004,0.005,0.005,KOL-90000001
2020-05-13,0.004,0.004,0.004,0.005,0.004,0.004,0.004,0.005,0.003,0.004,0.005,0.006,0.004,0.006,0.006,0.004,0.003,0.003,0.006,0.006,0.005,0.006,0.003,0.004,0.054,0.081,0.08,0.077,0.094,0.094,0.103,0.095,0.011,0.0,0.004,0.0,0.019,0.044,0.013,0.007,0.037,0.0,0.0,0.0,0.0,0.0,0.0,0.021,0.0,0.002,0.0,0.014,0.0,0.031,0.019,0.0,0.03,0.032,0.001,0.031,0.0,0.0,0.0,0.024,0.005,0.005,0.006,0.005,0.006,0.005,0.005,0.004,0.136,0.171,0.158,0.157,0.187,0.161,0.199,0.233,0.205,0.196,0.197,0.198,0.157,0.176,0.166,0.148,0.003,0.005,0.005,0.005,0.005,0.005,0.005,0.004,KOL-90000001
2020-05-14,0.004,0.004,0.004,0.004,0.005,0.005,0.005,0.003,0.005,0.004,0.004,0.004,0.004,0.005,0.003,0.004,0.006,0.004,0.004,0.005,0.004,0.005,0.005,0.005,0.055,0.077,0.071,0.078,0.105,0.089,0.089,0.1,0.0,0.0,0.016,0.0,0.023,0.0,0.008,0.025,0.026,0.0,0.0,0.0,0.0,0.038,0.0,0.026,0.0,0.011,0.0,0.0,0.001,0.0,0.0,0.038,0.042,0.001,0.002,0.067,0.0,0.014,0.007,0.0,0.005,0.005,0.004,0.004,0.005,0.004,0.004,0.006,0.104,0.153,0.169,0.175,0.197,0.18,0.199,0.19,0.175,0.183,0.19,0.206,0.203,0.18,0.139,0.142,0.006,0.004,0.005,0.004,0.005,0.003,0.004,0.007,KOL-90000001
2020-05-15,0.004,0.005,0.004,0.004,0.005,0.005,0.005,0.005,0.004,0.005,0.005,0.003,0.004,0.005,0.005,0.005,0.004,0.005,0.005,0.004,0.004,0.005,0.005,0.004,0.062,0.073,0.074,0.088,0.105,0.098,0.105,0.101,0.015,0.026,0.01,0.047,0.0,0.0,0.014,0.0,0.013,0.0,0.0,0.023,0.005,0.0,0.0,0.0,0.0,0.0,0.011,0.0,0.0,0.0,0.0,0.003,0.005,0.0,0.0,0.0,0.0,0.0,0.021,0.001,0.004,0.005,0.004,0.004,0.004,0.004,0.003,0.004,0.118,0.141,0.167,0.171,0.173,0.185,0.196,0.219,0.197,0.233,0.208,0.212,0.186,0.16,0.147,0.145,0.004,0.005,0.005,0.003,0.004,0.004,0.004,0.003,KOL-90000001
2020-05-16,0.003,0.005,0.005,0.004,0.003,0.005,0.003,0.003,0.004,0.005,0.005,0.004,0.004,0.006,0.005,0.004,0.004,0.005,0.005,0.006,0.004,0.004,0.004,0.004,0.045,0.079,0.068,0.077,0.094,0.095,0.098,0.086,0.0,0.05,0.028,0.007,0.034,0.0,0.0,0.003,0.021,0.028,0.004,0.0,0.0,0.0,0.0,0.0,0.0,0.0,0.001,0.0,0.0,0.0,0.002,0.0,0.026,0.012,0.037,0.0,0.0,0.008,0.045,0.004,0.005,0.003,0.004,0.004,0.006,0.003,0.004,0.005,0.133,0.129,0.162,0.179,0.181,0.184,0.183,0.204,0.198,0.206,0.189,0.214,0.163,0.175,0.162,0.135,0.003,0.003,0.004,0.006,0.005,0.005,0.004,0.003,KOL-90000001
2020-05-17,0.004,0.002,0.005,0.004,0.004,0.005,0.005,0.003,0.003,0.006,0.004,0.004,0.004,0.004,0.005,0.004,0.004,0.003,0.006,0.005,0.005,0.004,0.004,0.006,0.066,0.049,0.084,0.07,0.09,0.096,0.088,0.096,0.006,0.0,0.0,0.002,0.0,0.0,0.003,0.0,0.014,0.0,0.002,0.0,0.027,0.014,0.0,0.0,0.009,0.001,0.0,0.049,0.027,0.009,0.027,0.0,0.004,0.0,0.0,0.02,0.0,0.002,0.041,0.0,0.005,0.003,0.005,0.005,0.004,0.004,0.005,0.005,0.116,0.137,0.13,0.165,0.173,0.203,0.203,0.2,0.217,0.204,0.161,0.189,0.159,0.197,0.143,0.149,0.004,0.005,0.006,0.006,0.005,0.004,0.005,0.005,KOL-90000001
2020-05-18,0.004,0.005,0.004,0.005,0.006,0.004,0.003,0.005,0.003,0.004,0.004,0.005,0.004,0.006,0.004,0.004,0.004,0.003,0.004,0.005,0.005,0.004,0.005,0.005,0.042,0.068,0.082,0.077,0.09,0.106,0.083,0.086,0.015,0.075,0.0,0.0,0.047,0.0,0.007,0.011,0.0,0.036,0.018,0.022,0.004,0.036,0.0,0.0,0.0,0.0,0.03,0.023,0.004,0.0,0.012,0.0,0.001,0.0,0.0,0.0,0.0,0.008,0.023,0.0,0.004,0.005,0.006,0.006,0.004,0.005,0.004,0.004,0.136,0.13,0.151,0.2,0.195,0.174,0.193,0.206,0.209,0.202,0.191,0.187,0.164,0.158,0.154,0.14,0.005,0.004,0.005,0.004,0.005,0.005,0.005,0.005,KOL-90000001
2020-05-19,0.005,0.005,0.006,0.005,0.003,0.003,0.005,0.004,0.005,0.005,0.004,0.003,0.003,0.006,0.004,0.005,0.005,0.004,0.005,0.004,0.007,0.005,0.006,0.004,0.041,0.075,0.062,0.079,0.102,0.092,0.083,0.087,0.044,0.0,0.0,0.0,0.001,0.011,0.004,0.007,0.031,0.038,0.016,0.016,0.0,0.014,0.02,0.01,0.006,0.017,0.0,0.0,0.0,0.025,0.014,0.0,0.014,0.0,0.0,0.0,0.0,0.01,0.027,0.006,0.004,0.004,0.004,0.005,0.004,0.003,0.004,0.004,0.111,0.13,0.179,0.16,0.164,0.209,0.175,0.207,0.177,0.196,0.209,0.157,0.176,0.186,0.16,0.156,0.005,0.005,0.006,0.005,0.006,0.004,0.005,0.004,KOL-90000001
2020-05-20,0.003,0.004,0.004,0.004,0.003,0.004,0.005,0.004,0.005,0.003,0.003,0.004,0.006,0.005,0.005,0.005,0.005,0.005,0.004,0.003,0.004,0.004,0.005,0.004,0.061,0.058,0.08,0.076,0.092,0.088,0.105,0.091,0.0,0.005,0.003,0.025,0.012,0.01,0.032,0.028,0.006,0.0,0.001,0.014,0.0,0.005,0.002,0.0,0.002,0.0,0.0,0.0,0.0,0.035,0.006,0.0,0.023,0.0,0.017,0.004,0.028,0.049,0.0,0.007,0.004,0.004,0.004,0.003,0.003,0.005,0.003,0.005,0.119,0.126,0.16,0.153,0.174,0.171,0.177,0.188,0.184,0.212,0.218,0.177,0.183,0.183,0.155,0.14,0.004,0.004,0.005,0.004,0.005,0.004,0.005,0.005,KOL-90000001
2020-05-21,0.005,0.003,0.005,0.005,0.006,0.003,0.004,0.005,0.004,0.004,0.004,0.005,0.004,0.004,0.003,0.006,0.006,0.005,0.005,0.006,0.005,0.004,0.004,0.005,0.057,0.071,0.082,0.078,0.103,0.085,0.099,0.113,,,0.085,0.015,0.031,0.0,0.018,0.045,0.0,0.015,0.0,0.0,0.0,0.0,0.0,0.0,0.0,0.0,0.0,0.0,0.002,0.0,0.012,0.0,0.022,0.0,0.013,0.029,0.013,0.037,0.0,0.006,0.004,0.004,0.005,0.004,0.005,0.004,0.004,0.005,0.142,0.133,0.158,0.169,0.183,0.197,0.214,0.203,0.219,0.195,0.211,0.15,0.163,0.18,0.158,0.136,0.004,0.004,0.004,0.006,0.004,0.004,0.004,0.005,KOL-90000001
2020-05-22,0.005,0.005,0.004,0.005,0.004,0.004,0.004,0.005,0.005,0.003,0.006,0.006,0.004,0.003,0.005,0.004,0.004,0.003,0.004,0.005,0.005,0.005,0.003,0.003,0.062,0.093,0.07,0.091,0.097,0.1,0.095,0.089,0.006,0.046,0.0,0.023,0.032,0.0,0.02,0.028,0.0,0.0,0.0,0.01,0.0,0.006,0.015,0.0,0.029,0.022,0.016,0.018,0.0,0.035,0.0,0.013,0.007,0.0,0.0,0.005,0.0,0.016,0.015,0.021,0.005,0.006,0.005,0.005,0.004,0.005,0.004,0.005,0.096,0.113,0.139,0.163,0.18,0.223,0.221,0.203,0.219,0.208,0.205,0.205,0.202,0.194,0.143,0.148,0.004,0.005,0.004,0.003,0.004,0.005,0.005,0.004,KOL-90000001
2020-05-23,0.004,0.006,0.005,0.005,0.005,0.004,0.004,0.004,0.004,0.004,0.006,0.004,0.005,0.004,0.006,0.005,0.004,0.005,0.005,0.005,0.005,0.004,0.004,0.004,0.043,0.068,0.087,0.071,0.094,0.103,0.08,0.083,0.019,0.016,0.0,0.016,0.011,0.023,0.004,0.028,0.0,0.02,0.011,0.0,0.0,0.001,0.007,0.0,0.0,0.0,0.0,0.03,0.0,0.0,0.0,0.012,0.0,0.0,0.0,0.0,0.0,0.028,0.0,0.005,0.003,0.004,0.002,0.004,0.005,0.006,0.004,0.004,0.128,0.142,0.168,0.211,0.195,0.212,0.207,0.203,0.207,0.211,0.183,0.184,0.188,0.16,0.131,0.139,0.004,0.006,0.004,0.004,0.005,0.003,0.003,0.004,KOL-90000001
2020-05-24,0.005,0.003,0.004,0.005,0.005,0.005,0.003,0.004,0.004,0.005,0.005,0.005,0.004,0.003,0.006,0.006,0.004,0.004,0.005,0.006,0.004,0.004,0.005,0.005,0.052,0.064,0.067,0.076,0.078,0.078,0.102,0.102,0.001,0.023,0.019,0.0,0.0,0.0,0.0,0.005,0.031,0.055,0.03,0.0,0.025,0.015,0.026,0.013,0.007,0.0,0.007,0.0,0.005,0.0,0.0,0.0,0.0,0.0,0.0,0.0,0.0,0.0,0.0,0.0,0.004,0.005,0.004,0.004,0.005,0.003,0.004,0.004,0.135,0.143,0.125,0.187,0.176,0.19,0.191,0.227,0.2,0.194,0.205,0.186,0.185,0.16,0.158,0.15,0.004,0.004,0.004,0.004,0.005,0.005,0.005,0.005,KOL-90000001
2020-05-25,0.004,0.004,0.004,0.005,0.004,0.004,0.004,0.004,0.003,0.004,0.004,0.005,0.003,0.004,0.005,0.006,0.003,0.005,0.005,0.005,0.004,0.003,0.005,0.004,0.079,0.06,0.073,0.078,0.093,0.095,0.075,0.09,0.002,0.0,0.018,0.0,0.051,0.012,0.009,0.0,0.003,0.0,0.018,0.0,0.023,0.029,0.038,0.049,0.0,0.0,0.01,0.0,0.058,0.0,0.007,0.0,0.001,0.054,0.0,0.0,0.0,0.03,0.0,0.004,0.005,0.004,0.004,0.004,0.006,0.004,0.004,0.004,0.122,0.143,0.142,0.159,0.16,0.198,0.21,0.201,0.176,0.199,0.218,0.186,0.174,0.171,0.162,0.132,0.005,0.004,0.005,0.005,0.006,0.004,0.004,0.006,KOL-90000001
2020-05-26,0.003,0.006,0.004,0.005,0.004,0.005,0.004,0.004,0.004,0.004,0.005,0.007,0.004,0.004,0.004,0.004,0.004,0.005,0.003,0.004,0.005,0.004,0.003,0.004,0.066,0.055,0.073,0.083,0.098,0.11,0.096,0.091,0.0,0.0,0.035,0.0,0.036,0.019,0.017,0.038,0.004,0.028,0.008,0.026,0.0,0.011,0.005,0.022,0.008,0.042,0.0,0.003,0.031,0.029,0.0,0.048,0.0,0.0,0.0,0.0,0.0,0.007,0.0,0.002,0.005,0.005,0.005,0.004,0.005,0.005,0.005,0.005,0.126,0.174,0.159,0.145,0.187,0.198,0.214,0.18,0.198,0.179,0.23,0.21,0.17,0.179,0.153,0.126,0.004,0.005,0.003,0.005,0.005,0.004,0.004,0.004,KOL-90000001
2020-05-27,0.004,0.005,0.004,0.004,0.005,0.005,0.004,0.004,0.004,0.004,0.004,0.004,0.004,0.005,0.003,0.003,0.004,0.004,0.005,0.005,0.005,0.004,0.005,0.005,0.046,0.082,0.069,0.063,0.107,0.09,0.099,0.102,0.05,0.0,0.027,0.021,0.0,0.009,0.005,0.031,0.005,0.0,0.0,0.01,0.047,0.011,0.0,0.0,0.0,0.0,0.0,0.006,0.002,0.025,0.0,0.013,0.009,0.0,0.005,0.0,0.012,0.0,0.0,0.0,0.005,0.005,0.004,0.006,0.005,0.004,0.005,0.004,0.118,0.172,0.176,0.134,0.179,,,,,,,,,,,0.139,0.005,0.005,0.005,0.005,0.006,0.005,0.004,0.003,KOL-90000001
2020-05-28,0.005,0.003,0.005,0.003,0.003,0.003,0.002,0.005,0.005,0.004,0.005,0.004,0.005,0.004,0.005,0.004,0.004,0.003,0.004,0.005,0.004,0.005,0.005,0.005,0.06,0.073,0.064,0.079,0.086,0.079,0.098,0.084,0.0,0.032,0.004,0.0,0.036,0.027,0.015,0.015,0.012,0.0,0.018,0.0,0.001,0.003,0.001,0.003,0.005,0.0,0.038,0.028,0.0,0.0,0.0,0.023,0.0,0.0,0.0,0.0,0.016,0.0,0.0,0.02,0.004,0.005,0.004,0.003,0.005,0.004,0.005,0.004,0.136,0.143,0.149,0.148,0.223,0.212,0.224,0.205,0.206,0.2,0.199,0.196,0.163,0.163,0.172,0.165,0.004,0.006,0.003,0.004,0.005,0.006,0.003,0.005,KOL-90000001
2020-05-29,0.004,0.005,0.004,0.005,0.003,0.004,0.004,0.005,0.004,0.005,0.004,0.005,0.004,0.005,0.005,0.005,0.003,0.003,0.004,0.005,0.005,0.005,0.004,0.004,0.051,0.062,0.092,0.067,0.089,0.094,0.086,0.08,0.015,0.017,0.0,0.018,0.02,0.055,0.0,0.004,0.03,0.0,0.011,0.0,0.039,0.0,0.0,0.021,0.017,0.0,0.0,0.0,0.03,0.0,0.0,0.0,0.0,0.005,0.0,0.012,0.0,0.011,0.0,0.013,0.004,0.005,0.004,0.004,0.006,0.004,0.004,0.005,0.09,0.143,0.141,0.166,0.178,0.195,0.19,0.187,0.204,0.187,0.191,0.194,0.168,0.17,0.169,0.136,0.004,0.005,0.004,0.005,0.004,0.004,0.006,0.004,KOL-90000001
2020-05-30,0.005,0.004,0.005,0.005,0.007,0.004,0.006,0.006,0.005,0.005,0.004,0.005,0.004,0.004,0.003,0.005,0.005,0.003,0.005,0.003,0.005,0.006,0.004,0.004,0.051,0.067,0.078,0.085,0.09,0.092,0.071,0.092,0.02,0.02,0.006,0.02,0.009,0.017,0.0,0.007,0.008,0.007,0.0,0.001,0.0,0.03,0.003,0.021,0.0,0.0,0.0,0.0,0.017,0.012,0.017,0.006,0.023,0.005,0.0,0.032,0.0,0.0,0.003,0.0,0.005,0.005,0.005,0.004,0.006,0.005,0.005,0.004,0.1,0.141,0.157,0.182,0.203,0.183,0.205,0.193,0.189,0.207,0.219,0.19,0.202,0.176,0.13,0.14,0.004,0.004,0.004,0.004,0.005,0.005,0.005,0.003,KOL-90000001
2020-05-31,0.003,0.005,0.004,0.004,0.005,0.005,0.004,0.004,0.004,0.005,0.006,0.005,0.004,0.004,0.005,0.005,0.006,0.004,0.005,0.004,0.003,0.005,0.004,0.004,0.068,0.06,0.075,0.072,0.095,0.112,0.081,0.093,0.033,0.005,0.0,0.004,0.0,0.0,0.0,0.048,0.0,0.034,0.0,0.0,0.037,0.0,0.011,0.0,0.0,0.0,0.0,0.0,0.0,0.0,0.0,0.011,0.0,0.0,0.012,0.0,0.0,0.0,0.015,0.018,0.005,0.005,0.004,0.004,0.005,0.005,0.004,0.005,0.124,0.14,0.139,0.167,0.195,0.175,0.197,0.218,0.188,0.187,0.195,0.205,0.205,0.122,0.165,0.121,0.003,0.003,0.004,0.003,0.005,0.005,0.004,0.004,KOL-90000001
2020-06-01,0.006,0.004,0.005,0.005,0.004,0.004,0.005,0.004,0.004,0.004,0.006,0.005,0.004,0.005,0.005,0.005,0.005,0.004,0.005,0.004,0.004,0.003,0.004,0.005,0.053,0.071,0.079,0.079,0.093,0.086,0.091,0.091,0.031,0.018,0.029,0.0,0.013,0.0,0.0,0.0,0.001,0.002,0.049,0.0,0.0,0.01,0.017,0.0,0.01,0.013,0.001,0.021,0.007,0.011,0.002,0.0,0.0,0.0,0.027,0.022,0.011,0.0,0.0,0.036,0.005,0.005,0.004,0.004,0.004,0.002,0.005,0.005,0.107,0.142,0.159,0.182,0.18,0.186,0.203,0.203,0.208,0.195,0.216,0.201,0.145,0.149,0.18,0.152,0.004,0.005,0.005,0.006,0.005,0.005,0.003,0.004,KOL-90000001
2020-06-02,0.004,0.004,0.005,0.005,0.004,0.004,0.005,0.004,0.005,0.005,0.005,0.005,0.004,0.005,0.006,0.006,0.004,0.004,0.005,0.004,0.004,0.004,0.004,0.003,0.057,0.059,0.083,0.078,0.091,0.103,0.09,0.093,0.018,0.022,0.0,0.007,0.0,0.0,0.012,0.023,0.0,0.006,0.023,0.0,0.0,0.005,0.03,0.0,0.0,0.0,0.008,0.013,0.028,0.027,0.023,0.0,0.002,0.032,0.015,0.0,0.021,0.026,0.047,0.034,0.006,0.005,0.005,0.003,0.005,0.005,0.005,0.004,0.137,0.159,0.12,0.174,0.178,0.187,0.187,0.22,0.219,0.199,0.201,0.206,0.159,0.147,0.121,0.143,0.004,0.005,0.003,0.004,0.006,0.003,0.003,0.005,KOL-90000001
2020-06-03,0.005,0.004,0.005,0.005,0.006,0.004,0.004,0.003,0.006,0.004,0.004,0.005,0.005,0.003,0.005,0.006,0.006,0.005,0.004,0.003,0.005,0.005,0.004,0.005,0.065,0.045,0.08,0.086,0.09,0.094,0.083,0.101,0.0,0.003,0.022,0.015,0.003,0.0,0.0,0.012,0.0,0.005,0.0,0.0,0.0,0.0,0.02,0.042,0.011,0.0,0.0,0.0,0.027,0.0,0.016,0.0,0.0,0.0,0.0,0.024,0.0,0.0,0.002,0.012,0.004,0.004,0.005,0.006,0.004,0.005,0.004,0.004,0.119,0.117,0.151,0.185,0.186,0.199,0.207,0.227,0.203,0.178,0.189,0.171,0.192,0.142,0.165,0.145,0.004,0.004,0.004,0.005,0.005,0.005,0.003,0.006,KOL-90000001
2020-06-04,0.003,0.004,0.004,0.006,0.005,0.005,0.004,0.003,0.005,0.004,0.005,0.006,0.004,0.005,0.004,0.005,0.005,0.005,0.005,0.005,0.004,0.004,0.005,0.004,0.047,0.065,0.069,0.077,0.074,0.082,0.089,0.088,0.009,0.014,0.002,0.006,0.0,0.0,0.0,0.0,0.0,0.0,0.004,0.0,0.01,0.001,0.0,0.0,0.0,0.0,0.0,0.0,0.063,0.0,0.022,0.0,0.046,0.0,0.0,0.013,0.0,0.022,0.031,0.0,0.004,0.006,0.004,0.005,0.004,0.005,0.005,0.004,0.136,0.154,0.138,0.154,0.189,0.2,0.198,0.206,0.215,0.21,0.217,0.183,0.172,0.175,0.161,0.133,0.005,0.003,0.004,0.006,0.004,0.004,0.005,0.005,KOL-90000001
2020-06-05,0.002,0.004,0.005,0.004,0.004,0.003,0.004,0.004,0.004,0.005,0.003,0.005,0.005,0.006,0.005,0.004,0.006,0.004,0.004,0.005,0.005,0.004,0.004,0.005,0.058,0.057,0.077,0.084,0.087,0.104,0.081,0.08,0.066,0.011,0.011,0.011,0.0,0.003,0.0,0.009,0.0,0.0,0.003,0.003,0.035,0.008,0.006,0.019,0.001,0.022,0.0,0.0,0.0,0.034,0.011,0.025,0.0,0.023,0.034,0.0,0.0,0.0,0.0,0.0,0.004,0.004,0.004,0.004,0.006,0.003,0.005,0.003,0.15,0.157,0.143,0.186,0.173,0.164,0.199,0.205,0.205,0.235,0.203,0.161,0.18,0.166,0.129,0.143,0.005,0.004,0.004,0.004,0.004,0.005,0.005,0.005,KOL-90000001
2020-06-06,0.005,0.005,0.004,0.004,0.005,0.005,0.004,0.004,0.004,0.003,0.004,0.005,0.005,0.005,0.004,0.006,0.005,0.005,0.004,0.003,0.004,0.006,0.005,0.005,0.05,0.071,0.08,0.095,0.077,0.095,0.097,0.079,0.0,0.0,0.011,0.0,0.0,0.017,0.0,0.019,0.02,0.003,0.02,0.009,0.039,0.0,0.0,0.006,0.0,0.0,0.003,0.0,0.012,0.0,0.0,0.012,0.0,0.0,0.014,0.0,0.025,0.0,0.0,0.0,0.005,0.005,0.005,0.005,0.004,0.005,0.004,0.005,0.15,0.126,0.143,0.195,0.203,0.195,0.183,0.206,0.231,0.204,0.215,0.18,0.184,0.18,0.139,0.145,0.005,0.006,0.005,0.005,0.006,0.005,0.004,0.005,KOL-90000001
2020-06-07,0.005,0.005,0.004,0.005,0.003,0.006,0.004,0.005,0.004,0.005,0.004,0.004,0.004,0.005,0.003,0.005,0.004,0.005,0.003,0.005,0.004,0.005,0.004,0.005,0.048,0.062,0.058,0.073,0.098,0.097,0.085,0.079,0.019,0.004,0.022,0.021,0.0,0.0,0.014,0.0,0.032,0.015,0.008,0.0,0.04,0.033,0.003,0.0,0.031,0.024,0.039,0.009,0.008,0.0,0.0,0.029,0.018,0.0,0.0,0.0,0.016,0.0,0.017,0.0,0.005,0.006,0.003,0.005,0.004,0.005,0.005,0.005,0.105,0.144,0.132,0.164,0.172,0.166,0.18,0.185,0.198,0.212,0.185,0.165,0.185,0.153,0.169,0.156,0.005,0.005,0.005,0.005,0.004,0.005,0.004,0.005,KOL-90000001
2020-06-08,0.005,0.006,0.005,0.005,0.005,0.004,0.005,0.003,0.005,0.004,0.004,0.005,0.004,0.005,0.006,0.004,0.005,0.004,0.004,0.005,0.004,0.006,0.004,0.005,0.054,0.068,0.07,0.074,0.08,0.098,0.106,0.085,0.027,0.0,0.0,0.015,0.018,0.02,0.004,0.0,0.019,0.001,0.0,0.011,0.011,0.0,0.024,0.0,0.018,0.009,0.005,0.0,0.034,0.008,0.019,0.01,0.0,0.024,0.022,0.008,0.011,0.035,0.015,0.022,0.006,0.004,0.006,0.007,0.004,0.005,0.003,0.004,0.114,0.129,0.128,0.175,0.199,0.21,0.195,0.21,0.184,0.241,0.191,0.19,0.186,0.181,0.155,0.154,0.004,0.005,0.004,0.005,0.005,0.003,0.004,0.004,KOL-90000001
2020-06-09,0.006,0.004,0.006,0.005,0.005,0.004,0.003,0.004,0.004,0.005,0.005,0.004,0.004,0.005,0.005,0.003,0.005,0.004,0.006,0.004,0.004,0.006,0.004,0.005,0.053,0.079,0.076,0.079,0.096,0.091,0.077,0.097,0.001,0.004,0.0,0.003,0.001,0.0,0.025,0.0,0.0,0.0,0.0,0.013,0.022,0.003,0.02,0.014,0.008,0.0,0.013,0.013,0.0,0.013,0.008,0.0,0.0,0.01,0.022,0.0,0.003,0.0,0.043,0.0,0.005,0.006,0.005,0.005,0.005,0.005,0.003,0.005,0.143,0.134,0.144,0.163,0.191,0.192,0.203,0.208,0.185,0.19,0.19,0.186,0.174,0.166,0.183,0.143,0.005,0.003,0.005,0.005,0.004,0.005,0.004,0.004,KOL-90000001
2020-06-10,0.005,0.004,0.005,0.005,0.005,0.005,0.005,0.005,0.003,0.007,0.004,0.004,0.003,0.006,0.004,0.007,0.004,0.005,0.003,0.003,0.005,0.004,0.003,0.003,0.052,0.067,0.072,0.064,0.083,0.089,0.099,0.084,0.0,0.034,0.0,0.019,0.026,0.0,0.005,0.0,0.0,0.005,0.0,0.0,0.0,0.033,0.0,0.0,0.025,0.01,0.023,0.017,0.005,0.0,0.0,0.0,0.0,0.025,0.0,0.015,0.0,0.0,0.0,0.0,0.004,0.004,0.004,0.005,0.005,0.004,0.004,0.004,0.125,0.128,0.169,0.161,0.18,0.169,0.182,0.222,0.205,0.186,0.212,0.175,0.141,0.16,0.16,0.147,0.004,0.004,0.004,0.005,0.005,0.005,0.005,0.006,KOL-90000001
2020-06-11,0.004,0.004,0.004,0.003,0.003,0.006,0.006,0.005,0.006,0.003,0.004,0.004,0.004,0.005,0.005,0.005,0.004,0.005,0.003,0.005,0.006,0.006,0.004,0.005,0.029,0.061,0.065,0.075,0.085,0.093,0.09,0.082,0.018,0.0,0.038,0.0,0.002,0.001,0.0,0.007,0.015,0.011,0.034,0.013,0.042,0.0,0.0,0.01,0.035,0.0,0.03,0.0,0.031,0.0,0.015,0.0,0.009,0.026,0.007,0.0,0.0,0.0,0.0,0.017,0.005,0.004,0.004,0.005,0.003,0.005,0.006,0.004,0.143,0.15,0.157,0.162,0.17,0.174,0.211,0.205,0.185,0.227,0.2,0.186,0.187,0.169,0.142,0.129,0.004,0.006,0.005,0.005,0.004,0.004,0.003,0.005,KOL-90000001
2020-06-12,0.005,0.005,0.004,0.005,0.004,0.004,0.005,0.006,0.006,0.006,0.006,0.005,0.005,0.002,0.004,0.003,0.004,0.006,0.005,0.005,0.004,0.005,0.004,0.005,0.047,0.071,0.07,0.082,0.086,0.086,0.088,0.103,0.01,0.019,0.008,0.017,0.038,0.017,0.0,0.013,0.0,0.0,0.0,0.043,0.0,0.0,0.038,0.008,0.0,0.008,0.014,0.0,0.008,0.0,0.0,0.0,0.018,0.003,0.0,0.014,0.018,0.0,0.0,0.0,0.005,0.004,0.005,0.005,0.004,0.004,0.005,0.004,0.139,0.136,0.145,0.172,0.209,0.193,0.195,0.199,0.203,0.225,0.188,0.208,0.183,0.141,0.141,0.137,0.005,0.004,0.003,0.005,0.005,0.005,0.004,0.004,KOL-90000001
2020-06-13,0.004,0.006,0.005,0.006,0.003,0.005,0.004,0.006,0.003,0.004,0.004,0.004,0.004,0.005,0.004,0.005,0.004,0.005,0.004,0.005,0.005,0.005,0.005,0.005,0.052,0.068,0.077,0.088,0.091,0.089,0.103,0.07,0.015,0.0,0.005,0.047,0.003,0.015,0.0,0.0,0.0,0.008,0.026,0.01,0.0,0.0,0.0,0.041,0.02,0.003,0.027,0.007,0.0,0.0,0.0,0.009,0.0,0.002,0.0,0.028,0.0,0.015,0.0,0.0,0.005,0.004,0.004,0.004,0.004,0.006,0.004,0.004,0.14,0.129,0.148,0.167,0.199,0.186,0.187,0.211,0.231,0.201,0.179,0.192,0.19,0.168,0.146,0.118,0.004,0.003,0.003,0.004,0.005,0.005,0.004,0.005,KOL-90000001
2020-06-14,0.005,0.003,0.004,0.003,0.005,0.003,0.004,0.004,0.005,0.007,0.004,0.004,0.004,0.003,0.005,0.002,0.005,0.005,0.005,0.004,0.003,0.004,0.006,0.003,0.049,0.089,0.08,0.069,0.091,0.1,0.101,0.105,0.021,0.048,0.02,0.007,0.017,0.0,0.024,0.01,0.016,0.0,0.016,0.011,0.011,0.044,0.0,0.026,0.0,0.037,0.0,0.03,0.004,0.0,0.0,0.019,0.0,0.019,0.0,0.0,0.0,0.006,0.018,0.056,0.005,0.005,0.005,0.005,0.005,0.004,0.004,0.004,0.109,0.133,0.138,0.165,0.199,0.172,0.198,0.208,0.188,0.19,0.205,0.186,0.199,0.16,0.17,0.147,0.005,0.004,0.006,0.004,0.003,0.004,0.004,0.005,KOL-90000001
2020-06-15,0.003,0.005,0.004,0.004,0.004,0.005,0.004,0.006,0.005,0.005,0.005,0.004,0.005,0.003,0.004,0.004,0.004,0.003,0.005,0.006,0.005,0.004,0.004,0.004,0.056,0.051,0.075,0.082,0.109,0.09,0.096,0.088,0.042,0.027,0.018,0.021,0.0,0.0,0.0,0.002,0.006,0.016,0.0,0.0,0.001,0.015,0.0,0.0,0.0,0.029,0.013,0.019,0.0,0.0,0.031,0.0,0.0,0.0,0.011,0.0,0.0,0.03,0.0,0.0,0.005,0.004,0.005,0.003,0.004,0.004,0.004,0.004,0.12,0.135,0.139,0.151,0.182,0.211,0.202,0.211,0.21,0.227,0.181,0.201,0.184,0.185,0.165,0.169,0.004,0.004,0.005,0.004,0.005,0.004,0.004,0.005,KOL-90000001
2020-06-16,0.004,0.003,0.006,0.004,0.006,0.004,0.003,0.004,0.005,0.005,0.004,0.005,0.006,0.005,0.004,0.005,0.004,0.005,0.005,0.006,0.005,0.006,0.004,0.004,0.064,0.061,0.07,0.088,0.084,0.111,0.072,0.086,0.0,0.064,0.013,0.01,0.0,0.0,0.014,0.019,0.034,0.0,0.0,0.039,0.014,0.024,0.0,0.052,0.017,0.0,0.0,0.026,0.001,0.021,0.013,0.007,0.0,0.0,0.012,0.0,0.005,0.017,0.015,0.0,0.004,0.005,0.004,0.004,0.004,0.006,0.004,0.005,0.126,0.129,0.138,0.179,0.162,0.198,0.215,0.192,0.238,0.199,0.196,0.191,0.165,0.159,0.143,0.147,0.005,0.004,0.004,0.003,0.003,0.004,0.005,0.003,KOL-90000001
2020-06-17,0.005,0.003,0.005,0.005,0.004,0.004,0.005,0.004,0.004,0.003,0.004,0.004,0.004,0.005,0.003,0.005,0.004,0.005,0.004,0.005,0.005,0.004,0.004,0.004,0.054,0.075,0.076,0.084,0.088,0.091,0.082,0.086,0.013,0.009,0.05,0.0,0.038,0.0,0.0,0.02,0.0,0.0,0.031,0.007,0.015,0.018,0.007,0.0,0.004,0.022,0.0,0.0,0.002,0.044,0.033,0.0,0.0,0.0,0.027,0.0,0.0,0.018,0.0,0.0,0.005,0.003,0.004,0.005,0.005,0.005,0.005,0.005,0.112,0.152,0.154,0.163,0.193,0.203,0.216,0.218,0.188,0.19,0.202,0.174,0.187,0.184,0.164,0.138,0.006,0.005,0.004,0.004,0.005,0.004,0.004,0.004,KOL-90000001
2020-06-18,0.004,0.004,0.005,0.005,0.005,0.005,0.003,0.003,0.004,0.004,0.003,0.006,0.004,0.005,0.005,0.004,0.003,0.005,0.005,0.004,0.006,0.005,0.005,0.005,0.075,0.07,0.068,0.093,0.088,0.099,0.101,0.106,0.026,0.003,0.002,0.03,0.011,0.0,0.057,0.0,0.031,0.003,0.019,0.0,0.0,0.0,0.064,0.011,0.0,0.0,0.004,0.015,0.0,0.0,0.007,0.001,0.001,0.0,0.0,0.0,0.011,0.005,0.0,0.0,0.005,0.004,0.003,0.005,0.004,0.002,0.004,0.004,0.118,0.122,0.152,0.157,0.183,0.176,0.197,0.222,0.203,0.197,0.208,0.213,0.174,0.177,0.153,0.13,0.005,0.004,0.004,0.003,0.005,0.004,0.003,0.004,KOL-90000001
2020-06-19,0.004,0.004,0.006,0.004,0.005,0.004,0.005,0.005,0.002,0.005,0.005,0.005,0.007,0.004,0.003,0.005,0.005,0.005,0.004,0.005,0.004,0.005,0.004,0.004,0.061,0.076,0.074,0.078,0.097,0.086,0.088,0.073,0.0,0.026,0.026,0.011,0.024,0.024,0.0,0.018,0.009,0.005,0.0,0.024,0.023,0.036,0.024,0.016,0.025,0.0,0.005,0.027,0.0,0.007,0.0,0.0,0.024,0.0,0.0,0.0,0.0,0.0,0.023,0.023,0.005,0.003,0.004,0.005,0.003,0.005,0.003,0.005,0.108,0.12,0.132,0.171,0.178,0.211,0.187,0.198,0.19,0.202,0.209,0.174,0.191,0.161,0.163,0.14,0.005,0.005,0.003,0.005,0.003,0.004,0.005,0.005,KOL-90000001
2020-06-20,0.006,0.005,0.004,0.005,0.004,0.005,0.006,0.004,0.003,0.005,0.004,0.005,0.004,0.004,0.005,0.004,0.004,0.004,0.004,0.005,0.005,0.004,0.004,0.005,0.058,0.055,0.076,0.086,0.096,0.1,0.084,0.088,0.0,0.003,0.034,0.0,0.006,0.007,0.005,0.057,0.023,0.0,0.033,0.023,0.012,0.0,0.0,0.0,0.0,0.0,0.025,0.0,0.022,0.006,0.0,0.017,0.0,0.0,0.028,0.023,0.005,0.0,0.013,0.0,0.004,0.004,0.005,0.003,0.004,0.007,0.004,0.005,0.134,0.139,0.147,0.145,0.194,0.193,0.217,0.221,0.181,0.196,0.185,0.185,0.213,0.173,0.166,0.135,0.007,0.005,0.005,0.004,0.005,0.006,0.006,0.005,KOL-90000001
2020-06-21,0.005,0.004,0.006,0.004,0.005,0.003,0.006,0.004,0.004,0.004,0.005,0.005,0.005,0.004,0.005,0.005,0.004,0.004,0.003,0.004,0.004,0.004,0.005,0.006,0.065,0.062,0.068,0.104,0.086,0.103,0.099,0.073,0.022,0.021,0.017,0.032,0.032,0.002,0.004,0.022,0.022,0.028,0.009,0.028,0.018,0.01,0.036,0.0,0.005,0.04,0.0,0.02,0.0,0.0,0.001,0.0,0.074,0.004,0.0,0.023,0.008,0.0,0.0,0.0,0.005,0.005,0.005,0.005,0.005,0.005,0.005,0.004,0.14,0.135,0.145,0.163,0.185,0.193,0.195,0.203,0.192,0.194,0.202,0.201,0.167,0.176,0.171,0.12,0.004,0.004,0.004,0.004,0.005,0.005,0.004,0.005,KOL-90000001
2020-06-22,0.006,0.005,0.005,0.006,0.004,0.005,0.003,0.004,0.004,0.003,0.004,0.004,0.003,0.005,0.005,0.005,0.006,0.004,0.005,0.004,0.004,0.005,0.005,0.004,0.053,0.064,0.082,0.074,0.076,0.083,0.098,0.093,0.0,0.041,0.0,0.0,0.0,0.001,0.038,0.0,0.01,0.0,0.0,0.0,0.0,0.034,0.053,0.0,0.004,0.0,0.0,0.0,0.002,0.006,0.002,0.0,0.01,0.022,0.0,0.0,0.034,0.0,0.032,0.01,0.005,0.005,0.005,0.004,0.004,0.004,0.005,0.005,0.13,0.14,0.136,0.181,0.195,0.19,0.214,0.167,0.197,0.164,0.212,0.19,0.163,0.195,0.167,0.125,0.005,0.005,0.004,0.006,0.004,0.005,0.004,0.006,KOL-90000001
2020-06-23,0.004,0.004,0.005,0.005,0.005,0.004,0.004,0.005,0.005,0.005,0.005,0.003,0.004,0.004,0.004,0.005,0.004,0.005,0.006,0.005,0.005,0.005,0.005,0.004,0.058,0.059,0.071,0.08,0.097,0.091,0.091,0.09,0.028,0.014,0.014,0.0,0.0,0.021,0.004,0.024,0.0,0.002,0.0,0.01,0.046,0.0,0.0,0.005,0.0,0.0,0.0,0.0,0.022,0.0,0.0,0.0,0.042,0.03,0.0,0.038,0.0,0.011,0.012,0.0,0.004,0.005,0.006,0.004,0.004,0.006,0.005,0.004,0.126,0.136,0.15,0.181,0.187,0.204,0.194,0.219,0.188,0.174,0.212,0.198,0.181,0.176,0.136,0.129,0.004,0.005,0.004,0.006,0.004,0.004,0.003,0.004,KOL-90000001
2020-06-24,0.005,0.004,0.004,0.004,0.005,0.005,0.005,0.003,0.005,0.005,0.003,0.004,0.004,0.004,0.005,0.004,0.006,0.006,0.004,0.005,0.005,0.004,0.005,0.004,0.062,0.078,0.065,0.077,0.079,0.081,0.082,0.1,0.04,0.007,0.0,0.01,0.007,0.008,0.0,0.0,0.0,0.002,0.017,0.0,0.0,0.05,0.0,0.015,0.0,0.0,0.009,0.0,0.021,0.011,0.0,0.015,0.006,0.0,0.0,0.0,0.009,0.005,0.023,0.0,0.007,0.005,0.005,0.006,0.005,0.005,0.006,0.004,0.122,0.131,0.149,0.174,0.198,0.188,0.19,0.193,0.188,0.2,0.178,0.18,0.191,0.165,0.144,0.139,0.006,0.006,0.005,0.005,0.004,0.005,0.004,0.005,KOL-90000001
2020-06-25,0.004,0.003,0.005,0.005,0.004,0.005,0.006,0.004,0.003,0.005,0.004,0.004,0.004,0.004,0.005,0.005,0.006,0.005,0.004,0.003,0.005,0.005,0.006,0.004,0.048,0.059,0.063,0.09,0.11,0.095,0.087,0.095,0.0,0.0,0.014,0.034,0.008,0.026,0.009,0.0,0.02,0.021,0.008,0.008,0.0,0.0,0.0,0.0,0.0,0.015,0.015,0.0,0.0,0.022,0.0,0.023,0.0,0.0,0.0,0.0,0.0,0.0,0.0,0.0,0.004,0.004,0.003,0.004,0.005,0.005,0.004,0.005,0.109,0.135,0.126,0.188,0.164,0.189,0.179,0.187,0.208,0.205,0.203,0.174,0.197,0.184,0.17,0.138,0.005,0.005,0.004,0.005,0.004,0.006,0.004,0.004,KOL-90000001
2020-06-26,0.005,0.004,0.004,0.005,0.003,0.004,0.006,0.006,0.005,0.003,0.004,0.005,0.004,0.005,0.004,0.004,0.005,0.005,0.004,0.004,0.005,0.005,0.005,0.004,0.036,0.064,0.077,0.089,0.083,0.089,0.088,0.081,0.035,0.0,0.0,0.017,0.01,0.0,0.0,0.0,0.0,0.0,0.0,0.002,0.022,0.013,0.0,0.0,0.034,0.039,0.0,0.021,0.0,0.014,0.003,0.0,0.0,0.0,0.041,0.012,0.0,0.0,0.0,0.039,0.004,0.004,0.004,0.004,0.004,0.005,0.005,0.003,0.146,0.137,0.155,0.174,0.187,0.189,0.21,0.213,0.201,0.189,0.229,0.197,0.182,0.16,0.139,0.184,0.004,0.003,0.006,0.004,0.004,0.004,0.005,0.004,KOL-90000001
2020-06-27,0.003,0.005,0.004,0.004,0.005,0.005,0.002,0.004,0.003,0.004,0.005,0.005,0.004,0.004,0.005,0.004,0.005,0.005,0.005,0.005,0.005,0.004,0.005,0.004,0.057,0.074,0.085,0.077,0.081,0.104,0.093,0.09,0.008,0.035,0.043,0.0,0.038,0.016,0.012,0.0,0.002,0.002,0.032,0.0,0.0,0.0,0.0,0.023,0.0,0.005,0.006,0.0,0.034,0.011,0.0,0.0,0.025,0.004,0.014,0.011,0.005,0.0,0.025,0.0,0.004,0.005,0.005,0.004,0.003,0.006,0.004,0.003,0.143,0.155,0.165,0.177,0.186,0.196,0.211,0.172,0.209,0.204,0.207,0.172,0.173,0.164,0.177,0.127,0.004,0.005,0.004,0.004,0.005,0.005,0.005,0.004,KOL-90000001
