dates,00:00:00,00:15:00,00:30:00,00:45:00,01:00:00,01:15:00,01:30:00,01:45:00,02:00:00,02:15:00,02:30:00,02:45:00,03:00:00,03:15:00,03:30:00,03:45:00,04:00:00,04:15:00,04:30:00,04:45:00,05:00:00,05:15:00,05:30:00,05:45:00,06:00:00,06:15:00,06:30:00,06:45:00,07:00:00,07:15:00,07:30:00,07:45:00,08:00:00,08:15:00,08:30:00,08:45:00,09:00:00,09:15:00,09:30:00,09:45:00,10:00:00,10:15:00,10:30:00,10:45:00,11:00:00,11:15:00,11:30:00,11:45:00,12:00:00,12:15:00,12:30:00,12:45:00,13:00:00,13:15:00,13:30:00,13:45:00,14:00:00,14:15:00,14:30:00,14:45:00,15:00:00,15:15:00,15:30:00,15:45:00,16:00:00,16:15:00,16:30:00,16:45:00,17:00:00,17:15:00,17:30:00,17:45:00,18:00:00,18:15:00,18:30:00,18:45:00,19:00:00,19:15:00,19:30:00,19:45:00,20:00:00,20:15:00,20:30:00,20:45:00,21:00:00,21:15:00,21:30:00,21:45:00,22:00:00,22:15:00,22:30:00,22:45:00,23:00:00,23:15:00,23:30:00,23:45:00,device_id
2019-12-01,0.004,0.005,0.004,0.005,0.005,0.004,0.006,0.006,0.005,0.005,0.005,0.005,0.005,0.005,0.004,0.006,0.006,0.004,0.004,0.005,0.006,0.004,0.004,0.004,0.051,0.064,0.063,0.096,0.104,0.088,0.104,0.086,0.092,0.081,0.082,0.061,0.005,0.004,0.003,0.002,0.006,0.004,0.006,0.004,0.005,0.004,0.004,0.003,0.005,0.005,0.005,0.006,0.004,0.005,0.003,0.005,0.004,0.006,0.005,0.004,0.004,0.005,0.004,0.005,0.005,0.003,0.004,0.006,0.005,0.004,0.006,0.005,0.118,0.146,0.171,0.18,0.162,0.172,0.229,0.203,0.206,0.174,0.186,0.169,0.184,0.179,0.144,0.127,0.004,0.004,0.006,0.003,0.004,0.005,0.004,0.005,KOL-90000002
2019-12-02,0.005,0.004,0.004,0.006,0.005,0.004,0.005,0.004,0.005,0.005,0.004,0.004,0.004,0.006,0.003,0.005,0.002,0.005,0.003,0.003,0.005,0.004,0.005,0.004,0.05,0.048,0.092,0.072,0.105,0.112,0.117,0.092,0.104,0.067,0.083,0.072,0.005,0.005,0.006,0.003,0.004,0.005,0.004,0.005,0.006,0.006,0.003,0.004,0.004,0.003,0.004,0.005,0.005,0.005,0.005,0.004,0.006,0.003,0.004,0.004,0.005,0.004,0.005,0.005,0.004,0.005,0.005,0.005,0.004,0.003,0.004,0.004,0.115,0.142,0.147,0.168,0.209,0.175,0.205,0.219,0.227,0.219,0.191,0.178,0.172,0.173,0.173,0.147,0.003,0.005,0.005,0.005,0.004,0.004,0.003,0.005,KOL-90000002
2019-12-03,0.004,0.006,0.005,0.003,0.005,0.003,0.005,0.005,0.005,0.005,0.005,0.004,0.006,0.005,0.006,0.004,0.005,0.005,0.004,0.004,0.004,0.004,0.004,0.004,0.051,0.07,0.066,0.099,0.069,0.092,0.078,0.088,0.113,0.096,0.082,0.056,0.004,0.005,0.004,0.005,0.004,0.003,0.005,0.004,0.004,0.004,0.005,0.006,0.005,0.004,0.004,0.006,0.004,0.006,0.006,0.003,0.005,0.003,0.005,0.004,0.005,0.003,0.005,0.004,0.005,0.005,0.004,0.004,0.005,0.003,0.004,0.006,0.128,0.162,0.153,0.177,0.172,0.199,0.191,0.194,0.221,0.214,0.197,0.157,0.187,0.168,0.14,0.135,0.004,0.005,0.006,0.004,0.005,0.002,0.006,0.005,KOL-90000002
2019-12-04,0.004,0.005,0.004,0.005,0.004,0.006,0.004,0.004,0.006,0.004,0.005,0.005,0.004,0.005,0.004,0.004,0.005,0.004,0.004,0.003,0.005,0.004,0.006,0.005,0.041,0.054,0.085,0.084,0.084,0.111,0.082,0.099,0.119,0.072,0.074,0.074,0.005,0.005,0.004,0.005,0.005,0.005,0.005,0.004,0.007,0.004,0.006,0.004,0.004,0.005,0.005,0.004,0.004,0.006,0.004,0.005,0.003,0.004,0.004,0.004,0.005,0.005,0.004,0.004,0.005,0.005,0.005,0.004,0.004,0.005,0.004,0.005,0.134,0.101,0.159,0.165,0.188,0.171,0.203,0.199,0.234,0.186,0.187,0.198,0.205,0.157,0.123,0.122,0.003,0.003,0.005,0.003,0.006,0.005,0.005,0.003,KOL-90000002
2019-12-05,0.005,0.005,0.005,0.004,0.005,0.005,0.004,0.003,0.004,0.004,0.006,0.003,0.005,0.004,0.004,0.005,0.003,0.004,0.005,0.006,0.005,0.004,0.005,0.005,0.047,0.081,0.072,0.07,0.068,0.106,0.105,0.084,0.092,0.084,0.06,0.056,0.005,0.007,0.006,0.003,0.003,0.004,0.005,0.004,0.005,0.005,0.004,0.004,0.003,0.004,0.006,0.005,0.005,0.003,0.005,0.004,0.006,0.004,0.004,0.004,0.005,0.004,0.003,0.005,0.005,0.004,0.006,0.006,0.005,0.004,0.004,0.005,0.106,0.133,0.182,0.176,0.157,0.202,0.201,0.233,0.196,0.201,0.197,0.219,0.165,0.162,0.156,0.134,0.005,0.006,0.005,0.004,0.003,0.005,0.004,0.004,KOL-90000002
2019-12-06,0.004,0.004,0.004,0.004,0.004,0.005,0.005,0.005,0.005,0.004,0.006,0.005,0.003,0.005,0.003,0.005,0.005,0.006,0.006,0.005,0.007,0.006,0.006,0.006,0.059,0.061,0.072,0.071,0.076,0.104,0.091,0.085,0.086,0.083,0.07,0.069,0.005,0.003,0.004,0.004,0.003,0.004,0.004,0.005,0.005,0.005,0.004,0.006,0.004,0.004,0.004,0.005,0.005,0.005,0.004,0.004,0.005,0.003,0.005,0.005,0.005,0.004,0.005,0.006,0.004,0.005,0.005,0.004,0.004,0.004,0.005,0.005,0.097,0.121,0.146,0.155,0.194,0.216,0.219,0.199,0.218,0.179,0.21,0.189,0.178,0.192,0.162,0.138,0.004,0.004,0.005,0.006,0.004,0.005,0.004,0.005,KOL-90000002
2019-12-07,0.006,0.005,0.004,0.003,0.006,0.004,0.005,0.004,0.004,0.005,0.004,0.005,0.005,0.003,0.005,0.006,0.004,0.004,0.005,0.006,0.004,0.004,0.004,0.004,0.043,0.069,0.069,0.072,0.102,0.073,0.078,0.106,0.087,0.099,0.074,0.071,0.005,0.005,0.005,0.004,0.005,0.005,0.003,0.005,0.004,0.005,0.004,0.005,0.004,0.003,0.004,0.004,0.003,0.003,0.003,0.005,0.004,0.004,0.006,0.004,0.006,0.003,0.005,0.004,0.004,0.004,0.004,0.004,0.004,0.004,0.005,0.004,0.15,0.123,0.172,0.139,0.18,0.194,0.204,0.206,0.21,0.21,0.208,0.192,0.186,0.185,0.14,0.151,0.005,0.004,0.006,0.004,0.004,0.005,0.004,0.004,KOL-90000002
2019-12-08,0.003,0.006,0.005,0.005,0.005,0.005,0.003,0.004,0.004,0.005,0.004,0.004,0.005,0.005,0.005,0.006,0.004,0.004,0.005,0.005,0.005,0.004,0.004,0.005,0.068,0.068,0.07,0.084,0.091,0.082,0.093,0.109,0.107,0.096,0.068,0.053,0.005,0.004,0.006,0.004,0.005,0.005,0.004,0.004,0.004,0.004,0.004,0.006,0.005,0.005,0.004,0.005,0.006,0.005,0.005,0.005,0.005,0.004,0.005,0.004,0.005,0.004,0.005,0.005,0.004,0.004,0.004,0.004,0.005,0.005,0.003,0.003,0.133,0.125,0.128,0.164,0.184,0.174,0.204,0.206,0.212,0.199,0.228,0.186,0.177,0.16,0.17,0.148,0.006,0.005,0.005,0.005,0.004,0.004,0.005,0.005,KOL-90000002
2019-12-09,0.003,0.005,0.003,0.004,0.003,0.006,0.004,0.005,0.005,0.005,0.003,0.004,0.004,0.005,0.005,0.005,0.003,0.004,0.004,0.005,0.005,0.006,0.005,0.003,0.065,0.066,0.081,0.106,0.094,0.1,0.105,0.09,0.092,0.096,0.085,0.066,0.005,0.004,0.004,0.004,0.005,0.003,0.004,0.005,0.004,0.004,0.003,0.005,0.004,0.004,0.005,0.004,0.005,0.004,0.004,0.004,0.005,0.004,0.004,0.004,0.005,0.004,0.004,0.004,0.005,0.004,0.005,0.004,0.004,0.005,0.005,0.004,0.134,0.118,0.175,0.209,0.201,0.185,0.221,0.209,0.203,0.206,0.23,0.198,0.191,0.168,0.142,0.153,0.003,0.003,0.004,0.006,0.005,0.005,0.004,0.005,KOL-90000002
2019-12-10,0.003,0.005,0.005,0.005,0.004,0.005,0.003,0.003,0.003,0.004,0.005,0.005,0.004,0.005,0.005,0.003,0.004,0.006,0.004,0.005,0.004,0.004,0.005,0.006,0.064,0.064,0.073,0.07,0.081,0.094,0.1,0.084,0.081,0.109,0.061,0.075,0.003,0.005,0.004,0.004,0.005,0.006,0.004,0.003,0.005,0.006,0.004,0.004,0.004,0.004,0.004,0.004,0.003,0.003,0.005,0.005,0.004,0.003,0.005,0.004,0.005,0.005,0.005,0.005,0.005,0.003,0.004,0.005,0.004,0.005,0.004,0.004,0.122,0.152,0.17,0.176,0.177,0.191,0.228,0.188,0.194,0.215,0.188,0.196,0.184,0.171,,,,,,,,,,,KOL-90000002
2019-12-11,0.005,0.005,0.004,0.005,0.004,0.004,0.005,0.004,0.005,0.005,0.005,0.004,0.005,0.004,0.004,0.005,0.004,0.005,0.005,0.005,0.006,0.004,0.005,0.003,0.062,0.058,0.076,0.072,0.092,0.083,0.078,0.106,0.085,0.075,0.077,0.066,0.005,0.005,0.004,0.004,0.005,0.004,0.004,0.005,0.004,0.006,0.005,0.003,0.004,0.006,0.005,0.005,0.005,0.004,0.006,0.004,0.004,0.004,0.004,0.004,0.004,0.004,0.005,0.005,0.005,0.004,0.005,0.003,0.003,0.003,0.004,0.005,0.13,0.148,0.159,0.185,0.179,0.19,0.187,0.191,0.193,0.203,0.208,0.186,0.221,0.154,0.161,0.126,0.004,0.004,0.002,0.005,0.004,0.004,0.004,0.004,KOL-90000002
2019-12-12,0.005,0.004,0.004,0.005,0.005,0.005,0.004,0.005,0.004,0.004,0.005,0.004,0.004,0.004,0.004,0.003,0.004,0.006,0.006,0.005,0.004,0.004,0.006,0.004,0.064,0.075,0.074,0.079,0.092,0.089,0.085,0.096,0.094,0.097,0.088,0.066,0.006,0.004,0.004,0.004,0.004,0.004,0.004,0.004,0.006,0.004,0.006,0.004,0.005,0.005,0.005,0.004,0.006,0.004,0.004,0.005,0.005,0.003,0.005,0.004,0.005,0.004,0.003,0.005,0.004,0.006,0.006,0.004,0.004,0.005,0.004,0.002,0.092,0.144,0.157,0.172,0.195,0.219,0.193,0.213,0.188,0.195,0.2,0.16,0.165,0.186,0.149,0.123,0.004,0.005,0.004,0.004,0.004,0.004,0.003,0.005,KOL-90000002
2019-12-13,0.006,0.006,0.004,0.005,0.005,0.005,0.005,0.005,0.003,0.003,0.004,0.005,0.004,0.003,0.003,0.004,0.005,0.005,0.005,0.004,0.006,0.002,0.004,0.005,0.053,0.052,0.059,0.088,0.087,0.096,0.096,0.085,0.086,0.071,0.069,0.068,0.006,0.005,0.004,0.004,0.005,0.004,0.005,0.004,0.004,0.004,0.005,0.005,0.004,0.005,0.003,0.005,0.006,0.005,0.005,0.003,0.003,0.005,0.005,0.004,0.006,0.005,0.004,0.003,0.005,0.004,0.006,0.005,0.006,0.005,0.005,0.005,0.158,0.157,0.17,0.181,0.185,0.191,0.192,0.184,0.212,0.203,0.185,0.188,0.197,0.151,0.155,0.142,0.004,0.005,0.005,0.003,0.004,0.005,0.004,0.004,KOL-90000002
2019-12-14,0.005,0.004,0.003,0.004,0.006,0.005,0.004,0.004,0.003,0.005,0.006,0.004,0.005,0.005,0.005,0.005,0.004,0.005,0.004,0.005,0.005,0.005,0.004,0.005,0.069,0.048,0.086,0.09,0.096,0.098,0.086,0.087,0.079,0.071,0.081,0.073,0.004,0.005,0.003,0.004,0.004,0.005,0.003,0.005,0.004,0.005,0.004,0.004,0.004,0.006,0.005,0.004,0.005,0.004,0.005,0.004,0.006,0.006,0.004,0.005,0.005,0.005,0.005,0.003,0.006,0.005,0.005,0.005,0.006,0.005,0.006,0.005,0.119,0.164,0.177,0.184,0.193,0.214,0.207,0.183,0.207,0.192,0.223,0.2,0.193,0.186,0.16,0.14,0.007,0.003,0.005,0.005,0.004,0.006,0.004,0.004,KOL-90000002
2019-12-15,0.003,0.005,0.006,0.003,0.005,0.005,0.004,0.003,0.004,0.004,0.004,0.004,0.004,0.004,0.005,0.005,0.004,0.005,0.003,0.004,0.005,0.006,0.005,0.004,0.052,0.062,0.084,0.078,0.082,0.066,0.105,0.098,0.087,0.075,0.077,0.07,0.004,0.005,0.003,0.004,0.004,0.004,0.004,0.004,0.004,0.005,0.005,0.005,0.004,0.003,0.005,0.004,0.004,0.003,0.005,0.004,0.004,0.005,0.007,0.004,0.004,0.004,0.004,0.004,0.005,0.005,0.005,0.004,0.005,0.006,0.004,0.005,0.129,0.14,0.149,0.181,0.15,0.2,0.205,0.215,0.2,0.211,0.193,0.189,0.184,0.159,0.174,0.13,0.005,0.005,0.004,0.005,0.005,0.006,0.005,0.005,KOL-90000002
2019-12-16,0.003,0.005,0.004,0.002,0.005,0.004,0.005,0.004,0.003,0.005,0.003,0.005,0.004,0.004,0.004,0.005,0.005,0.003,0.004,0.004,0.005,0.004,0.004,0.004,0.052,0.072,0.071,0.082,0.091,0.09,0.094,0.092,0.105,0.069,0.056,0.081,0.004,0.003,0.005,0.003,0.004,0.004,0.005,0.003,0.004,0.006,0.005,0.004,0.005,0.005,0.006,0.004,0.005,0.006,0.004,0.006,0.004,0.005,0.003,0.004,0.004,0.003,0.004,0.004,0.004,0.003,0.004,,,,,,0.131,0.145,0.188,0.152,0.188,0.185,0.198,0.203,0.207,0.217,0.195,0.195,0.207,0.182,0.162,0.135,0.005,0.004,0.002,0.004,0.003,0.005,0.005,0.005,KOL-90000002
2019-12-17,0.004,0.006,0.004,0.004,0.004,0.005,0.004,0.004,0.005,0.005,0.004,0.003,0.004,0.006,0.006,0.004,0.003,0.005,0.005,0.004,0.005,0.005,0.005,0.006,0.079,0.057,0.084,0.095,0.096,0.084,0.103,0.096,0.102,0.094,0.056,0.048,0.003,0.006,0.006,0.005,0.003,0.005,0.004,0.005,0.005,0.004,0.005,0.004,0.005,0.004,0.004,0.005,0.006,0.005,0.004,0.004,0.005,0.004,0.004,0.005,0.006,0.004,0.003,0.005,0.004,0.003,0.006,0.005,0.005,0.005,0.004,0.005,0.124,0.136,0.141,0.179,0.194,0.187,0.204,0.2,0.21,0.189,0.202,0.181,0.177,0.179,0.181,0.109,0.005,0.004,0.004,0.004,0.004,0.004,0.005,0.005,KOL-90000002
2019-12-18,0.005,0.005,0.005,0.005,0.004,0.005,0.003,0.006,0.006,0.004,0.004,0.004,0.005,0.006,0.003,0.005,0.005,0.003,0.004,0.004,0.005,0.005,0.005,0.006,0.054,0.059,0.079,0.067,0.105,0.09,0.079,0.101,0.09,0.087,0.084,0.082,0.004,0.004,0.005,0.004,0.003,0.005,0.004,0.005,0.004,0.005,0.003,0.005,0.005,0.003,0.005,0.005,0.004,0.004,0.005,0.004,0.005,0.003,0.005,0.005,0.004,0.004,0.005,0.004,0.004,0.005,0.004,0.005,0.005,0.005,0.005,0.005,0.114,0.151,0.156,0.186,0.189,0.162,0.215,0.225,0.188,0.223,0.212,0.173,0.185,0.162,0.165,0.123,0.005,0.005,0.004,0.004,0.003,0.004,0.004,0.002,KOL-90000002
2019-12-19,0.003,0.004,0.004,0.004,0.005,0.005,0.004,0.006,0.004,0.005,0.004,0.005,0.004,0.006,0.004,0.005,0.007,0.005,0.005,0.005,0.004,0.004,0.004,0.005,0.029,0.054,0.069,0.077,0.089,0.103,0.099,0.084,0.075,0.076,0.06,0.091,0.004,0.005,0.004,0.005,0.005,0.004,0.003,0.005,0.004,0.004,0.004,0.006,0.005,0.005,0.004,0.004,0.004,0.005,0.004,0.005,0.005,0.005,0.004,0.004,0.004,0.004,0.003,0.004,0.004,0.003,0.006,0.004,0.005,0.003,0.006,0.005,0.12,0.137,0.174,0.172,0.203,0.178,0.216,0.191,0.217,0.188,0.187,0.182,0.151,0.181,0.14,0.144,0.003,0.006,0.006,0.004,0.003,0.004,0.005,0.005,KOL-90000002
2019-12-20,0.005,0.005,0.004,0.006,0.004,0.004,0.005,0.004,0.005,0.003,0.004,0.005,0.004,0.004,0.004,0.004,0.005,0.004,0.004,0.006,0.004,0.006,0.006,0.003,0.05,0.06,0.059,0.09,0.078,0.097,0.112,0.088,0.095,0.089,0.062,0.079,0.005,0.004,0.003,0.005,0.005,0.005,0.005,0.005,0.006,0.005,0.006,0.005,0.004,0.004,0.004,0.004,0.004,0.005,0.003,0.003,0.006,0.004,0.005,0.004,0.003,0.004,0.005,0.005,0.004,0.003,0.005,0.004,0.004,0.004,0.005,0.004,0.115,0.16,0.14,0.179,0.159,0.218,0.198,0.226,0.229,0.19,0.194,0.201,0.15,0.189,0.147,0.133,0.005,0.004,0.004,0.005,0.004,0.005,0.004,0.004,KOL-90000002
2019-12-21,0.005,0.005,0.004,0.005,0.004,0.004,0.004,0.006,0.005,0.006,0.005,0.004,0.005,0.005,0.005,0.004,0.003,0.005,0.004,0.004,0.004,0.004,0.005,0.004,0.06,0.079,0.07,0.095,0.089,0.082,0.093,0.09,0.099,0.088,0.084,0.07,0.004,0.006,0.006,0.005,0.004,0.005,0.004,0.004,0.004,0.005,0.005,0.006,0.005,0.004,0.005,0.005,0.003,0.005,0.005,0.006,0.005,0.005,0.007,0.004,0.005,0.005,0.004,0.004,0.004,0.005,0.004,0.004,0.003,0.004,0.005,0.005,0.101,0.152,0.16,0.163,0.157,0.162,0.175,0.223,0.205,0.191,0.178,0.188,0.18,0.164,0.14,0.122,0.004,0.006,0.006,0.003,0.004,0.004,0.004,0.005,KOL-90000002
2019-12-22,0.003,0.005,0.004,0.005,0.004,0.005,0.003,0.004,0.004,0.004,0.005,0.005,0.005,0.004,0.004,0.004,0.004,0.005,0.005,0.005,0.004,0.005,0.005,0.006,0.05,0.062,0.069,0.081,0.104,0.104,0.094,0.089,0.089,0.082,0.068,0.059,0.005,0.005,0.006,0.005,0.003,0.004,0.005,0.004,0.004,0.005,0.005,0.004,0.005,0.003,0.004,0.004,0.005,0.004,0.005,0.005,0.003,0.005,0.005,0.003,0.004,0.004,0.006,0.004,0.005,0.005,0.005,0.004,0.005,0.004,0.005,0.005,0.147,0.146,0.18,0.174,0.183,0.189,0.199,0.189,0.204,0.212,0.21,0.203,0.159,0.164,0.159,0.132,0.004,0.005,0.003,0.005,0.004,0.003,0.005,0.003,KOL-90000002
2019-12-23,0.004,0.003,0.005,0.005,0.005,0.003,0.004,0.005,0.005,0.005,0.004,0.004,0.005,0.003,0.004,0.004,0.005,0.005,0.004,0.005,0.003,0.005,0.005,0.003,0.041,0.082,0.08,0.097,0.086,0.097,0.089,0.1,0.1,0.078,0.059,0.082,0.003,0.005,0.006,0.004,0.004,0.004,0.005,0.005,0.005,0.005,0.004,0.004,0.005,0.005,0.004,0.005,0.005,0.005,0.004,0.006,0.005,0.005,0.004,0.005,0.005,0.004,0.004,0.004,0.003,0.004,0.006,0.005,0.004,0.004,0.005,0.003,0.114,0.131,0.133,0.169,0.165,0.162,0.219,0.219,0.199,0.213,0.201,0.186,0.163,0.186,0.162,0.151,0.003,0.004,0.005,0.004,0.005,0.003,0.006,0.005,KOL-90000002
2019-12-24,0.006,0.004,0.005,0.005,0.004,0.005,0.003,0.003,0.005,0.005,0.004,0.004,0.003,0.004,0.005,0.006,0.005,0.006,0.003,0.006,0.005,0.005,0.004,0.004,0.054,0.08,0.083,0.086,0.08,0.101,0.083,0.097,0.09,0.09,0.071,0.079,0.004,0.004,0.004,0.003,0.005,0.003,0.005,0.005,0.005,0.006,0.003,0.003,0.004,0.006,0.004,0.005,0.005,0.004,0.002,0.003,0.004,0.004,0.006,0.004,0.005,0.006,0.004,0.003,0.006,0.003,0.004,0.005,0.005,0.005,0.005,0.004,0.131,0.122,0.179,0.172,0.173,0.183,0.193,0.201,0.2,0.174,0.222,0.198,0.196,0.139,0.165,0.146,0.006,0.004,0.004,0.003,0.004,0.003,0.005,0.006,KOL-90000002
2019-12-25,0.003,0.005,0.005,0.005,0.006,0.004,0.004,0.008,0.004,0.005,0.005,0.005,0.004,0.005,0.005,0.004,0.004,0.004,0.005,0.005,0.004,0.004,0.005,0.004,0.062,0.07,0.063,0.079,0.079,0.112,0.083,0.104,0.085,0.066,0.066,0.053,0.004,0.005,0.005,0.003,0.003,0.004,0.006,0.005,0.004,0.004,0.004,0.006,0.003,0.005,0.005,0.006,0.006,0.004,0.003,0.005,0.003,0.005,0.005,0.003,0.005,0.005,0.003,0.004,0.005,0.004,0.005,0.003,0.005,0.002,0.004,0.005,0.16,0.158,0.168,0.167,0.18,0.179,0.201,0.202,0.205,0.224,0.205,0.212,0.179,0.176,0.163,0.155,0.006,0.004,0.004,0.005,0.006,0.004,0.004,0.005,KOL-90000002
2019-12-26,0.003,0.006,0.005,0.005,0.005,0.005,0.004,0.005,0.004,0.004,0.005,0.005,0.003,0.005,0.004,0.006,0.004,0.006,0.005,0.005,0.003,0.004,0.004,0.004,0.055,0.065,0.071,0.084,0.101,0.082,0.085,0.087,0.109,0.086,0.083,0.069,0.005,0.004,0.005,0.004,0.004,0.004,0.005,0.003,0.003,0.004,0.005,0.005,0.005,0.005,0.004,0.004,0.004,0.005,0.005,0.004,0.004,0.004,0.004,0.005,0.006,0.005,0.006,0.006,0.004,0.005,0.005,0.004,0.003,0.004,0.005,0.006,0.133,0.133,0.16,0.174,0.198,0.174,0.199,0.177,0.224,0.198,0.207,0.216,0.174,0.187,0.136,0.158,0.004,0.005,0.003,0.005,0.005,0.005,0.005,0.006,KOL-90000002
2019-12-27,0.003,0.005,0.005,0.004,0.003,0.004,0.003,0.004,0.005,0.005,0.005,0.004,0.005,0.005,0.005,0.005,0.004,0.004,0.004,0.005,0.005,0.004,0.006,0.006,0.055,0.049,0.078,0.09,0.094,0.104,0.09,0.099,0.097,0.076,0.058,0.073,0.004,0.005,0.005,0.005,0.003,0.005,0.006,0.006,0.004,0.005,0.005,0.003,0.004,0.005,0.004,0.004,0.006,0.003,0.004,0.003,0.004,0.005,0.005,0.004,0.004,0.004,0.005,0.004,0.006,0.005,0.004,0.005,0.005,0.004,0.005,0.005,0.138,0.134,0.148,0.165,0.19,0.186,0.196,0.197,0.227,0.188,0.193,0.199,0.187,0.118,0.164,0.136,0.005,0.004,0.004,0.005,0.005,0.003,0.005,0.005,KOL-90000002
2019-12-28,0.005,0.004,0.005,0.006,0.005,0.005,0.004,0.004,0.005,0.004,0.003,0.004,0.005,0.004,0.006,0.004,0.005,0.004,0.005,0.006,0.004,0.006,0.004,0.006,0.045,0.074,0.095,0.085,0.095,0.105,0.108,0.1,0.067,0.072,0.056,0.08,0.005,0.004,0.005,0.005,0.005,0.004,0.004,0.005,0.004,0.004,0.004,0.003,0.005,0.004,0.004,0.006,0.006,0.006,0.005,0.005,0.004,0.005,0.004,0.003,0.003,0.004,0.005,0.006,0.003,0.004,0.005,0.004,0.005,0.004,0.005,0.006,0.125,0.11,0.159,0.166,0.165,0.201,0.204,0.207,0.206,0.219,0.199,0.193,0.184,0.166,0.143,0.143,0.005,0.004,0.004,0.004,0.005,0.004,0.005,0.004,KOL-90000002
2019-12-29,0.006,0.004,0.005,0.005,0.005,0.004,0.004,0.006,0.006,0.004,0.005,0.005,0.006,0.004,0.004,0.004,0.005,0.004,0.004,0.003,0.006,0.004,0.004,0.006,0.058,0.058,0.091,0.103,0.097,0.098,0.093,0.111,0.08,0.086,0.063,0.061,0.005,0.005,0.005,0.005,0.005,0.005,0.006,0.004,0.004,0.003,0.005,0.005,0.005,0.005,0.004,0.005,0.005,0.005,0.004,0.004,0.005,0.003,0.004,0.005,0.004,0.005,0.006,0.005,0.004,0.005,0.006,0.004,0.005,0.006,0.004,0.003,0.119,0.139,0.17,0.152,0.167,0.192,0.195,0.206,0.2,0.209,0.19,0.197,0.193,0.155,0.14,0.139,0.004,0.006,0.004,0.004,0.005,0.004,0.005,0.004,KOL-90000002
2019-12-30,0.004,0.005,0.006,0.005,0.005,0.006,0.006,0.005,0.004,0.004,0.005,0.005,0.004,0.006,0.003,0.003,0.005,0.004,0.005,0.004,0.004,0.005,0.005,0.004,0.051,0.068,0.077,0.087,0.084,0.102,0.092,0.096,0.087,0.085,0.09,0.053,0.004,0.005,0.004,0.004,0.004,0.005,0.003,0.004,0.005,0.006,0.005,0.006,0.004,0.004,0.004,0.005,0.004,0.004,0.005,0.004,0.004,0.004,0.004,0.004,0.004,0.005,0.004,0.006,0.004,0.005,0.006,0.006,0.004,0.004,0.004,0.004,0.122,0.13,0.151,0.173,0.173,0.19,0.162,0.202,0.213,0.202,0.202,0.22,0.168,0.169,0.176,0.136,0.005,0.005,0.004,0.004,0.006,0.004,0.003,0.004,KOL-90000002
2019-12-31,0.004,0.004,0.004,0.005,0.004,0.005,0.005,0.005,0.005,0.005,0.004,0.006,0.003,0.005,0.004,0.004,0.004,0.004,0.006,0.003,0.005,0.003,0.003,0.005,0.041,0.064,0.081,0.09,0.074,0.107,0.096,0.095,0.098,0.089,0.095,0.056,0.004,0.006,0.004,0.005,0.004,0.004,0.004,0.005,0.003,0.006,0.005,0.004,0.004,0.005,0.005,0.005,0.005,0.005,0.004,0.005,0.003,0.004,0.005,0.005,0.005,0.004,0.005,0.004,0.004,0.003,0.004,0.004,0.005,0.004,0.006,0.006,0.13,0.126,0.139,0.184,0.188,0.203,0.199,0.174,0.212,0.188,,,0.184,0.18,0.138,0.137,0.004,0.003,0.004,0.004,0.003,0.005,0.004,0.004,KOL-90000002
2020-01-01,0.004,0.004,0.004,0.005,0.004,0.005,0.004,0.006,0.006,0.004,0.004,0.004,0.005,0.004,0.003,0.004,0.005,0.004,0.004,0.004,0.004,0.005,0.004,0.004,0.065,0.051,0.077,0.094,0.08,0.087,0.106,0.093,0.08,0.05,0.072,0.061,0.005,0.005,0.006,0.004,0.005,0.003,0.002,0.005,0.003,0.004,0.004,0.004,0.004,0.005,0.005,0.005,0.005,0.005,0.005,0.004,0.004,0.005,0.005,0.005,0.004,0.005,0.006,0.004,0.004,0.005,0.004,0.004,0.004,0.005,0.004,0.003,0.12,0.132,0.138,0.18,0.163,0.184,0.211,0.194,0.195,0.211,0.189,0.184,0.215,0.15,0.14,0.131,0.005,0.005,0.004,0.005,0.005,0.004,0.004,0.004,KOL-90000002
2020-01-02,0.003,0.006,0.004,0.004,0.006,0.004,0.005,0.005,0.005,0.004,0.003,0.006,0.005,0.004,0.004,0.005,0.003,0.006,0.005,0.004,0.005,0.005,0.002,0.005,0.06,0.078,0.077,0.081,0.101,0.076,0.108,0.075,0.096,0.095,0.074,0.066,0.004,0.005,0.005,0.004,0.004,0.005,0.005,0.004,0.005,0.004,0.003,0.004,0.007,0.004,0.003,0.005,0.004,0.003,0.005,0.004,0.004,0.004,0.004,0.005,0.006,0.006,0.004,0.004,0.005,0.004,0.004,0.004,0.005,0.004,0.004,0.004,0.155,0.148,0.149,0.165,0.194,0.195,0.198,0.199,0.175,0.214,0.196,0.179,0.166,0.169,0.159,0.164,0.005,0.004,0.005,0.003,0.005,0.004,0.006,0.004,KOL-90000002
2020-01-03,0.005,0.005,0.006,0.004,0.005,0.005,0.004,0.005,0.005,0.005,0.004,0.004,0.004,0.005,0.005,0.002,0.005,0.002,0.004,0.003,0.004,0.004,0.004,0.004,0.049,0.072,0.085,0.075,0.092,0.1,0.109,0.099,0.095,0.083,0.086,0.063,0.005,0.004,0.005,0.005,0.004,0.004,0.004,0.004,0.004,0.005,0.004,0.006,0.004,0.005,0.004,0.005,0.003,0.005,0.005,0.004,0.005,0.003,0.004,0.005,0.004,0.004,0.005,0.005,0.004,0.004,0.005,0.005,0.004,0.004,0.004,0.004,0.13,0.12,0.156,0.177,0.183,0.2,0.202,0.2,0.196,0.176,0.209,0.18,0.177,0.176,0.146,0.135,0.005,0.004,0.004,0.004,0.005,0.004,0.006,0.004,KOL-90000002
2020-01-04,0.004,0.004,0.004,0.004,0.004,0.005,0.005,0.005,0.004,0.004,0.005,0.005,0.005,0.005,0.006,0.006,0.003,0.004,0.005,0.005,0.004,0.004,0.004,0.004,0.063,0.07,0.07,0.085,0.089,0.092,0.1,0.1,0.088,0.086,0.07,0.064,0.004,0.005,0.004,0.002,0.005,0.005,0.005,0.006,0.005,0.003,0.005,0.004,0.003,0.006,0.003,0.005,0.003,0.004,0.006,0.005,0.006,0.004,0.005,0.004,0.004,0.005,0.004,0.004,0.005,0.005,0.005,0.004,0.003,0.003,0.005,0.004,0.123,0.141,0.144,0.168,0.201,0.21,0.174,0.222,0.183,0.211,0.195,0.211,0.161,0.186,0.171,0.141,0.004,0.004,0.005,0.004,0.006,0.004,0.005,0.004,KOL-90000002
2020-01-05,0.005,0.006,0.004,0.004,0.005,0.005,0.005,0.004,0.004,0.004,0.004,0.005,0.004,0.004,0.006,0.005,0.004,0.005,0.004,0.004,0.004,0.003,0.005,0.004,0.057,0.066,0.075,0.097,0.101,0.088,0.099,0.1,0.086,0.08,0.079,0.055,0.004,0.005,0.004,0.005,0.004,0.004,0.005,0.004,0.003,0.005,0.004,0.004,0.004,0.004,0.006,0.005,0.004,0.005,0.005,0.005,0.005,0.004,0.006,0.004,0.005,0.004,0.004,0.006,0.004,0.005,0.004,0.005,0.004,0.003,0.005,0.004,0.126,0.146,0.132,0.2,0.186,0.182,0.204,0.186,0.22,0.213,0.179,0.168,0.218,0.171,0.154,0.134,0.004,0.004,0.003,0.004,0.005,0.004,0.005,0.003,KOL-90000002
2020-01-06,0.004,0.006,0.005,0.006,0.005,0.004,0.005,0.005,0.006,0.004,0.005,0.004,0.005,0.004,0.004,0.003,0.005,0.003,0.004,0.005,0.004,0.005,0.005,0.006,0.049,0.06,0.082,0.09,0.088,0.098,0.095,0.085,0.093,0.077,0.095,0.075,0.005,0.004,0.004,0.005,0.006,0.005,0.004,0.002,0.005,0.004,0.004,0.003,0.006,0.005,0.004,0.004,0.005,0.004,0.004,0.004,0.005,0.006,0.006,0.005,0.005,0.004,0.005,0.007,0.005,0.005,,,,,,,,,0.144,0.159,0.181,0.184,0.2,0.203,0.187,0.213,0.189,0.194,0.146,0.179,0.149,0.147,0.005,0.003,0.005,0.004,0.005,0.005,0.005,0.005,KOL-90000002
2020-01-07,0.005,0.005,0.004,0.004,0.004,0.005,0.004,0.004,0.006,0.004,0.003,0.005,0.004,0.005,0.004,0.004,0.005,0.004,0.003,0.004,0.004,0.003,0.005,0.005,0.059,0.063,0.072,0.073,0.095,0.095,0.095,0.115,0.094,0.094,0.063,0.06,0.005,0.005,0.004,0.005,0.005,0.005,0.003,0.005,0.005,0.006,0.004,0.004,0.005,0.003,0.004,0.004,0.006,0.005,0.004,0.004,0.005,0.004,0.005,0.005,0.004,0.005,0.003,0.004,0.006,0.004,0.005,0.005,0.004,0.004,0.005,0.006,0.115,0.146,0.174,0.171,0.187,0.171,0.178,0.202,0.239,0.201,0.21,0.211,0.177,0.178,0.157,0.14,0.004,0.005,0.004,0.004,0.005,0.006,0.006,0.003,KOL-90000002
2020-01-08,0.004,0.005,0.005,0.004,0.004,0.004,0.005,0.002,0.005,0.005,0.005,0.004,0.003,0.004,0.005,0.005,0.004,0.005,0.003,0.004,0.006,0.005,0.004,0.004,0.057,0.068,0.064,0.092,0.09,0.098,0.088,0.092,0.076,0.083,0.065,0.069,0.004,0.006,0.006,0.003,0.005,0.003,0.004,0.005,0.005,0.005,0.006,0.004,0.005,0.004,0.005,0.004,0.005,0.005,0.004,0.004,0.004,0.004,0.004,0.004,0.004,0.005,0.004,0.005,0.004,0.004,0.004,0.003,0.005,0.005,0.004,0.004,0.111,0.135,0.145,0.186,0.194,0.195,0.216,0.201,0.23,0.195,0.186,0.182,0.205,0.162,0.147,0.122,0.004,0.004,0.005,0.004,0.004,0.004,0.006,0.006,KOL-90000002
2020-01-09,0.005,0.005,0.006,0.004,0.006,0.004,0.003,0.005,0.004,0.003,0.004,0.004,0.005,0.005,0.005,0.003,0.005,0.004,0.004,0.004,0.007,0.005,0.006,0.004,0.058,0.078,0.075,0.077,0.095,0.096,0.087,0.106,0.08,0.064,0.08,0.06,0.005,0.004,0.004,0.005,0.006,0.005,0.005,0.004,0.005,0.004,0.005,0.005,0.004,0.004,0.005,0.004,0.005,0.006,0.004,0.005,0.004,0.004,0.006,0.006,0.003,0.005,0.003,0.005,0.006,0.005,0.005,0.005,0.004,0.004,0.004,0.004,0.118,0.151,0.168,0.182,0.181,0.218,0.203,0.218,0.195,0.213,0.209,0.193,0.199,0.148,0.159,0.132,0.005,0.004,0.005,0.005,0.005,0.005,0.005,0.005,KOL-90000002
2020-01-10,0.006,0.003,0.004,0.004,0.005,0.004,0.002,0.005,0.006,0.004,0.005,0.003,0.006,0.004,0.005,0.005,0.004,0.005,0.006,0.004,0.004,0.004,0.003,0.004,0.053,0.062,,,,0.077,0.104,0.096,0.091,0.077,0.062,0.065,0.005,0.005,0.005,0.005,0.005,0.005,0.004,0.004,0.006,0.004,0.005,0.005,0.004,0.005,0.004,0.004,0.004,0.006,0.005,0.004,0.003,0.004,0.004,0.004,0.005,0.005,0.005,0.003,0.003,0.006,0.005,0.005,0.005,0.005,0.005,0.004,0.103,0.161,0.149,0.175,0.19,0.18,0.211,0.216,0.203,0.234,0.189,0.199,0.19,0.153,0.137,0.128,0.005,0.005,0.004,0.003,0.004,0.006,0.004,0.005,KOL-90000002
2020-01-11,0.003,0.004,0.006,0.004,0.005,0.004,0.005,0.005,0.006,0.005,0.005,0.003,0.004,0.004,0.003,0.005,0.006,0.005,0.004,0.005,0.004,0.005,0.004,,,,,,,,,,0.096,0.081,0.079,0.066,0.005,0.005,0.004,0.005,0.004,0.004,0.006,0.005,0.005,0.005,0.005,0.004,0.003,0.005,0.005,0.006,0.005,0.004,0.005,0.005,0.004,0.004,0.005,0.004,0.004,0.004,0.004,0.005,0.004,0.005,0.003,0.005,0.005,0.005,0.005,0.006,0.135,0.178,0.17,0.172,0.181,0.161,0.187,0.209,0.191,0.209,0.192,0.182,0.169,0.186,0.15,0.137,0.005,0.005,0.004,0.004,0.005,0.004,0.004,0.004,KOL-90000002
2020-01-12,0.006,0.004,0.005,0.004,0.005,0.004,0.005,0.006,0.004,0.005,0.005,0.004,0.005,0.004,0.004,0.005,0.005,0.005,0.004,0.005,0.004,0.005,0.005,0.005,0.048,0.065,0.068,0.086,0.092,0.106,0.091,0.086,0.095,0.08,0.052,0.071,0.003,0.005,0.005,0.005,0.005,0.004,0.005,0.004,0.006,0.004,0.005,0.003,0.006,0.005,0.004,0.005,0.004,0.004,0.003,0.005,0.004,0.006,0.005,0.005,0.003,0.004,0.005,0.004,0.004,0.005,0.004,0.005,0.005,0.006,0.004,0.005,0.134,0.141,0.139,0.187,0.187,0.19,0.218,0.203,0.211,0.196,0.203,0.169,0.175,0.184,0.139,0.154,0.004,0.005,0.006,0.005,0.006,0.005,0.005,0.004,KOL-90000002
2020-01-13,0.004,0.004,0.005,0.006,0.004,0.004,0.005,0.005,0.005,0.004,0.005,0.005,0.006,0.005,0.005,0.005,0.004,0.005,0.004,0.005,0.004,0.005,0.005,0.005,0.042,0.069,0.07,0.072,0.068,0.069,0.096,0.095,0.092,0.083,0.077,0.058,0.004,0.005,0.005,0.005,0.005,0.004,0.004,0.005,0.004,0.005,0.003,0.006,0.005,0.003,0.004,0.004,0.004,0.005,0.005,0.005,0.005,0.005,0.005,0.006,0.006,0.003,0.004,0.006,0.005,0.005,0.005,0.005,0.005,0.005,0.004,0.004,0.113,0.163,0.143,0.136,0.169,0.199,0.189,0.168,0.199,0.19,0.226,0.207,0.223,0.173,0.142,0.131,0.004,0.004,0.004,0.003,0.005,0.005,0.005,0.005,KOL-90000002
2020-01-14,0.005,0.004,0.004,0.005,0.004,0.005,0.005,0.004,0.005,0.006,0.004,0.004,0.005,0.005,0.005,0.004,0.003,0.004,0.006,0.005,0.004,0.005,0.005,0.004,0.064,0.063,0.064,0.084,0.085,0.099,0.101,0.098,0.082,0.093,0.069,0.064,0.005,0.004,0.004,0.003,0.004,0.006,,,,,0.005,0.004,0.006,0.003,0.004,0.006,0.005,0.005,0.005,0.004,0.005,0.006,0.006,0.004,0.005,0.003,0.005,0.005,0.005,0.005,0.004,0.004,0.005,0.004,0.005,0.004,0.123,0.104,0.166,0.178,0.19,0.195,0.192,0.208,0.197,0.216,0.208,0.199,0.185,0.168,0.173,0.162,0.007,0.006,0.004,0.004,0.004,0.005,0.005,0.005,KOL-90000002
2020-01-15,0.003,0.003,0.006,0.005,0.005,0.003,0.004,0.005,0.004,0.005,0.006,0.005,0.006,0.004,0.005,0.004,0.006,0.004,0.005,0.004,0.004,0.005,0.005,0.005,0.053,0.065,0.069,0.072,0.08,0.087,0.098,0.1,0.113,0.049,0.081,0.065,0.005,0.004,0.005,0.005,0.005,0.003,0.004,0.004,0.005,0.003,0.005,0.005,0.004,0.004,0.003,0.004,0.004,0.004,0.002,0.005,0.004,0.005,0.003,0.005,0.004,0.005,0.005,0.007,0.003,0.004,0.004,0.005,0.005,0.004,0.004,0.004,0.133,,,,,,,,,0.208,0.198,0.185,0.158,0.153,0.154,0.175,0.003,0.003,0.005,0.004,0.005,0.005,0.005,0.004,KOL-90000002
2020-01-16,0.004,0.004,0.005,0.004,0.005,0.005,0.004,0.005,0.005,0.005,0.004,0.004,0.003,0.003,0.006,0.004,0.005,0.005,0.005,0.004,0.005,0.006,0.004,0.003,0.045,0.061,0.093,0.075,0.091,0.1,0.106,0.111,0.096,0.079,0.074,0.064,0.005,0.005,0.005,0.004,0.004,0.004,0.005,0.005,0.004,0.005,0.005,0.005,0.005,0.003,0.004,0.006,0.005,0.005,0.005,0.004,0.004,0.004,0.004,0.005,0.005,0.003,0.006,0.004,0.004,0.004,0.004,0.004,0.006,0.005,0.005,0.003,0.123,0.148,0.13,0.172,0.182,0.208,0.199,0.199,0.213,0.192,0.19,0.204,0.203,0.162,0.137,0.162,0.005,0.004,0.005,0.004,0.006,0.004,0.004,0.004,KOL-90000002
2020-01-17,0.006,0.005,0.006,0.004,0.004,0.004,0.004,0.005,0.004,0.004,0.005,0.005,0.005,0.004,0.003,0.005,0.003,0.005,0.005,0.004,0.005,0.004,0.006,0.005,0.048,0.079,0.087,0.081,0.085,0.104,0.09,0.09,0.104,0.099,0.057,0.064,0.004,0.004,0.004,0.004,0.006,0.004,0.004,0.005,0.004,0.005,0.004,0.005,0.004,0.004,0.006,0.005,0.003,0.005,0.004,0.005,0.003,0.005,0.005,0.004,0.005,0.003,0.004,0.006,0.004,0.003,0.005,0.004,0.004,0.003,0.005,0.006,0.121,0.163,0.178,0.163,0.166,0.212,0.182,0.201,0.185,0.191,0.198,0.176,0.184,0.184,0.172,0.134,0.004,0.003,0.003,0.004,0.005,0.004,0.005,0.005,KOL-90000002
2020-01-18,0.003,0.005,0.004,0.005,0.004,0.004,0.006,0.005,0.005,0.005,0.005,0.005,0.006,0.006,0.005,0.005,0.006,0.006,0.004,0.005,0.004,0.004,0.004,0.004,0.056,0.057,0.074,0.079,0.094,0.095,0.088,0.085,0.082,0.086,0.068,0.062,0.006,0.004,0.003,0.006,0.004,0.005,0.005,0.005,0.004,0.003,0.006,0.005,0.005,0.004,0.005,0.004,0.004,0.003,0.006,0.005,0.005,0.004,0.004,0.004,0.005,0.004,0.006,0.004,0.004,0.004,0.006,0.003,0.004,0.005,0.005,0.005,0.114,0.151,0.145,0.187,0.206,0.194,0.216,0.197,0.179,0.171,0.207,0.169,0.146,0.18,0.166,0.135,0.005,0.003,0.004,0.004,0.005,0.005,0.005,0.003,KOL-90000002
2020-01-19,0.005,0.004,0.005,0.005,0.005,0.004,0.005,0.006,0.003,0.005,0.006,0.004,0.005,0.005,0.005,0.004,0.005,0.004,0.005,0.005,0.005,0.003,0.006,0.005,0.06,0.057,0.071,0.09,0.092,0.097,0.098,0.083,0.098,0.07,0.064,0.061,0.004,0.004,0.004,0.005,0.004,0.004,0.006,0.005,0.005,0.004,0.005,0.004,0.003,0.005,0.006,0.005,0.006,0.005,0.005,0.004,0.004,0.004,0.004,0.003,0.005,0.006,0.003,0.004,0.004,0.004,0.004,0.005,0.004,0.005,0.003,0.004,0.124,0.168,0.164,0.174,0.172,0.212,0.205,0.217,0.213,0.181,0.184,0.184,0.164,0.163,0.143,0.148,0.005,0.005,0.005,0.004,0.005,0.006,0.004,0.003,KOL-90000002
2020-01-20,0.004,0.004,0.004,0.004,0.004,0.006,0.004,0.005,0.004,0.007,0.004,0.005,0.003,0.004,0.004,0.004,0.005,0.004,0.004,0.003,0.005,0.005,0.003,0.002,0.065,0.059,0.063,0.107,0.071,0.098,0.098,0.108,0.084,0.1,0.067,0.067,0.006,0.005,0.004,0.006,0.004,0.003,0.005,0.005,0.005,0.004,0.005,0.004,0.002,0.004,0.005,0.003,0.006,0.004,0.004,0.004,0.004,0.003,0.006,0.005,0.004,0.005,0.004,0.004,0.004,0.006,0.005,0.005,0.005,0.005,0.004,0.005,0.13,0.166,0.158,0.18,0.176,0.19,0.217,0.206,0.215,0.212,0.177,0.181,0.188,0.164,0.131,0.132,0.005,0.005,0.004,0.004,0.005,0.004,0.005,0.005,KOL-90000002
2020-01-21,0.005,0.004,0.004,0.004,0.004,0.005,0.005,0.004,0.006,0.004,0.004,0.005,0.005,0.004,0.005,0.005,0.005,0.005,0.005,0.004,0.004,0.005,0.005,0.004,0.049,0.073,0.07,0.066,0.099,0.093,0.095,0.09,0.087,0.079,0.068,0.073,0.004,0.005,0.005,0.005,0.003,0.004,0.005,0.004,0.004,0.004,0.004,0.006,0.004,0.003,0.005,0.005,0.005,0.005,0.004,0.005,0.005,0.005,0.006,0.005,0.005,0.005,0.005,0.004,0.003,0.006,0.003,0.005,0.005,0.004,0.004,0.005,0.123,0.116,0.191,0.175,0.207,0.162,0.202,0.188,0.197,0.19,0.183,0.165,0.158,0.164,0.156,0.157,0.004,0.003,0.004,0.004,0.004,0.004,0.004,0.005,KOL-90000002
2020-01-22,0.004,0.005,0.004,0.004,0.006,0.005,0.005,0.004,0.005,0.005,0.006,0.003,0.005,0.005,0.004,0.003,0.005,0.005,0.004,0.005,0.004,0.006,0.005,0.004,0.064,0.056,0.07,0.091,0.076,0.091,0.094,0.098,0.076,0.072,0.077,0.064,0.004,0.006,0.005,0.004,0.005,0.004,0.005,0.005,0.005,0.005,0.004,0.003,0.004,0.005,0.006,0.005,0.005,0.005,0.004,0.005,0.005,0.005,0.005,0.005,0.002,0.005,0.006,0.004,0.003,0.005,0.004,0.004,0.004,0.005,0.005,0.005,0.116,0.147,0.164,0.164,0.18,0.179,0.196,0.184,0.221,0.205,0.2,0.206,0.194,0.181,0.174,0.139,0.006,0.004,0.006,0.006,0.006,0.004,0.005,0.005,KOL-90000002
2020-01-23,0.004,0.005,0.004,0.004,0.004,0.004,0.006,0.003,0.005,0.003,0.005,0.005,0.004,0.004,0.005,0.004,0.006,0.005,0.005,0.005,0.004,0.006,0.005,0.005,0.058,0.072,0.072,0.088,0.077,0.084,0.095,0.095,0.104,0.078,0.076,0.067,0.004,0.004,0.006,0.004,0.005,0.004,0.004,0.005,0.005,0.004,0.003,0.006,0.005,0.003,0.006,0.005,0.005,0.005,0.004,0.004,0.005,0.004,0.005,0.005,0.004,0.006,0.003,0.004,0.005,0.005,0.005,0.004,0.003,0.004,0.005,0.005,0.141,0.115,0.155,0.192,0.174,0.2,0.199,0.179,0.209,0.207,0.214,0.199,0.183,0.182,0.155,0.147,0.005,0.004,0.007,0.004,0.005,0.005,0.005,0.004,KOL-90000002
2020-01-24,0.005,0.005,0.005,0.003,0.005,0.004,0.004,0.005,0.005,0.004,0.005,0.006,0.005,0.005,0.004,0.006,0.005,0.004,0.005,0.005,0.004,0.004,0.004,0.005,0.055,0.061,0.074,0.086,0.086,0.099,0.087,0.096,0.059,0.078,0.069,0.074,0.004,0.003,0.004,0.004,0.003,0.004,0.005,0.004,0.003,0.006,0.005,0.005,0.006,0.006,0.004,0.005,0.004,0.004,0.005,0.004,0.005,0.004,0.004,0.004,0.005,0.003,0.005,0.003,0.004,0.006,0.003,0.006,0.003,0.004,0.004,0.005,0.12,0.124,0.154,0.161,0.178,0.184,0.189,0.218,0.205,0.203,0.199,0.223,0.17,0.16,0.17,0.141,0.005,0.004,0.003,0.005,0.003,0.004,0.004,0.004,KOL-90000002
2020-01-25,0.004,0.004,0.005,0.005,0.005,0.005,0.004,0.005,0.005,0.005,0.006,0.004,0.005,0.004,0.005,0.005,0.004,0.005,0.004,0.005,0.005,0.005,0.004,0.005,0.075,0.067,0.066,0.087,0.088,0.093,0.114,0.098,0.087,0.083,0.076,0.064,0.005,0.004,0.003,0.005,0.007,0.005,0.006,0.004,0.004,0.005,0.005,0.005,0.004,0.005,0.005,0.004,0.005,0.004,0.004,0.005,0.005,0.005,0.004,0.004,0.005,0.006,0.005,0.005,0.005,0.004,0.004,0.004,0.004,0.004,0.004,0.005,0.092,0.097,0.152,0.195,0.162,0.184,0.215,0.195,0.231,0.202,0.177,0.195,0.168,0.188,0.119,0.137,0.003,0.005,0.005,0.005,0.003,0.003,0.004,0.005,KOL-90000002
2020-01-26,0.005,0.003,0.005,0.005,0.005,0.006,0.004,0.004,0.004,0.005,0.003,0.004,0.004,0.006,0.005,0.003,0.003,0.004,0.005,0.003,0.005,0.003,0.004,0.003,0.056,0.07,0.078,0.087,0.087,0.092,0.081,0.104,0.088,0.061,0.073,0.078,0.005,0.005,0.004,0.004,0.005,0.004,0.003,0.004,0.004,0.005,0.004,0.003,0.005,0.005,0.004,0.005,0.003,0.005,0.004,0.005,0.004,0.005,0.004,0.005,0.004,0.006,0.005,0.004,0.005,0.005,0.005,0.003,0.005,0.004,0.005,0.004,0.133,0.127,0.169,0.169,0.214,0.169,0.208,0.22,0.209,0.194,0.208,0.193,0.211,0.183,0.173,0.141,0.004,0.005,0.005,0.004,0.006,0.005,0.005,0.004,KOL-90000002
2020-01-27,0.004,0.003,0.005,0.005,0.006,0.006,0.005,0.004,0.005,0.005,0.006,0.005,0.006,0.005,0.005,0.003,0.005,0.006,0.004,0.005,0.004,0.004,0.004,0.005,0.04,0.073,0.073,0.087,0.08,0.105,0.098,0.093,0.104,0.086,0.081,0.078,0.005,0.006,0.004,0.005,0.005,0.004,0.004,0.004,0.004,0.006,0.006,0.004,0.005,0.005,0.004,0.003,0.005,0.004,0.005,0.004,0.005,0.004,0.004,0.005,0.004,0.005,0.006,0.006,0.005,0.004,0.004,0.005,0.003,0.005,0.004,0.005,0.119,0.15,0.151,0.191,0.174,0.17,0.2,0.196,0.219,0.205,0.222,0.174,0.2,0.176,0.145,0.162,0.005,0.003,0.003,0.005,0.004,0.004,0.004,0.003,KOL-90000002
2020-01-28,0.003,0.004,0.004,0.005,0.003,0.006,0.004,0.005,0.005,0.004,0.004,0.004,0.004,0.004,0.005,0.004,0.004,0.004,0.005,0.004,0.005,0.003,0.006,0.004,0.051,0.068,0.064,0.083,0.104,0.105,0.079,0.094,0.085,0.083,0.066,0.054,0.005,0.004,0.004,0.004,0.005,0.005,0.004,0.005,0.004,0.005,0.005,0.004,0.005,0.004,0.004,0.005,0.004,0.005,0.005,0.006,0.005,0.005,0.005,0.004,0.004,0.005,0.004,0.003,0.005,0.005,0.004,0.004,0.005,0.005,0.005,0.004,0.104,0.136,0.165,0.176,0.196,0.175,0.189,0.219,0.206,0.168,0.19,0.18,0.173,0.136,0.152,0.133,0.005,0.005,,,,,,,KOL-90000002
2020-01-29,0.004,0.005,0.004,0.004,0.005,0.003,0.005,0.004,0.003,0.004,0.005,0.005,0.003,0.005,0.004,0.004,0.004,0.004,0.005,0.004,0.004,0.004,0.005,0.004,0.052,0.068,0.072,0.083,0.084,0.107,0.087,0.106,0.083,0.089,0.08,0.069,0.004,0.004,0.005,0.005,0.006,0.003,0.003,0.005,0.006,0.004,0.005,0.004,0.004,0.005,0.005,0.003,0.004,0.007,0.005,0.003,0.004,0.004,0.004,0.004,0.004,0.004,0.004,0.006,0.005,0.005,0.004,0.004,0.005,0.004,0.004,0.005,0.121,0.153,0.169,0.164,0.197,0.188,0.184,0.211,0.187,0.199,0.211,0.168,0.169,0.15,0.163,0.129,0.005,0.005,0.004,0.003,0.005,0.006,0.005,0.005,KOL-90000002
2020-01-30,0.004,0.004,0.005,0.005,0.004,0.006,0.004,0.005,0.004,0.005,0.005,0.005,0.005,0.004,0.005,0.004,0.005,0.003,0.005,0.005,0.006,0.004,0.005,0.005,0.053,0.066,0.065,0.083,0.103,0.09,0.079,0.099,0.097,0.079,0.074,0.065,0.006,0.004,0.005,0.004,0.006,0.005,0.004,0.004,0.004,0.004,0.002,0.005,0.004,0.004,0.005,0.005,0.005,0.004,0.006,0.005,0.005,0.004,0.004,0.004,0.005,0.002,0.005,0.005,0.005,0.005,0.005,0.004,0.005,0.004,0.005,0.006,0.108,0.117,0.176,0.177,0.146,0.21,0.204,0.207,0.192,0.204,0.181,0.181,0.189,0.163,0.165,0.128,,,,0.004,0.005,0.005,0.004,0.005,KOL-90000002
2020-01-31,0.004,0.005,0.004,0.006,0.003,0.004,0.005,0.005,0.005,0.004,0.003,0.005,0.004,0.006,0.006,0.005,0.005,0.004,0.005,0.006,0.005,0.004,0.005,0.005,0.067,0.067,0.058,0.084,0.082,0.089,0.089,0.093,0.098,0.087,0.067,0.06,0.005,0.005,0.005,0.004,0.003,0.004,0.005,0.005,0.004,0.005,0.004,0.005,0.004,0.003,0.005,0.006,0.004,0.003,0.005,0.003,0.005,0.005,0.004,0.005,0.004,0.005,0.006,0.004,0.005,0.004,0.006,0.004,0.004,0.004,0.004,0.004,0.116,0.129,0.179,0.15,0.167,0.198,0.176,0.212,0.208,0.197,0.203,0.19,0.169,0.161,0.146,0.146,0.005,0.006,0.005,0.004,0.004,0.005,0.004,0.004,KOL-90000002
2020-02-01,0.004,0.006,0.005,0.006,0.005,0.005,0.004,0.004,0.005,0.005,0.005,0.003,0.006,0.003,0.005,0.004,0.005,0.004,0.004,0.004,0.004,0.004,0.005,0.004,0.039,0.072,0.069,0.072,0.068,0.087,0.087,0.089,0.082,0.095,0.063,0.063,0.004,0.004,0.004,0.003,0.005,0.004,0.004,0.003,0.004,0.004,0.004,0.006,0.003,0.006,,,,,,0.006,0.004,0.005,0.003,0.004,0.005,0.004,0.006,0.004,0.004,0.004,0.005,0.004,0.004,0.006,0.003,0.005,0.132,0.132,0.131,0.197,0.165,0.19,0.195,0.195,0.205,0.195,0.181,0.194,0.19,0.162,0.108,0.143,0.003,0.004,0.005,0.005,0.004,0.005,0.004,0.004,KOL-90000002
2020-02-02,0.004,0.005,0.004,0.003,0.004,0.004,0.005,0.004,0.005,0.004,0.005,0.005,0.003,0.004,0.004,0.004,0.004,0.005,0.004,0.003,0.003,0.004,0.005,0.004,0.048,0.084,0.093,0.078,0.074,0.092,0.109,0.094,0.08,0.082,0.082,0.061,0.005,0.005,0.004,0.005,0.003,0.005,0.003,0.006,0.005,0.004,0.004,0.004,0.005,0.004,0.005,0.004,0.005,0.003,0.004,0.004,0.004,0.004,0.004,0.002,0.004,0.004,0.005,0.005,0.004,0.005,0.004,0.004,0.006,0.004,0.005,0.006,0.111,0.149,0.177,0.177,0.168,0.204,0.191,0.19,0.2,0.215,0.193,0.171,0.198,0.15,0.152,0.134,0.005,0.005,0.006,0.004,0.004,0.004,0.004,0.004,KOL-90000002
2020-02-03,0.005,0.003,0.005,0.004,0.005,0.004,0.005,0.004,0.004,0.004,0.005,0.005,0.004,0.004,0.004,0.005,0.004,0.004,0.004,0.005,0.005,0.005,0.003,0.005,0.016,0.061,0.083,0.07,0.065,0.098,0.113,0.076,0.106,0.074,0.085,0.062,0.004,0.003,0.005,0.005,0.006,0.005,0.005,0.004,0.005,0.005,0.005,0.005,0.005,0.005,0.003,0.003,0.004,0.005,0.003,0.005,0.005,0.005,0.004,0.005,0.004,0.005,0.005,0.004,0.005,0.004,0.005,0.004,0.006,0.005,0.005,0.004,0.119,0.148,0.168,0.169,0.198,0.191,0.203,0.218,0.19,0.207,0.202,0.218,0.161,0.173,0.153,0.148,0.005,0.004,0.005,0.005,0.006,0.007,0.004,0.005,KOL-90000002
2020-02-04,0.005,0.004,0.007,0.005,0.004,0.005,0.003,0.004,0.005,0.007,0.005,0.005,0.006,0.004,0.004,0.004,0.004,0.004,0.003,0.004,0.005,0.004,0.005,0.004,0.047,0.082,0.077,0.095,0.097,0.093,0.082,0.098,0.091,0.085,0.079,0.077,0.004,0.005,0.004,0.005,0.005,0.004,0.005,0.005,0.004,0.004,0.004,0.004,0.004,0.004,0.003,0.003,0.004,0.004,0.004,0.003,0.004,0.005,0.004,0.003,0.003,0.006,0.005,0.004,0.005,0.005,0.005,0.005,0.005,0.005,0.004,0.004,0.14,0.17,0.181,0.166,0.176,0.189,0.183,0.189,0.192,0.199,0.204,0.197,0.159,0.165,0.136,0.149,0.003,0.004,0.005,0.003,0.005,0.004,0.004,0.005,KOL-90000002
2020-02-05,0.004,0.004,,,,,,,,,,0.004,0.003,0.005,0.003,0.005,0.003,0.004,0.004,0.004,0.005,0.005,0.003,0.006,0.039,0.071,0.066,0.074,0.075,0.083,0.111,0.105,0.096,0.088,0.073,0.071,0.006,0.004,0.005,0.004,0.004,0.004,0.005,0.004,0.004,0.005,0.003,0.004,0.004,0.004,0.005,0.004,0.007,0.005,0.005,0.005,0.004,0.006,0.005,0.005,0.004,0.004,0.004,0.004,0.005,0.005,0.003,0.004,0.004,0.005,0.005,0.004,0.139,0.121,0.169,0.158,0.192,0.202,0.185,0.196,0.217,0.197,0.19,0.195,0.166,0.181,0.171,0.123,0.005,0.005,0.005,0.005,0.005,0.006,0.003,0.006,KOL-90000002
2020-02-06,0.005,0.004,0.004,0.005,0.005,0.006,0.005,0.006,0.005,0.005,0.005,0.005,0.004,0.005,0.005,0.005,0.004,0.005,0.004,0.006,0.004,0.006,0.004,0.004,0.063,0.067,0.082,0.098,0.093,0.108,0.08,0.105,0.081,0.098,0.092,0.067,0.005,0.004,0.006,0.005,0.005,0.004,0.005,0.004,0.004,0.004,0.004,0.006,0.004,0.004,0.005,0.004,0.004,0.005,0.005,0.004,0.005,0.005,0.006,0.005,0.005,0.004,0.003,0.004,0.005,0.003,0.005,0.004,0.006,0.004,0.005,0.008,0.126,0.137,0.163,0.177,0.202,0.198,0.197,0.225,0.193,0.227,0.2,0.211,0.183,0.185,0.151,0.141,0.004,0.004,0.005,0.005,0.003,0.004,0.003,0.004,KOL-90000002
2020-02-07,0.005,0.005,0.004,0.005,0.005,0.005,0.005,0.005,0.006,0.004,0.005,0.003,0.003,0.005,0.004,0.004,0.004,0.005,0.004,0.004,0.003,0.005,0.004,0.005,0.052,0.079,0.074,0.077,0.08,0.088,0.094,0.09,0.124,0.078,0.067,0.043,0.005,0.004,0.004,0.003,0.004,0.004,0.004,0.005,0.005,0.006,0.004,0.005,0.005,0.005,0.005,0.004,0.005,0.004,0.005,0.004,0.004,0.005,0.005,0.004,0.005,0.004,0.004,0.004,0.003,0.005,0.004,0.005,0.004,0.004,0.005,0.005,0.114,0.147,0.147,0.162,0.19,0.195,0.201,0.212,0.202,0.197,0.206,0.202,0.184,0.173,0.155,0.116,0.005,0.005,0.005,0.005,0.004,0.004,0.005,0.004,KOL-90000002
2020-02-08,0.005,0.004,0.005,0.004,0.004,0.005,0.004,0.005,0.005,0.003,0.005,0.004,,,,,,0.004,0.005,0.003,0.006,0.004,0.004,0.006,0.055,0.052,0.07,0.075,0.061,0.086,0.088,0.096,0.093,0.071,0.061,0.049,0.005,0.003,0.004,0.005,0.003,0.004,0.003,0.005,0.004,0.004,0.005,0.005,0.003,0.002,0.003,0.004,0.005,0.003,0.005,0.005,0.004,0.005,0.004,0.005,0.004,0.005,0.005,0.005,0.005,0.004,0.005,0.005,0.004,0.004,0.004,0.005,0.145,0.156,0.157,0.174,0.17,0.198,0.187,0.174,0.198,0.197,0.168,0.197,0.184,0.173,0.147,0.136,0.005,0.004,0.006,0.004,0.004,0.004,0.006,0.005,KOL-90000002
2020-02-09,0.004,0.004,0.004,0.005,0.005,0.004,0.004,0.004,0.007,0.003,0.004,0.003,0.005,0.005,0.005,0.006,0.006,0.005,0.004,0.003,0.005,0.004,0.005,0.004,0.053,0.058,0.069,0.084,0.079,0.084,0.083,0.11,0.067,0.104,0.075,0.06,0.006,0.006,0.004,0.003,0.005,0.004,0.003,0.005,0.005,0.004,0.005,0.004,0.006,0.004,0.005,0.005,0.005,0.004,0.004,0.004,0.004,0.003,0.006,0.006,0.006,0.004,0.005,0.005,0.005,0.005,0.004,0.005,0.006,0.004,0.006,0.004,0.096,0.139,0.153,0.134,0.201,0.166,0.181,0.202,0.221,0.226,0.197,0.215,0.182,0.15,0.152,0.14,0.003,0.004,0.005,0.005,0.005,0.003,0.004,0.004,KOL-90000002
2020-02-10,0.005,0.004,0.005,0.004,0.005,0.005,0.005,0.005,0.005,0.003,0.005,0.005,0.004,0.005,0.004,0.004,0.005,0.003,0.006,0.005,0.004,0.003,0.004,0.006,0.042,0.057,0.081,0.081,0.089,0.085,0.097,0.088,0.083,0.085,0.079,0.053,0.004,0.006,0.005,0.005,0.004,0.005,0.005,0.005,0.006,0.004,0.006,0.004,0.006,0.003,0.004,0.005,0.005,0.005,0.004,0.004,0.003,0.005,0.003,0.004,0.005,0.004,0.004,0.005,0.005,0.004,0.004,0.004,0.005,0.005,0.005,0.005,0.114,0.156,0.161,0.167,0.172,0.184,0.222,0.191,0.208,0.212,0.2,0.198,0.182,0.171,0.157,0.141,0.005,0.005,0.005,0.004,0.003,0.004,0.005,0.004,KOL-90000002
2020-02-11,0.004,0.004,0.004,0.005,0.004,0.005,0.004,0.004,0.005,0.004,0.005,0.002,0.005,0.004,0.006,0.005,0.005,0.005,0.005,0.005,0.003,0.005,0.004,0.004,0.04,0.069,0.068,0.097,0.096,0.08,0.088,0.078,0.085,0.08,0.069,0.072,0.004,0.005,0.005,0.004,0.004,0.004,0.005,0.005,0.006,0.004,0.004,0.004,0.004,0.004,0.007,0.004,0.004,0.005,0.004,0.007,0.005,0.005,0.006,0.005,0.005,0.004,0.005,0.003,0.003,0.004,0.005,0.003,0.004,0.005,0.005,0.004,0.111,0.126,0.166,0.166,0.171,0.205,0.197,0.218,0.211,0.227,0.173,0.169,0.205,0.173,0.194,0.145,0.005,0.004,0.006,0.003,0.003,0.004,0.005,0.004,KOL-90000002
2020-02-12,0.005,0.004,0.005,0.005,0.005,0.005,0.004,0.003,0.005,0.005,0.005,0.005,0.004,0.005,0.005,0.003,0.004,0.004,0.004,0.006,0.004,0.004,0.004,0.005,0.053,0.071,0.053,0.081,0.089,0.095,0.1,0.099,0.082,0.073,0.062,0.059,0.004,0.005,0.004,0.004,0.004,0.003,0.004,0.003,0.005,0.005,0.004,0.003,0.004,0.004,0.003,0.004,0.005,0.004,0.005,0.004,0.005,0.005,0.005,0.004,0.004,0.003,0.005,0.004,0.003,0.004,0.005,0.004,0.004,0.004,0.003,0.003,0.124,0.119,0.131,0.174,0.177,0.214,0.212,0.179,0.216,0.205,0.186,0.159,0.182,0.161,0.175,0.146,0.005,0.004,0.005,0.003,0.005,0.005,0.004,0.004,KOL-90000002
2020-02-13,0.006,0.004,0.005,0.004,0.005,0.005,0.005,0.004,0.003,0.003,0.005,0.004,0.005,0.005,0.003,0.004,0.004,0.004,0.004,0.005,0.005,0.006,0.005,0.004,0.058,0.068,0.095,0.076,0.098,0.085,0.092,0.111,0.086,0.084,0.088,0.054,0.005,0.005,0.005,0.004,0.003,0.003,0.005,0.004,0.004,0.005,0.005,0.004,0.005,0.004,0.005,0.005,0.003,0.004,0.005,0.005,0.005,0.003,0.004,0.004,0.003,0.004,0.005,0.005,0.004,0.004,0.003,0.005,0.007,0.005,0.006,0.005,0.143,0.157,0.183,0.186,0.183,0.205,0.182,0.204,0.211,0.206,0.19,0.167,0.182,0.174,0.149,0.139,0.004,0.005,0.005,0.005,0.005,0.004,0.006,0.005,KOL-90000002
2020-02-14,0.005,0.005,0.004,0.006,0.005,0.004,0.003,0.004,0.004,0.005,0.003,0.004,0.004,0.004,0.005,0.004,0.004,0.004,0.003,0.005,0.004,0.005,0.005,0.005,0.047,0.061,0.051,0.091,0.084,0.082,0.099,0.08,0.085,0.088,0.092,0.084,0.004,0.005,0.003,0.003,0.004,0.005,0.004,0.004,0.005,0.006,0.006,0.005,0.004,0.006,0.003,0.004,0.005,0.005,0.005,0.004,0.004,0.006,0.003,0.003,0.004,0.005,0.003,,,,,,0.004,0.005,0.004,0.004,0.159,0.111,0.159,0.162,0.185,0.174,0.21,0.19,0.199,0.166,0.218,0.166,0.187,0.152,0.157,0.106,0.004,0.003,0.004,0.005,0.005,0.004,0.004,0.004,KOL-90000002
2020-02-15,0.005,0.004,0.004,0.005,0.005,0.004,0.004,0.005,0.005,0.005,0.005,0.005,0.003,0.004,0.004,0.004,0.004,0.005,0.004,0.004,0.005,0.005,0.004,0.004,0.05,0.073,0.082,0.083,0.091,0.083,0.104,0.103,0.084,0.081,0.08,0.068,0.005,0.005,0.004,0.005,0.005,0.005,0.005,0.005,0.005,0.005,0.005,0.005,0.004,0.003,0.006,0.005,0.006,0.006,0.006,0.005,0.005,0.005,0.004,0.004,0.004,0.004,0.004,0.005,0.004,0.004,0.004,0.003,0.005,0.005,0.004,0.004,0.115,0.132,0.14,0.174,0.17,0.18,0.202,0.222,0.239,0.193,0.188,0.187,0.159,0.172,0.157,0.147,0.005,0.004,0.004,0.004,0.004,0.005,0.005,0.005,KOL-90000002
2020-02-16,0.005,0.004,0.006,0.004,0.005,0.004,0.004,0.004,0.005,0.005,0.004,0.005,0.005,0.004,0.004,0.004,0.005,0.006,0.004,0.005,0.005,0.005,0.003,0.005,0.056,0.059,0.071,0.077,0.102,0.096,0.107,0.113,0.091,0.091,0.065,0.066,0.004,0.005,0.005,0.003,0.005,0.006,0.005,0.004,0.005,0.005,0.006,0.004,0.005,0.005,0.005,0.006,0.005,0.006,0.005,0.005,0.005,0.005,0.004,0.005,0.006,0.005,0.004,0.004,0.004,0.004,0.005,0.005,0.003,0.003,0.003,0.004,0.125,0.117,0.137,0.139,0.169,0.18,0.197,0.219,0.219,0.197,0.212,0.18,0.174,0.178,0.133,0.137,0.005,0.004,0.004,0.003,0.005,0.005,0.003,0.005,KOL-90000002
2020-02-17,0.004,0.006,0.004,0.006,0.005,0.005,0.006,0.005,0.005,0.004,0.004,0.005,0.003,0.006,0.005,0.005,0.005,0.003,0.005,0.004,0.005,0.005,0.004,0.004,0.046,0.068,0.077,0.071,0.098,0.09,0.088,0.103,0.088,0.086,0.068,0.07,0.004,0.003,0.004,0.005,0.003,0.005,0.004,0.005,0.004,0.005,0.004,0.003,0.005,0.005,0.005,0.005,0.004,0.004,0.003,0.004,0.004,0.005,0.003,0.004,0.004,0.005,0.006,0.003,0.003,0.004,0.004,0.004,0.004,0.002,0.004,0.006,0.109,0.132,0.16,0.17,0.171,0.204,0.196,0.206,0.223,0.183,0.194,0.177,0.196,0.184,0.166,0.133,0.004,0.004,0.004,0.004,0.005,0.007,0.004,0.003,KOL-90000002
2020-02-18,0.004,0.003,0.004,0.005,0.004,0.004,0.005,0.005,0.004,0.006,0.006,0.005,0.005,0.004,0.006,0.005,0.004,0.005,0.005,0.002,0.003,0.004,0.006,0.004,0.054,0.079,0.068,0.078,0.085,0.094,0.079,0.08,0.085,0.084,0.065,0.077,0.004,0.003,0.005,0.004,0.005,0.003,0.005,0.003,0.005,0.005,0.004,0.005,0.004,0.004,0.005,0.004,0.005,0.003,0.005,0.005,0.004,0.004,0.004,0.005,0.005,0.006,0.005,0.004,0.004,0.004,0.004,0.005,0.006,0.006,0.004,0.004,0.111,0.158,0.141,0.163,0.163,0.18,0.207,0.207,0.21,0.199,0.175,0.189,0.192,0.173,0.155,0.119,0.006,0.003,0.004,0.003,0.005,0.004,0.006,0.005,KOL-90000002
2020-02-19,0.004,0.004,0.006,0.004,0.006,0.005,0.004,0.005,0.005,0.005,0.003,0.003,0.004,0.004,0.005,0.005,0.004,0.004,0.005,0.004,0.005,0.005,0.005,0.005,0.039,0.067,0.089,0.073,0.099,0.081,,,,,,,,0.005,0.004,0.004,0.004,0.005,0.004,0.004,0.004,0.006,0.005,0.003,0.004,0.005,0.004,0.005,0.003,0.005,0.005,0.005,0.003,0.006,0.005,0.003,0.006,0.005,0.005,0.004,0.005,0.005,0.003,0.005,0.006,0.005,0.005,0.004,0.104,0.133,0.182,0.171,0.17,0.174,0.217,0.223,0.198,0.186,0.216,0.166,0.15,0.174,0.159,0.142,0.005,0.004,0.006,0.004,0.005,0.005,0.005,0.005,KOL-90000002
2020-02-20,0.004,0.004,0.006,0.006,0.004,0.004,0.005,0.004,0.005,0.005,0.003,0.006,0.003,0.006,0.003,0.004,0.003,0.003,0.004,0.005,0.006,0.005,0.004,0.005,0.047,0.074,0.064,0.069,0.101,0.089,0.102,0.103,0.086,,,,,,,,,,,,,,0.003,0.004,0.004,0.005,0.004,0.004,0.004,0.004,0.006,0.004,0.005,0.004,0.005,0.004,0.005,0.004,0.004,0.004,0.006,0.003,0.005,0.005,0.006,0.004,0.003,0.004,0.12,0.141,0.168,0.161,0.182,0.195,0.2,0.197,0.202,0.203,0.229,0.183,0.178,0.166,0.143,0.129,0.003,0.004,0.004,0.004,0.004,0.005,0.006,0.004,KOL-90000002
2020-02-21,0.005,0.005,0.005,0.005,0.006,0.006,0.006,0.005,0.005,0.005,0.003,0.005,0.005,0.006,0.004,0.004,0.004,0.005,0.004,0.004,0.005,0.004,0.003,0.004,0.052,0.061,0.067,0.073,0.088,0.072,0.08,0.08,0.095,0.075,0.068,0.068,0.005,0.005,0.006,0.004,0.004,0.004,0.005,0.003,0.006,0.004,0.006,0.004,0.004,0.004,0.003,0.004,0.004,0.003,0.006,0.004,0.004,0.003,0.003,0.004,0.005,0.003,0.005,0.005,0.005,0.004,0.005,0.004,0.005,0.003,0.004,0.004,0.138,0.144,0.17,0.172,0.205,0.201,0.208,0.219,0.211,0.194,0.182,0.209,0.185,0.178,0.128,0.136,0.006,0.006,0.004,0.004,0.003,0.006,0.004,0.005,KOL-90000002
2020-02-22,0.005,0.003,0.005,0.004,0.004,0.005,0.005,0.004,0.005,0.005,0.005,0.005,0.006,0.004,0.004,0.005,0.004,0.005,0.004,0.004,0.004,0.003,0.004,0.005,0.05,0.076,0.069,0.069,0.084,0.09,0.083,0.093,0.1,0.068,0.083,0.076,0.005,0.004,0.005,0.005,0.004,0.005,0.004,0.005,0.003,0.004,0.004,0.005,0.005,0.005,0.005,0.004,0.005,0.004,0.006,0.004,0.003,0.006,0.004,0.004,0.005,0.003,0.003,0.006,0.005,0.005,0.004,0.004,0.005,0.005,0.006,0.005,0.14,0.139,0.148,0.177,0.197,0.208,0.199,0.205,0.202,0.22,0.195,0.189,0.193,0.166,0.104,0.144,0.005,0.004,0.002,0.006,0.005,0.005,0.005,0.005,KOL-90000002
2020-02-23,0.006,0.004,0.003,0.004,0.004,0.005,0.004,0.005,0.005,0.006,0.005,0.005,0.004,0.005,0.005,0.006,0.003,0.005,0.005,0.005,0.003,0.005,0.005,0.005,0.044,0.056,0.1,0.066,0.095,0.101,0.097,0.094,0.083,0.069,0.072,0.073,0.004,0.005,0.004,0.005,0.004,0.006,0.003,0.004,0.004,0.005,0.003,0.005,0.004,0.006,0.006,0.005,0.005,0.003,0.005,0.004,0.003,0.005,0.004,0.005,0.005,0.004,0.006,0.005,0.005,0.004,0.004,0.004,0.005,0.003,0.005,0.005,0.107,0.154,0.143,0.155,0.16,0.189,0.215,0.212,0.198,0.204,0.202,0.187,0.184,0.182,0.17,0.127,0.004,0.005,0.005,0.006,0.004,0.005,0.004,0.005,KOL-90000002
2020-02-24,0.006,0.005,0.006,0.004,0.004,0.004,0.004,0.003,0.006,0.005,0.004,0.005,0.004,0.005,0.004,0.005,0.005,0.003,0.004,0.006,0.005,0.004,0.004,0.004,0.042,0.084,0.079,0.088,0.092,0.101,0.084,0.094,0.089,0.073,0.086,0.051,0.005,0.004,0.005,0.005,0.004,0.005,0.005,0.005,0.004,0.005,0.006,0.006,0.005,0.004,0.004,0.006,0.004,0.004,0.006,0.005,0.003,0.005,0.004,0.004,0.006,0.005,0.004,0.005,0.003,0.006,0.004,0.004,0.005,0.004,0.004,0.004,0.139,0.127,0.163,0.154,0.175,0.198,0.205,0.212,0.213,0.201,0.192,0.183,0.202,0.176,0.181,0.125,0.004,0.004,0.005,0.003,0.004,0.004,0.005,0.005,KOL-90000002
2020-02-25,0.004,0.003,0.005,0.005,0.004,0.004,0.004,0.005,0.003,0.005,0.004,0.005,0.005,0.003,0.005,0.004,0.005,0.004,0.005,0.005,0.005,0.005,0.004,0.003,0.057,0.053,0.069,0.066,0.08,0.106,0.097,0.091,0.076,0.072,0.086,0.074,0.004,0.006,0.005,0.006,0.005,0.006,0.005,0.005,0.004,0.004,0.004,0.004,0.005,0.005,0.003,0.005,0.004,0.005,0.005,0.005,0.003,0.003,0.005,0.004,0.005,0.006,0.005,0.004,0.005,0.005,0.005,0.004,0.005,0.004,0.006,0.005,0.13,0.133,0.144,0.14,0.172,0.188,0.226,0.226,0.214,0.187,0.179,0.168,0.193,0.142,0.14,0.159,0.006,0.005,0.004,0.005,0.005,0.004,0.004,0.005,KOL-90000002
2020-02-26,0.004,0.004,0.005,0.004,0.004,0.005,0.005,0.005,0.003,0.005,0.004,0.005,0.005,0.005,0.005,0.005,0.004,0.005,0.003,0.004,0.005,0.004,0.006,0.005,0.059,0.054,0.066,0.09,0.095,0.088,0.118,0.097,0.076,0.063,0.063,0.074,0.005,0.005,0.002,0.005,0.004,0.003,0.004,0.006,0.006,0.004,0.004,0.004,0.005,0.003,0.005,0.004,0.005,0.005,0.003,0.005,0.005,0.005,0.004,0.005,0.005,0.004,0.004,0.003,0.003,0.004,0.005,0.004,0.005,0.004,0.005,0.004,0.079,0.123,0.148,0.146,0.176,0.195,0.178,0.204,0.218,0.185,0.209,0.166,0.194,0.181,0.143,0.141,0.005,0.004,0.004,0.004,0.005,0.005,0.005,0.004,KOL-90000002
2020-02-27,0.004,0.006,0.005,0.005,0.006,0.005,0.003,0.004,0.004,0.003,0.005,0.003,0.004,0.005,0.004,0.005,0.005,0.006,0.004,0.004,0.004,0.005,0.005,0.004,0.036,0.073,0.071,0.069,0.094,0.097,0.094,0.099,0.091,0.088,0.078,0.054,0.005,0.005,0.007,0.005,0.004,0.004,0.006,0.004,0.004,0.004,0.005,0.004,0.003,0.005,0.005,0.006,0.004,0.004,0.004,0.006,0.004,0.003,0.005,0.005,0.004,0.005,0.005,0.003,0.005,0.003,0.005,0.004,0.005,0.006,0.004,0.004,0.125,0.167,0.164,0.175,0.186,0.204,0.212,0.178,0.178,0.214,0.186,0.188,0.207,0.191,0.16,0.15,0.005,0.005,0.003,0.005,0.006,0.005,0.004,0.004,KOL-90000002
2020-02-28,0.005,0.004,0.005,,,,,,0.004,0.005,0.005,0.004,0.004,0.005,0.004,0.004,0.005,0.005,0.004,0.004,0.003,0.005,0.004,0.005,0.051,0.072,0.094,0.087,0.082,0.078,0.095,0.086,0.091,0.101,0.076,0.086,0.006,0.005,0.006,0.004,0.004,0.006,0.005,0.005,0.005,0.004,0.005,0.003,0.005,0.005,0.006,0.004,0.004,0.004,0.004,0.005,0.005,0.005,0.004,0.004,0.005,0.003,0.005,0.005,0.004,0.004,0.004,0.005,0.004,0.005,0.005,0.005,0.124,0.163,0.154,0.174,0.194,0.187,0.216,0.195,0.206,0.221,0.187,0.199,0.176,0.163,0.144,0.17,0.004,0.004,0.005,0.005,0.004,0.005,0.004,0.004,KOL-90000002
2020-02-29,0.005,0.004,0.004,0.004,0.003,0.006,0.005,0.004,0.004,0.005,0.006,0.003,0.004,0.005,0.004,0.006,0.004,0.004,0.004,0.004,0.005,0.003,0.004,0.006,0.076,0.065,0.065,0.093,0.086,0.079,0.09,0.083,0.082,0.075,0.068,0.053,0.004,0.005,0.006,0.004,0.004,0.004,0.004,0.004,0.006,0.004,0.004,0.004,0.005,0.003,0.004,0.005,0.005,0.004,0.005,0.004,0.004,0.003,0.005,0.005,0.005,0.005,0.003,0.004,0.005,0.005,0.004,0.003,0.005,0.004,0.004,0.004,0.135,0.152,0.146,0.141,0.191,0.191,0.224,0.197,0.223,0.19,0.179,0.206,0.189,0.206,0.181,0.177,0.005,0.005,0.005,0.005,0.005,0.004,0.005,0.005,KOL-90000002
2020-03-01,0.006,0.005,0.004,0.004,0.003,0.004,0.004,0.005,0.005,0.006,0.004,0.004,0.004,0.005,0.004,0.005,0.005,0.004,0.005,0.004,0.005,0.004,0.005,0.005,0.056,0.049,0.078,0.084,0.097,0.098,0.086,0.111,0.085,0.08,0.067,0.072,0.004,0.005,0.005,0.004,0.004,0.006,0.004,0.005,0.004,0.004,0.005,0.004,0.006,0.004,0.004,0.005,0.004,0.005,0.004,0.004,0.005,0.005,0.004,0.004,0.003,0.005,0.004,0.004,0.004,0.004,0.004,0.002,0.005,0.005,0.004,0.004,0.102,0.155,0.127,0.166,0.206,0.203,0.188,0.199,0.208,0.225,0.178,0.183,0.148,0.151,0.151,0.15,0.005,0.005,0.004,0.004,0.005,0.006,0.005,0.005,KOL-90000002
2020-03-02,0.004,0.006,0.004,0.005,0.003,0.006,0.004,0.005,0.005,0.005,0.003,0.004,0.004,0.003,0.005,0.004,0.005,0.005,0.005,0.004,0.005,0.004,0.004,0.004,0.049,0.06,0.065,0.076,0.076,0.09,0.094,0.092,0.102,0.086,0.08,0.059,0.004,0.006,0.004,0.003,0.005,0.006,0.005,0.004,0.005,0.004,0.003,0.005,0.004,0.004,0.005,0.005,0.003,0.006,0.004,0.004,0.005,0.003,0.004,0.003,0.003,0.004,0.006,0.004,0.004,0.004,0.005,0.005,0.006,0.004,0.003,0.005,0.126,0.125,0.123,0.145,0.191,0.191,0.194,0.231,0.2,0.245,0.172,0.188,0.186,0.169,0.133,0.131,0.005,0.005,0.004,0.004,0.005,0.004,0.004,0.005,KOL-90000002
2020-03-03,0.005,0.005,0.005,0.005,0.003,0.004,0.005,0.004,0.005,0.006,0.006,0.004,0.004,0.004,0.005,0.003,0.004,0.005,0.004,0.004,0.005,0.005,0.004,0.006,0.051,0.047,0.083,0.081,0.086,0.118,0.102,0.094,0.087,0.1,0.067,0.066,0.005,0.005,0.005,0.007,0.005,0.004,0.003,0.003,0.003,0.005,0.005,0.006,0.004,0.004,0.004,0.004,0.004,0.004,0.004,0.004,0.004,0.004,0.003,0.006,0.004,0.004,0.004,0.002,0.005,0.004,0.003,0.004,0.003,0.005,0.005,0.003,0.112,0.133,0.161,0.154,0.188,0.2,0.215,0.218,0.209,0.19,0.202,0.188,0.21,0.173,0.157,0.136,0.005,0.006,0.003,0.004,0.005,0.005,0.003,0.005,KOL-90000002
2020-03-04,0.004,0.003,0.005,0.004,0.004,0.005,0.003,0.005,0.004,0.005,0.005,0.006,0.005,0.005,0.005,0.004,0.004,0.005,0.006,0.005,0.005,0.004,0.005,0.005,0.035,0.057,0.081,0.088,0.091,0.09,0.096,0.088,0.091,0.085,0.068,0.085,0.005,0.003,0.004,0.004,0.005,0.005,0.005,0.004,0.006,0.003,0.005,0.005,0.006,0.006,0.005,0.004,0.006,0.005,0.005,0.006,0.003,0.005,0.004,0.005,0.004,0.005,0.004,0.005,0.005,0.005,0.004,0.005,0.005,0.004,0.005,0.005,0.123,0.131,0.145,0.183,0.177,0.188,0.189,0.206,0.206,0.203,0.185,0.186,0.17,0.163,0.149,0.159,0.004,0.004,0.004,0.006,0.004,0.003,0.004,0.005,KOL-90000002
2020-03-05,0.003,0.005,0.006,0.005,0.005,0.004,0.005,0.006,0.004,0.004,0.004,0.004,0.006,0.005,0.005,0.004,0.004,0.005,0.005,0.004,0.006,0.005,0.005,0.004,0.039,0.075,0.064,0.065,0.072,0.097,0.083,0.08,0.096,0.101,0.07,0.066,0.007,0.005,0.004,0.004,0.004,0.003,0.005,0.005,0.005,0.005,0.005,0.005,0.004,0.006,0.005,0.005,0.004,0.005,0.005,0.004,0.004,0.005,0.006,0.005,0.006,0.005,0.005,0.005,0.004,0.005,0.005,0.004,0.005,0.005,0.005,0.004,0.132,0.15,0.128,0.175,0.167,0.205,0.183,0.196,0.203,0.174,0.195,0.206,0.203,0.189,0.179,0.147,0.007,0.006,0.004,0.003,0.006,0.004,0.004,0.006,KOL-90000002
2020-03-06,0.004,0.005,0.004,0.004,0.003,0.003,0.005,0.004,0.004,0.004,0.005,0.004,0.006,0.004,0.004,0.004,0.005,0.006,0.004,0.005,0.005,0.006,0.003,0.006,0.059,0.061,0.084,0.076,0.1,0.095,0.095,0.096,0.094,0.067,0.068,0.043,0.004,0.005,0.005,0.005,0.004,0.005,0.006,0.005,0.005,0.003,0.004,0.004,0.005,0.003,0.005,0.005,0.005,0.004,0.004,0.004,0.005,0.004,0.005,0.005,0.004,0.004,0.004,0.004,0.004,0.005,0.004,0.006,0.004,0.006,0.004,0.005,0.106,0.154,0.151,0.141,0.186,0.192,0.195,0.21,0.201,0.179,0.162,0.176,0.209,0.143,0.151,0.149,0.005,0.005,0.005,0.005,0.004,0.006,0.004,0.004,KOL-90000002
2020-03-07,0.004,0.004,0.006,0.005,0.004,0.003,0.004,0.003,0.003,0.004,0.005,0.004,0.006,0.003,0.004,0.005,0.005,0.003,0.005,0.004,0.005,0.004,0.006,0.003,0.039,0.079,0.088,0.091,0.099,0.106,0.092,0.096,0.078,0.076,0.062,0.052,0.005,0.004,0.004,0.004,0.004,0.004,0.005,0.005,0.004,0.004,0.004,0.005,0.005,0.005,0.004,0.004,0.005,0.004,0.004,0.004,0.004,0.004,0.005,0.003,0.006,0.005,0.005,0.004,0.004,0.004,0.004,0.004,0.005,0.005,0.004,0.004,0.166,0.167,0.188,0.168,0.174,0.199,0.19,0.199,0.216,0.184,0.187,0.178,0.186,0.148,0.154,0.144,0.005,0.004,0.005,0.005,0.007,0.003,0.005,0.003,KOL-90000002
2020-03-08,0.005,0.006,0.004,0.005,0.004,0.004,0.003,0.005,0.005,0.005,0.006,0.004,0.004,0.004,0.006,0.004,0.006,0.005,0.004,0.005,0.003,0.005,0.004,0.005,0.053,0.057,0.078,0.076,0.096,0.113,0.087,0.093,0.093,0.075,0.089,0.057,0.003,0.006,0.004,0.005,0.005,0.005,0.004,0.004,0.004,0.004,0.005,0.005,0.005,0.004,0.005,0.006,0.004,0.005,0.005,0.004,0.006,0.005,0.004,0.003,0.005,0.005,0.001,0.004,0.004,0.004,0.004,0.005,0.005,0.004,0.004,0.003,0.101,0.151,0.158,0.157,0.16,0.172,0.195,0.191,0.207,0.199,0.174,0.226,0.178,0.185,0.167,0.157,0.005,0.004,0.004,0.004,0.003,0.005,0.004,0.006,KOL-90000002
2020-03-09,0.002,0.003,0.004,0.003,0.005,0.004,0.005,0.004,0.003,0.004,0.005,0.005,0.006,0.003,0.006,0.005,0.004,0.004,0.005,0.003,0.005,0.005,0.003,0.005,0.063,0.046,0.061,0.104,0.063,0.072,0.107,0.084,0.071,0.079,0.076,0.07,0.004,0.004,0.004,0.004,0.004,0.004,0.005,0.006,0.005,0.004,0.005,0.005,0.004,0.004,0.006,0.004,0.005,0.005,0.005,0.004,0.005,0.005,0.004,0.003,0.004,0.006,0.006,0.005,0.005,0.005,0.005,0.004,0.006,0.003,0.004,0.005,0.138,0.136,0.152,0.172,0.162,0.173,0.185,0.182,0.212,0.247,0.244,0.21,0.182,0.163,0.142,0.141,0.005,0.005,0.005,0.005,0.003,0.004,0.005,0.004,KOL-90000002
2020-03-10,0.004,0.005,0.005,0.004,0.004,0.007,0.005,0.005,0.004,0.005,0.005,0.005,0.006,0.004,0.004,0.004,0.004,0.005,0.003,0.005,0.004,0.004,0.004,0.004,0.04,0.076,0.076,0.093,0.089,0.096,0.094,0.07,0.089,0.099,0.073,0.07,0.004,0.006,0.005,0.003,0.005,0.004,0.006,0.005,0.004,0.004,0.002,0.005,0.005,0.004,0.006,0.005,0.002,0.004,0.005,0.006,0.004,0.004,0.004,0.003,0.003,0.004,0.006,0.005,0.006,0.005,0.004,0.005,0.005,0.005,0.004,0.005,0.131,0.147,0.161,0.179,0.18,0.172,0.168,0.228,0.203,0.183,0.186,0.199,0.176,0.179,0.143,0.138,0.004,0.005,0.006,0.005,0.005,0.005,0.005,0.005,KOL-90000002
2020-03-11,0.005,0.004,0.005,0.004,0.005,0.005,0.005,0.004,0.005,0.004,0.003,0.005,0.005,0.005,0.004,0.006,0.004,0.004,0.006,0.005,0.006,0.005,0.004,0.004,0.077,0.068,0.066,0.092,0.082,0.091,0.089,0.106,0.089,0.075,0.052,0.06,0.004,0.004,0.004,0.005,0.004,0.005,0.007,0.003,0.005,0.006,0.004,0.004,0.005,0.006,0.005,0.005,0.005,0.005,0.004,0.005,0.003,0.005,0.005,0.004,0.006,0.004,0.005,0.004,0.005,0.004,0.006,0.004,0.005,0.005,0.004,0.003,0.138,0.174,0.147,0.186,0.166,0.198,0.209,0.218,0.197,0.204,0.209,0.188,0.187,0.183,0.163,0.119,0.005,0.005,0.004,0.005,0.005,0.005,0.003,0.003,KOL-90000002
2020-03-12,0.004,0.006,0.005,0.005,0.004,0.004,0.006,0.004,0.005,0.004,0.006,0.005,0.004,0.004,0.005,0.004,0.005,0.004,0.006,0.005,0.002,0.005,0.006,0.003,0.068,0.063,0.077,0.084,0.093,0.085,0.099,0.101,0.09,0.069,0.063,0.05,0.004,0.004,0.004,0.005,0.004,0.004,0.004,0.004,0.006,0.005,0.003,0.005,0.003,0.006,0.004,0.005,0.004,0.004,0.005,0.005,0.005,0.004,0.005,0.005,0.004,0.005,0.004,0.004,0.004,0.005,0.004,0.006,0.003,0.003,0.005,0.004,0.148,0.131,0.171,0.164,0.206,0.202,0.186,0.194,0.202,0.191,0.221,0.194,0.179,0.181,0.152,0.163,0.005,0.004,0.006,0.004,0.004,0.005,0.004,0.004,KOL-90000002
2020-03-13,0.005,0.004,0.003,0.005,0.004,0.005,0.004,0.004,0.005,0.005,0.005,0.004,0.005,0.004,0.005,0.004,0.005,0.006,0.006,0.004,0.004,0.004,0.006,0.005,0.055,0.061,0.082,0.081,0.085,0.095,0.093,0.082,0.095,0.072,0.071,0.067,0.005,0.003,0.004,0.005,0.004,0.005,0.004,0.003,0.005,0.005,0.006,0.005,0.003,0.005,0.004,0.004,0.004,0.004,0.005,0.004,0.005,0.006,0.005,0.005,0.004,0.004,0.004,0.005,0.006,0.004,0.004,0.003,0.005,0.004,0.003,0.003,0.108,0.17,0.177,0.151,0.193,0.217,0.186,0.204,0.187,0.195,0.167,0.179,0.17,0.182,0.141,0.138,0.003,0.004,0.005,0.003,0.005,0.003,0.005,0.005,KOL-90000002
2020-03-14,0.006,0.005,0.005,0.005,0.004,0.005,0.005,0.005,0.004,0.005,0.005,0.005,0.004,0.006,0.005,0.005,0.003,0.005,0.004,0.004,0.004,0.004,0.005,0.005,0.071,0.071,0.073,0.077,0.091,0.114,0.096,0.109,0.099,0.085,0.097,0.073,0.004,0.004,0.005,0.004,0.004,0.006,0.003,0.004,0.005,0.004,0.005,0.005,0.004,0.004,0.004,0.004,0.005,0.005,0.003,0.004,0.005,0.005,0.002,0.004,0.003,0.005,0.004,0.004,0.005,0.003,0.005,0.006,0.005,0.004,0.004,0.005,0.115,0.145,0.152,0.18,0.14,0.199,0.186,0.205,0.225,0.202,0.171,0.18,0.173,0.158,0.129,0.143,0.004,0.004,0.005,0.005,0.005,0.004,0.005,0.004,KOL-90000002
2020-03-15,0.005,0.004,0.005,0.004,0.005,0.005,0.004,0.004,0.004,0.003,0.004,0.004,0.005,0.005,0.004,0.003,0.005,0.004,0.003,0.004,0.005,0.003,0.005,0.005,0.045,0.054,0.058,0.082,0.083,0.093,0.101,0.097,0.078,0.094,0.056,0.062,0.003,0.004,0.006,0.005,0.003,0.005,0.005,0.004,0.005,0.004,0.005,0.005,0.005,0.004,0.003,0.006,0.004,0.005,0.007,0.005,0.003,0.004,0.003,0.003,0.005,0.007,0.005,0.005,0.005,0.004,0.004,0.005,0.005,0.003,0.003,0.004,0.112,0.159,0.164,0.172,0.195,0.173,0.247,0.209,0.194,0.205,0.202,0.183,0.178,0.195,0.16,0.131,0.006,0.004,0.005,0.004,0.005,0.004,0.003,0.001,KOL-90000002
2020-03-16,0.004,0.005,0.004,0.005,0.005,0.004,0.005,0.003,0.004,0.005,0.005,0.005,0.004,0.005,0.004,0.005,0.004,0.004,0.004,0.003,0.005,0.004,0.006,0.006,0.039,0.065,0.062,0.065,0.086,0.103,0.104,0.107,0.062,0.101,0.055,0.059,0.004,0.005,0.004,0.004,0.004,0.006,0.003,0.005,0.002,0.005,0.005,0.005,0.004,0.006,0.005,0.006,0.005,0.005,0.004,0.005,0.004,0.004,0.005,0.005,0.005,0.005,0.004,0.004,0.004,0.004,0.005,0.003,0.005,0.004,0.005,0.003,0.15,0.127,0.172,0.179,0.182,0.192,0.191,0.217,0.202,0.209,0.203,0.196,0.181,0.188,0.136,0.147,0.006,0.005,0.005,0.004,0.004,0.006,0.004,0.005,KOL-90000002
2020-03-17,0.004,0.006,0.004,0.004,0.004,0.004,0.004,0.005,0.006,0.006,0.005,0.004,0.005,0.004,0.002,0.005,0.004,0.003,0.005,0.004,0.003,0.004,0.003,0.004,0.059,0.067,0.07,0.098,0.111,0.108,0.099,0.09,0.112,0.077,0.053,0.059,0.006,0.005,0.004,0.003,0.005,0.005,0.003,0.005,0.004,0.005,0.005,,,,,,,,,,,,,0.005,0.004,0.004,0.006,0.004,0.003,0.004,0.005,0.006,0.004,0.005,0.005,0.003,0.151,0.131,0.193,0.156,0.16,0.16,0.204,0.187,0.201,0.214,0.175,0.206,0.181,0.166,0.165,0.153,0.005,0.004,0.004,0.003,0.006,0.004,0.006,0.003,KOL-90000002
2020-03-18,0.004,0.004,0.004,0.003,0.005,0.004,0.006,0.005,0.005,0.005,0.004,0.004,0.005,0.006,0.005,0.004,0.005,0.004,0.006,0.005,0.003,0.004,0.003,0.004,0.054,0.076,0.073,0.1,0.083,0.075,0.1,0.068,0.1,0.082,0.073,0.072,0.004,0.006,0.005,0.005,0.003,0.006,0.005,0.004,0.005,0.005,0.005,0.004,0.005,0.004,0.005,0.004,0.005,0.005,0.005,0.005,0.004,0.003,0.005,0.005,0.005,0.004,0.005,0.005,0.004,0.006,0.005,0.004,0.005,0.005,0.002,0.005,0.112,0.141,0.121,0.167,0.165,0.195,0.203,0.217,0.221,0.194,0.208,0.17,0.196,0.168,0.165,0.143,0.004,0.003,0.005,0.003,0.004,0.005,0.006,0.006,KOL-90000002
2020-03-19,0.006,0.004,0.005,0.004,0.005,0.005,0.004,0.004,0.003,0.004,0.004,0.005,0.005,0.006,0.005,0.005,0.004,0.007,0.005,0.004,0.003,0.004,,,,,,,,,,0.109,0.079,0.103,0.071,0.075,0.006,0.004,0.005,0.004,0.004,0.005,0.005,0.003,0.005,0.005,0.004,0.005,0.004,0.004,0.004,0.003,0.003,0.004,0.005,0.004,0.003,0.005,0.005,0.004,0.005,0.003,0.006,0.005,0.004,0.004,0.004,0.004,0.006,0.005,0.005,0.004,0.13,0.147,0.137,0.208,0.185,0.192,0.195,0.213,0.203,0.202,0.211,0.223,0.193,0.147,0.154,0.105,0.004,0.005,0.005,0.005,0.004,0.006,0.003,0.004,KOL-90000002
2020-03-20,0.005,0.005,0.005,0.005,0.004,0.004,0.004,0.005,0.003,0.003,0.005,0.005,0.005,0.005,0.003,0.005,0.005,0.005,0.005,0.005,0.005,0.004,0.004,0.004,0.05,0.063,0.085,0.084,0.101,0.11,0.099,0.102,0.062,0.079,0.088,0.094,0.003,0.005,0.004,0.005,0.004,0.004,0.005,0.006,0.004,0.005,0.003,0.006,0.005,0.005,0.006,0.005,0.004,0.004,0.005,0.004,0.005,0.004,0.006,0.005,0.003,0.004,0.006,0.003,0.006,0.005,0.004,0.005,0.003,0.004,0.005,0.005,0.125,0.14,0.112,0.172,0.176,0.187,0.188,0.203,0.212,0.207,0.202,0.202,0.201,0.17,0.154,0.136,0.004,0.003,0.004,0.004,0.004,0.005,0.005,0.004,KOL-90000002
2020-03-21,0.005,0.005,0.005,0.006,0.004,0.005,0.004,0.004,0.005,0.004,0.003,0.005,0.004,0.005,0.005,0.005,0.004,0.005,0.006,0.005,0.005,0.004,0.004,0.005,0.06,0.063,0.078,0.087,0.092,0.099,0.1,0.079,0.093,0.075,0.086,0.058,0.003,0.005,0.005,0.004,0.005,0.005,0.006,0.005,0.004,0.005,0.006,0.003,0.004,0.005,0.006,0.006,0.005,0.006,0.004,0.005,0.005,0.003,0.005,0.005,0.006,0.006,0.004,0.004,0.004,0.005,0.004,0.005,0.004,0.004,0.005,0.005,0.104,0.134,0.153,0.17,0.167,0.195,0.196,0.227,0.218,0.187,0.195,0.173,0.173,0.151,0.158,0.118,0.004,0.004,0.005,0.004,0.005,0.006,0.006,0.004,KOL-90000002
2020-03-22,0.004,0.005,0.004,0.003,0.005,0.005,0.004,0.004,0.005,0.004,0.003,0.006,0.005,0.006,0.005,0.003,0.004,0.005,0.006,0.005,0.005,0.005,0.004,0.004,0.063,0.078,0.076,0.08,0.08,0.071,0.112,0.092,0.098,0.088,0.063,0.076,0.004,0.005,0.004,0.005,0.004,0.004,0.004,0.006,0.004,0.003,0.005,0.004,0.005,0.005,0.005,0.005,0.004,0.004,0.003,0.006,0.004,0.003,0.004,0.004,0.005,0.005,0.005,0.004,0.005,0.006,0.003,0.005,0.005,0.005,0.004,0.004,0.135,0.136,0.158,0.168,0.172,0.185,0.195,0.218,0.186,0.21,0.201,0.199,0.169,0.175,0.148,0.156,0.005,0.005,0.004,0.005,0.004,0.004,0.005,0.004,KOL-90000002
2020-03-23,0.004,0.005,0.003,0.004,0.005,0.005,0.003,0.004,0.004,0.005,0.004,0.005,0.006,0.004,0.004,0.004,0.005,0.005,0.003,0.006,0.005,0.004,0.004,0.004,0.043,0.04,0.094,0.086,0.095,0.097,0.085,0.086,0.093,0.086,0.081,0.068,0.005,0.003,0.005,0.004,0.005,0.005,0.005,0.004,0.004,0.005,0.003,0.005,0.005,0.004,0.004,0.006,0.004,0.004,0.006,0.004,0.004,0.004,0.006,0.004,0.004,0.005,0.006,0.004,0.005,0.006,0.004,0.003,0.004,0.005,0.005,0.005,0.137,0.137,0.151,0.171,0.18,0.172,0.201,0.205,0.194,0.187,0.179,0.156,0.179,0.167,0.169,0.12,0.004,0.003,0.006,0.005,0.005,0.004,0.004,0.005,KOL-90000002
2020-03-24,0.005,0.007,0.005,0.005,0.004,0.005,0.003,0.005,0.005,0.006,0.004,0.005,0.005,0.006,0.003,0.005,0.004,0.005,0.004,0.005,0.004,0.005,0.004,0.005,0.058,0.063,0.063,0.086,0.076,0.103,0.068,0.104,0.107,0.059,0.084,0.06,0.004,0.005,0.005,0.004,0.004,0.006,0.004,0.005,0.006,0.003,0.004,0.003,0.004,0.005,0.004,0.004,0.005,0.005,0.005,0.004,0.004,0.004,0.005,0.005,0.005,0.005,0.005,0.006,0.004,0.004,0.004,0.005,0.004,0.005,0.005,0.004,0.098,0.16,0.13,0.167,0.165,0.193,0.23,0.214,0.206,0.209,0.207,0.196,0.199,0.154,0.153,0.134,0.004,0.005,0.006,0.005,0.003,0.002,0.005,0.004,KOL-90000002
2020-03-25,0.004,0.007,0.005,0.005,0.004,0.005,0.005,0.004,0.003,0.005,0.005,0.004,0.005,0.004,0.004,0.005,0.004,0.004,0.005,0.004,0.005,0.006,0.003,0.004,0.058,0.085,0.094,0.085,0.103,0.09,0.099,0.094,0.104,0.075,0.093,0.054,0.005,0.004,0.006,0.005,0.005,0.005,0.005,0.004,0.004,0.005,0.005,0.004,0.005,0.005,0.005,0.003,0.004,0.003,0.006,0.002,0.005,0.005,0.004,0.005,0.005,0.005,0.004,0.005,0.005,0.004,0.004,0.005,0.005,0.005,0.004,0.004,0.105,0.139,0.161,0.186,0.167,0.21,0.18,0.195,0.231,0.202,0.226,0.197,0.176,0.172,0.17,0.114,0.005,0.004,0.006,0.004,0.004,0.006,0.005,0.005,KOL-90000002
2020-03-26,0.005,0.003,0.005,0.003,0.005,0.004,0.005,0.004,0.004,0.004,0.005,0.006,0.005,0.004,0.004,0.005,0.005,0.004,0.004,0.005,0.005,0.004,0.005,0.006,0.061,0.069,0.081,0.086,0.076,0.097,0.105,0.105,0.088,0.097,0.072,0.046,0.005,0.004,0.005,0.004,0.004,0.004,0.003,0.003,0.005,0.006,0.006,0.005,0.005,0.004,0.005,0.006,0.004,0.005,0.006,0.003,0.004,0.005,0.005,0.004,0.005,0.004,0.004,0.005,0.005,0.004,0.004,0.005,0.004,0.004,0.006,0.004,0.146,0.142,0.152,0.142,0.171,0.186,0.196,0.202,0.19,0.198,0.231,0.183,0.17,0.192,0.178,0.126,0.004,0.004,0.005,0.003,0.005,0.003,0.004,0.005,KOL-90000002
2020-03-27,0.005,0.004,0.004,0.004,0.005,0.004,0.003,0.004,0.005,0.005,0.003,0.004,0.004,0.005,0.004,0.005,0.004,0.005,0.004,0.004,0.005,0.005,0.006,0.005,0.052,0.063,0.088,0.084,0.088,0.11,0.088,0.104,0.097,0.101,0.076,0.063,0.005,0.005,0.004,0.006,0.007,0.005,0.005,0.005,0.005,0.004,0.003,0.005,0.004,0.004,0.004,0.005,0.005,0.004,0.004,0.004,0.004,0.004,0.004,0.004,0.006,0.005,0.006,0.005,0.004,0.005,0.004,0.005,0.004,0.004,0.005,0.005,0.123,0.14,0.132,0.172,0.183,0.198,0.183,0.18,0.227,0.21,0.186,0.196,0.171,0.169,0.137,0.136,0.003,0.004,0.004,0.006,0.003,0.004,0.004,0.003,KOL-90000002
2020-03-28,0.006,0.003,0.006,0.004,0.004,0.005,0.005,0.003,0.004,0.006,0.005,0.005,0.005,0.005,0.002,0.003,0.003,0.004,0.004,0.003,0.006,0.004,0.004,0.004,0.043,0.06,0.08,0.076,0.085,0.076,0.086,0.097,0.084,0.083,0.073,0.063,,,,,,,,,,,,0.004,0.005,0.003,0.004,0.004,0.004,0.005,0.004,0.005,0.005,0.007,0.006,0.004,0.004,0.004,0.003,0.004,0.005,0.003,0.005,0.004,0.004,0.005,0.005,0.002,0.116,0.122,0.171,0.175,0.2,0.17,0.196,0.198,0.198,0.22,0.179,0.182,0.184,0.159,0.137,0.163,0.004,0.004,0.005,0.005,0.004,0.004,0.005,0.004,KOL-90000002
2020-03-29,0.005,0.005,0.004,0.003,0.004,0.005,0.005,0.004,0.006,0.005,0.004,0.003,0.004,0.005,0.004,0.005,0.005,0.005,0.006,0.003,0.005,0.005,0.006,0.004,0.043,0.059,0.092,0.075,0.095,0.101,0.092,0.106,0.077,0.081,0.081,0.069,0.003,0.006,0.004,0.005,0.003,0.005,0.005,0.005,0.004,0.005,0.004,0.005,0.005,0.004,0.004,0.005,0.005,0.004,0.005,0.004,0.005,0.004,0.005,0.006,0.004,0.005,0.004,0.005,0.005,0.004,0.003,0.004,0.004,0.004,0.005,0.003,0.12,0.133,0.161,0.159,0.154,0.181,0.223,0.226,0.2,0.181,0.204,0.186,0.193,0.177,0.174,0.155,0.005,0.005,0.005,0.003,0.006,0.005,0.005,0.003,KOL-90000002
2020-03-30,0.005,0.004,0.004,0.004,0.004,0.004,0.005,0.004,0.005,0.005,0.005,0.005,0.005,0.004,0.005,0.004,0.004,0.004,0.003,0.005,0.005,0.006,0.005,0.005,0.05,0.059,0.077,0.084,0.101,0.09,0.078,0.092,0.076,0.091,0.072,0.068,0.005,0.005,0.005,0.006,0.004,0.004,0.004,0.004,0.004,0.004,0.004,0.003,0.006,0.003,0.005,0.004,0.005,0.005,0.004,0.005,0.006,0.006,0.004,0.003,0.003,0.004,0.004,0.005,0.004,0.005,0.006,0.004,0.005,0.005,0.007,0.006,0.122,0.109,0.154,0.192,0.2,0.188,0.188,0.177,0.232,0.205,0.199,0.204,0.182,0.194,0.147,0.121,0.005,0.005,0.004,0.003,0.006,0.005,0.005,0.004,KOL-90000002
2020-03-31,0.005,0.005,0.003,0.005,0.004,0.004,0.004,0.006,0.004,0.005,0.004,0.005,0.004,0.005,0.005,0.004,0.004,0.004,0.005,0.005,0.005,0.005,0.005,0.005,0.05,0.077,0.081,0.091,0.095,0.099,0.101,0.087,0.091,0.085,0.076,0.056,0.005,0.003,0.005,0.005,0.002,0.005,0.005,0.005,0.005,0.004,0.004,0.004,0.005,0.004,0.004,0.004,0.003,0.005,0.005,0.003,0.006,0.004,0.003,0.005,0.005,0.003,0.005,0.003,0.005,0.006,0.004,0.004,0.004,0.004,0.003,0.006,0.127,0.139,0.15,0.156,0.167,0.211,0.223,0.204,0.186,0.226,0.189,0.213,0.176,0.164,0.146,0.143,0.004,0.004,0.004,0.005,0.003,0.004,0.005,0.005,KOL-90000002
2020-04-01,0.004,0.005,0.004,0.005,0.004,0.004,0.005,0.004,0.005,0.006,0.005,0.004,0.004,0.004,0.006,0.004,0.005,0.005,0.005,0.006,0.004,0.006,0.006,0.004,0.076,0.089,0.084,0.081,0.1,0.095,0.095,0.102,0.089,0.073,0.076,0.044,0.006,0.005,0.005,0.005,0.005,0.004,0.004,0.004,0.003,0.005,0.005,0.004,0.004,0.004,0.005,0.004,0.006,0.005,0.004,0.004,0.005,0.006,0.004,0.005,0.005,0.004,0.005,0.004,0.004,0.004,0.004,0.006,0.004,0.003,0.006,0.004,0.138,0.124,0.131,0.175,0.17,0.177,0.184,0.233,0.2,0.215,0.202,0.183,0.192,0.166,0.144,0.146,0.004,0.005,0.005,0.004,0.004,0.006,0.004,0.004,KOL-90000002
2020-04-02,0.006,0.005,0.004,0.004,0.005,0.005,0.004,0.005,0.004,0.005,0.005,0.004,0.005,0.004,0.006,0.005,0.003,0.004,0.005,0.004,0.005,0.004,0.004,0.004,0.037,0.059,0.089,0.082,0.1,0.083,0.102,0.095,0.096,0.074,0.072,0.058,0.005,0.005,0.005,0.004,0.003,0.004,0.004,0.005,0.003,0.005,0.006,0.005,0.005,0.004,0.004,0.004,0.006,0.005,0.004,0.004,0.005,0.005,0.003,0.005,0.006,0.005,0.004,0.004,0.004,0.005,0.003,0.006,0.005,0.004,0.004,0.005,0.111,0.129,0.146,0.18,0.169,0.198,0.19,0.24,0.183,0.193,0.215,0.198,0.139,0.191,0.155,0.152,0.004,0.005,0.005,0.003,0.005,0.005,0.004,0.005,KOL-90000002
2020-04-03,0.004,0.005,0.004,0.006,0.004,0.004,0.006,0.005,0.004,0.006,0.004,0.005,0.006,0.005,0.004,0.005,0.005,0.005,0.003,0.006,0.005,0.004,0.003,0.004,0.048,0.075,0.086,0.072,0.091,0.079,0.079,0.085,0.092,0.073,0.068,0.067,0.004,0.005,0.004,0.005,0.003,0.003,0.005,0.004,0.005,0.005,0.004,0.004,0.004,0.004,0.004,0.004,0.004,0.004,0.005,0.005,0.005,0.005,0.005,0.004,0.004,0.005,0.005,0.004,0.003,0.005,0.005,0.005,0.005,0.005,0.006,0.005,0.153,0.156,0.14,0.128,0.182,0.197,0.217,0.185,0.199,0.21,0.199,0.189,0.172,0.177,0.182,0.168,0.005,0.005,0.004,0.005,0.004,0.004,0.004,0.004,KOL-90000002
2020-04-04,0.006,0.005,0.004,0.004,0.004,0.005,0.003,0.004,0.004,0.005,0.005,0.004,0.005,0.004,0.005,0.005,0.005,0.006,0.005,0.003,0.005,0.005,0.005,0.005,0.072,0.063,0.069,0.084,0.071,0.099,0.11,0.091,0.078,0.068,0.07,0.059,0.005,0.004,0.003,0.004,0.005,0.006,0.004,0.004,0.005,0.005,0.005,0.005,0.003,0.003,0.004,,,,,,,,,,,,,0.005,0.004,0.005,0.004,0.003,0.004,0.006,0.005,0.005,0.135,0.143,0.155,0.16,0.18,0.234,0.198,0.209,0.221,0.199,0.194,0.191,0.194,0.17,0.184,0.142,0.004,0.004,0.004,0.004,0.004,0.003,0.004,0.006,KOL-90000002
2020-04-05,0.004,0.003,0.003,0.004,0.004,0.006,0.005,0.005,0.004,0.005,0.004,0.005,0.006,0.005,0.004,0.005,0.005,0.004,0.005,0.005,0.005,0.005,0.003,0.005,0.058,0.053,0.073,0.069,0.09,0.083,0.112,0.096,0.092,0.094,0.067,0.059,0.004,0.006,0.004,0.005,0.005,0.004,0.005,0.004,0.006,0.005,0.004,0.006,0.005,0.005,0.005,0.005,0.005,0.006,0.006,0.004,0.005,0.004,0.003,0.004,0.005,0.005,0.005,0.005,0.004,0.006,0.005,0.005,0.004,0.005,0.005,0.002,0.144,0.167,0.178,0.161,0.206,0.176,0.219,0.191,0.225,0.201,0.18,0.192,0.173,0.161,0.153,0.143,0.005,0.004,0.003,0.003,0.006,0.004,0.006,0.004,KOL-90000002
2020-04-06,0.003,0.004,0.006,0.004,0.004,0.004,0.003,0.004,0.004,0.006,0.005,0.004,0.004,0.004,0.005,0.005,0.005,0.006,0.004,0.004,0.004,0.004,0.005,0.004,0.046,0.063,0.07,0.092,0.078,0.082,0.097,0.092,0.096,0.094,0.077,0.06,0.004,0.005,0.004,0.005,0.006,0.005,0.005,0.005,0.004,0.005,0.005,0.004,0.005,0.004,0.004,0.006,0.005,0.003,0.003,0.004,0.005,0.005,0.004,0.006,0.005,0.004,0.004,0.004,0.004,0.005,0.005,0.004,0.005,0.006,0.005,0.005,0.133,0.123,0.143,0.16,0.182,0.182,0.186,0.188,0.213,0.187,0.199,0.216,0.177,0.155,0.148,0.125,0.004,0.005,0.005,0.005,0.005,0.003,0.005,0.005,KOL-90000002
2020-04-07,0.004,0.004,0.004,0.005,0.004,0.005,0.003,0.004,0.005,0.005,0.005,0.005,0.004,0.006,0.003,0.004,0.004,0.005,0.004,0.006,0.004,0.004,0.005,0.005,0.057,0.07,0.065,0.077,0.09,0.075,0.1,0.086,0.089,0.097,0.067,0.065,0.003,0.005,0.005,0.003,0.005,0.004,0.005,0.004,0.004,0.005,0.005,0.004,0.004,0.004,0.005,0.004,0.003,0.005,0.003,0.006,0.005,0.005,0.004,0.004,0.006,0.004,0.004,0.006,0.004,0.005,0.003,0.004,0.006,0.005,0.003,0.007,0.133,0.158,0.144,0.196,0.169,0.211,0.208,0.212,0.203,0.223,0.177,0.182,0.205,0.16,0.147,0.117,0.005,0.004,0.005,0.004,0.004,0.005,0.005,0.005,KOL-90000002
2020-04-08,0.006,0.005,0.005,0.006,0.003,0.004,0.005,0.005,0.004,0.005,0.005,0.004,0.004,0.004,0.004,0.005,0.006,0.003,0.005,0.005,0.005,0.003,0.003,0.004,0.069,0.078,0.059,0.085,0.082,0.082,0.093,0.113,0.101,0.085,0.082,0.074,0.004,0.006,0.004,0.005,0.003,0.005,0.005,0.005,0.004,0.004,0.005,0.004,0.005,0.006,0.005,0.004,0.004,0.004,0.004,0.004,0.005,0.004,0.004,0.005,0.004,0.005,0.004,0.005,0.004,0.004,0.003,0.004,0.006,0.005,0.004,0.004,0.13,0.133,0.18,0.165,0.18,0.184,0.204,0.195,0.2,0.191,0.191,0.173,0.198,0.196,0.172,0.11,0.005,0.004,0.005,0.004,0.004,0.003,0.005,0.004,KOL-90000002
2020-04-09,0.004,0.005,0.006,0.004,0.004,0.004,0.004,0.004,0.006,0.004,0.005,0.004,0.005,0.004,0.004,0.006,0.006,0.004,0.005,0.005,0.005,0.005,0.005,0.004,0.055,0.078,0.081,,,,0.098,0.089,0.103,0.095,0.067,0.074,0.004,0.005,0.006,0.005,0.004,0.004,0.004,0.004,0.004,0.003,0.004,0.005,0.005,0.005,0.004,0.005,0.004,0.003,0.005,0.004,0.004,0.004,0.005,0.005,0.005,0.004,0.005,0.004,0.004,0.004,0.005,0.005,0.005,0.003,0.004,0.005,0.15,0.143,0.143,0.174,0.211,0.184,0.207,0.201,0.228,0.179,0.205,0.151,0.197,0.139,0.172,0.138,0.004,0.004,0.006,0.004,0.004,0.005,0.005,0.005,KOL-90000002
2020-04-10,0.004,0.004,0.003,0.004,0.004,0.004,0.005,0.004,0.002,0.004,0.006,0.004,0.004,0.004,0.005,0.004,0.005,0.004,0.004,0.005,0.005,0.004,0.005,0.004,0.076,0.073,0.077,0.084,0.088,0.088,0.088,0.095,0.1,0.082,0.083,0.069,0.006,0.004,0.003,0.004,0.006,0.006,0.005,0.004,0.005,0.005,0.005,0.005,0.004,0.003,0.005,0.005,0.004,,,,,,,,,,,,,0.003,0.005,0.004,0.005,0.003,0.005,0.005,0.101,0.141,0.161,0.17,0.177,0.192,0.21,0.216,0.217,0.167,0.196,0.163,0.174,0.16,0.158,0.135,0.004,0.005,0.004,0.004,0.005,0.006,0.004,0.005,KOL-90000002
2020-04-11,0.004,0.004,0.006,0.004,0.004,0.005,0.005,0.005,0.006,0.005,0.005,0.003,0.003,0.004,0.004,0.005,0.005,0.004,0.006,0.005,0.004,0.002,0.005,0.005,0.045,0.073,0.077,0.085,0.097,0.108,0.097,0.105,0.088,0.101,0.088,0.067,0.004,0.005,0.004,0.004,0.006,0.005,0.005,0.003,0.004,0.004,0.005,0.004,0.005,0.006,0.004,0.003,0.004,0.004,0.004,0.003,0.004,0.004,0.005,0.005,0.004,0.004,0.006,0.005,0.005,0.004,0.006,0.005,0.005,0.006,0.005,0.005,0.126,0.157,0.159,0.165,0.195,0.194,0.187,0.202,0.195,0.182,0.183,0.221,0.186,0.172,0.161,0.145,0.005,0.005,0.005,0.005,0.005,0.004,0.004,0.006,KOL-90000002
2020-04-12,0.005,0.003,0.004,0.005,0.005,0.004,0.005,0.005,0.004,0.005,0.005,0.006,0.004,0.005,0.004,0.002,0.004,0.005,0.004,0.006,0.004,0.004,0.004,0.005,0.047,0.058,0.076,0.085,0.1,0.09,0.098,0.09,0.075,0.081,0.101,0.067,0.004,0.005,0.005,0.004,0.005,0.004,0.005,0.004,0.004,0.005,0.006,0.004,0.005,0.004,0.005,0.004,0.004,0.005,0.004,0.004,0.004,0.004,0.004,0.004,0.005,0.003,0.004,0.003,0.005,0.004,0.004,0.005,0.005,0.004,0.007,0.004,0.128,0.132,0.149,0.19,0.174,0.204,0.196,0.222,0.215,0.206,0.196,0.208,0.189,0.171,0.144,0.122,0.006,0.006,0.006,0.004,0.005,0.004,0.006,0.005,KOL-90000002
2020-04-13,0.005,0.003,0.004,0.004,0.004,0.007,0.005,0.005,0.004,0.003,0.004,0.005,0.005,0.006,0.004,0.004,0.005,0.004,0.004,0.004,0.004,0.004,0.004,0.005,0.053,0.054,0.081,0.093,0.095,0.072,0.097,0.098,0.07,0.08,0.074,0.057,0.004,0.006,0.005,0.004,0.005,0.003,0.004,0.004,0.005,0.005,0.005,0.004,0.006,0.003,0.003,0.003,0.004,0.003,0.004,0.005,0.004,0.006,0.004,0.006,0.004,0.005,0.005,0.004,0.003,0.004,0.006,0.005,0.005,0.004,0.004,0.006,0.104,0.131,0.148,0.162,0.184,0.182,0.208,0.247,0.203,0.201,0.204,0.211,0.17,0.183,0.152,0.14,0.005,0.003,0.005,0.003,0.004,0.004,0.003,0.005,KOL-90000002
2020-04-14,0.003,0.004,0.004,0.004,0.004,0.004,0.004,0.005,0.004,0.005,0.003,,,,,,,,,,,,,,,0.065,0.085,0.084,0.084,0.096,0.086,0.098,0.066,0.088,0.061,0.053,0.003,0.005,0.005,0.005,0.005,0.004,0.005,0.005,0.005,0.004,0.005,0.004,0.004,0.004,0.005,0.004,0.005,0.005,0.004,0.004,0.004,0.005,0.004,0.004,0.004,0.005,0.005,0.004,0.004,0.005,0.006,0.004,0.004,0.003,0.004,0.005,0.116,0.157,0.153,0.207,0.201,0.192,0.215,0.207,0.173,0.185,0.184,0.192,0.199,0.144,0.164,0.129,0.005,0.005,0.005,0.004,0.004,0.002,0.004,0.005,KOL-90000002
2020-04-15,0.004,0.005,0.004,0.005,0.004,0.003,0.004,0.006,0.005,0.003,0.005,0.004,0.005,0.004,0.003,0.005,0.005,0.005,0.006,0.005,0.005,0.005,0.004,0.004,0.06,0.032,0.071,0.076,0.083,0.099,0.11,0.096,0.095,0.081,0.09,0.076,0.004,0.004,0.005,0.005,0.004,0.005,0.005,0.004,0.003,0.003,0.004,0.004,0.004,0.003,0.004,0.005,0.004,0.007,0.004,0.004,0.005,0.004,0.004,0.005,0.005,0.005,0.005,0.005,0.005,0.003,0.005,0.004,0.004,0.004,0.002,0.004,0.111,0.135,0.174,0.185,0.173,0.188,0.205,0.197,0.214,0.196,0.177,0.19,0.185,0.16,0.17,0.129,0.003,0.003,0.004,0.005,0.005,0.004,0.005,0.003,KOL-90000002
2020-04-16,0.005,0.004,0.005,0.005,0.003,0.004,0.004,0.005,0.005,0.006,0.004,0.004,0.005,0.003,0.003,0.005,0.005,0.004,0.005,0.004,0.005,0.005,0.005,0.005,0.057,0.067,0.071,0.1,0.091,0.106,0.099,0.119,0.08,0.097,0.085,0.073,0.005,0.004,0.005,0.005,0.004,0.003,0.005,0.002,0.005,0.003,0.005,0.005,0.006,0.005,0.005,0.003,0.004,0.005,0.004,0.006,0.005,0.003,0.005,0.005,0.004,0.004,0.005,0.004,0.004,0.004,0.006,0.004,0.004,0.005,0.004,0.004,0.113,0.132,0.157,0.182,0.186,0.201,0.208,0.217,0.201,0.22,0.186,0.203,0.186,0.175,0.188,0.119,0.005,0.003,0.004,0.004,0.004,0.004,0.005,0.004,KOL-90000002
2020-04-17,0.005,0.003,0.005,0.006,0.003,0.005,0.003,0.004,0.004,0.004,0.004,0.005,0.004,0.006,0.004,0.004,0.005,0.005,0.006,0.004,0.005,0.004,0.006,0.004,0.033,0.058,0.085,0.092,0.073,0.094,0.085,0.104,0.088,0.073,0.074,0.087,0.004,0.004,0.004,0.005,0.004,0.005,0.005,0.005,0.004,0.004,0.005,0.004,0.003,0.006,0.005,0.004,0.004,0.004,0.004,0.005,0.005,0.006,0.004,0.004,0.005,0.005,0.004,0.004,0.005,0.004,0.004,0.005,0.004,0.004,0.005,0.006,0.141,0.145,0.161,0.179,0.185,0.188,0.223,0.192,0.214,0.207,0.181,0.2,0.162,0.185,0.167,0.145,0.003,0.005,0.004,0.005,0.005,0.005,0.005,0.004,KOL-90000002
2020-04-18,0.004,0.005,0.004,0.004,0.004,0.003,0.005,0.004,0.004,0.005,0.006,0.004,0.005,0.005,0.004,0.004,0.006,0.004,0.005,0.005,0.004,0.005,0.004,0.006,0.057,0.072,0.063,0.096,0.105,0.099,0.098,0.103,0.085,0.084,0.048,0.071,0.004,0.004,0.003,0.005,0.004,0.004,0.004,0.004,0.004,0.003,0.003,0.005,0.004,0.004,0.004,0.005,0.004,0.005,0.004,0.004,0.003,0.003,0.005,0.004,0.005,0.006,0.005,0.005,0.005,0.005,0.003,0.005,0.005,0.005,0.004,0.004,0.104,0.123,0.153,0.184,0.158,0.204,0.186,0.186,0.208,0.199,0.198,0.218,0.198,0.167,0.144,0.122,0.004,0.004,0.003,0.004,0.004,0.004,0.005,0.005,KOL-90000002
2020-04-19,0.004,0.004,0.005,0.003,0.003,0.004,0.005,0.004,0.004,0.005,0.005,0.004,0.005,0.004,0.004,0.004,0.004,0.005,0.004,0.004,0.006,0.006,0.005,0.006,0.058,0.079,0.077,0.08,0.088,0.094,0.108,0.093,0.08,0.097,0.097,0.058,0.004,0.004,0.005,0.005,0.004,0.003,0.004,0.004,0.006,0.004,0.005,0.004,0.003,0.004,0.005,0.004,0.005,0.004,0.005,0.005,0.005,0.006,0.005,0.005,0.003,0.006,0.005,0.002,0.004,0.004,0.005,0.005,0.004,0.005,0.005,0.005,0.131,0.14,0.16,0.185,0.188,0.223,0.215,0.195,0.19,0.208,0.195,0.224,0.191,0.178,0.154,0.158,0.005,0.004,0.005,0.005,0.004,0.004,0.004,0.004,KOL-90000002
2020-04-20,0.005,0.004,0.005,0.004,0.004,0.005,0.004,0.006,0.006,0.005,0.006,0.006,0.005,0.005,0.005,0.004,0.004,0.005,0.006,0.005,0.005,0.004,0.004,0.003,0.047,0.07,0.08,0.078,0.064,0.095,0.102,0.092,0.094,0.103,0.083,0.061,0.004,0.005,0.005,0.004,0.004,0.003,0.004,0.005,0.004,0.004,0.005,0.005,0.005,0.004,0.004,0.005,0.005,0.004,0.004,0.004,0.006,0.005,0.005,0.003,0.004,0.006,0.004,0.004,0.005,0.003,0.003,0.005,0.004,0.003,0.004,0.005,0.115,0.106,0.135,0.175,0.156,0.205,0.185,0.218,0.207,0.209,0.217,0.177,0.182,0.156,0.167,0.131,0.004,0.004,0.004,0.005,0.004,0.003,0.006,0.004,KOL-90000002
2020-04-21,0.005,0.005,0.004,0.004,0.005,0.006,0.006,0.006,0.004,0.004,0.005,0.004,0.004,0.004,0.005,0.005,0.004,0.005,0.005,0.004,0.004,0.006,0.005,0.004,0.046,0.061,0.069,0.071,0.086,0.099,0.094,0.11,0.116,0.091,0.085,0.074,0.003,0.002,0.005,0.003,0.004,0.005,0.004,0.005,0.005,0.005,0.004,0.004,0.005,0.004,0.005,0.003,0.004,0.004,0.003,0.004,0.004,0.004,0.003,0.005,0.005,0.004,0.004,0.005,0.004,0.004,0.006,0.005,0.005,0.006,0.004,0.004,0.128,0.158,0.176,0.149,0.175,0.162,0.19,0.227,0.21,0.19,0.178,0.18,0.158,0.189,0.145,0.11,0.006,0.004,0.004,0.004,0.006,0.003,0.005,0.005,KOL-90000002
2020-04-22,0.263,0.232,0.003,0.003,0.005,0.007,0.004,0.005,0.004,0.005,0.006,0.004,0.005,0.003,0.005,0.005,0.004,0.005,0.005,0.004,0.004,0.006,0.005,0.005,0.056,0.054,0.081,0.097,0.092,0.097,0.098,0.073,0.079,0.095,0.081,0.043,0.005,0.003,0.004,0.005,0.004,0.005,0.005,0.005,0.004,0.006,0.005,0.004,0.004,0.004,0.004,0.004,0.004,0.006,0.004,0.004,0.003,0.006,0.005,0.005,0.004,0.005,0.006,0.004,0.004,0.005,0.006,0.004,0.005,0.004,0.005,0.004,0.114,0.153,0.154,0.178,0.193,0.204,0.209,0.24,0.199,0.197,0.175,0.181,0.179,0.189,0.164,0.173,0.224,0.303,0.204,0.223,0.226,0.214,0.221,0.266,KOL-90000002
2020-04-23,0.207,0.271,0.229,0.207,0.277,0.221,0.193,0.226,0.258,0.228,0.004,0.006,0.004,0.006,0.005,0.004,0.004,0.005,0.005,0.005,0.005,0.005,0.004,0.005,0.059,0.071,0.081,0.081,0.074,0.089,0.098,0.095,0.102,0.094,0.073,0.083,0.004,0.004,0.005,0.004,0.005,0.004,0.003,0.004,0.005,0.004,0.005,0.004,0.006,0.004,0.004,0.005,0.004,0.003,0.006,0.005,0.005,0.004,0.005,0.003,0.003,0.004,0.004,0.005,0.004,0.004,0.005,0.004,0.004,0.004,0.005,0.003,0.128,0.124,0.164,0.163,0.162,0.177,0.184,0.196,0.214,0.175,0.192,0.166,0.188,0.182,0.162,0.117,0.004,0.004,0.004,0.004,0.006,0.004,0.004,0.006,KOL-90000002
2020-04-24,0.004,0.004,0.005,0.004,0.005,0.005,0.006,0.005,0.004,0.004,0.005,0.005,0.004,0.004,0.005,0.005,0.004,0.005,0.005,0.005,0.005,0.005,0.005,0.005,0.054,0.07,0.077,0.082,0.08,0.092,0.093,0.103,0.078,0.085,0.065,0.065,0.004,0.004,0.005,0.003,0.004,0.004,0.006,0.006,0.004,0.003,0.005,0.005,0.004,0.005,0.005,0.005,0.004,0.004,0.004,0.005,0.004,0.004,0.004,0.003,0.004,0.006,0.004,0.004,0.004,0.006,0.004,0.005,0.005,0.004,0.003,0.003,0.124,0.154,0.146,0.156,0.171,0.213,0.217,0.21,0.228,0.197,0.201,0.214,0.19,0.171,0.157,0.156,0.004,0.005,0.005,0.005,0.005,0.003,0.004,0.003,KOL-90000002
2020-04-25,0.004,0.004,0.005,0.004,0.005,0.005,0.004,0.005,0.004,0.004,0.003,0.003,0.005,0.005,0.005,0.005,0.004,0.003,0.007,0.005,0.003,0.006,0.005,0.005,0.059,0.081,0.067,0.071,0.09,0.09,0.097,0.109,0.096,0.092,0.071,0.081,0.005,0.004,0.003,0.004,0.005,0.004,0.006,0.005,0.006,0.006,0.005,0.004,0.004,0.003,0.006,0.004,0.004,0.004,0.005,0.005,0.005,0.006,0.005,0.005,0.005,0.005,0.004,0.006,0.004,0.004,0.004,0.005,0.004,0.003,0.006,0.005,0.112,0.136,0.153,0.188,0.214,0.195,0.156,0.211,0.227,0.177,0.191,0.183,0.375,0.359,0.346,0.259,0.187,0.239,0.219,0.206,0.246,0.19,0.004,0.006,KOL-90000002
2020-04-26,0.005,0.004,0.005,0.004,0.003,0.004,0.004,0.004,0.004,0.004,0.005,0.004,0.004,0.003,0.004,0.004,0.005,0.005,0.003,0.005,0.003,0.004,0.006,0.004,0.054,0.04,0.073,0.073,0.083,0.091,0.108,0.106,0.094,0.084,0.088,0.065,0.004,0.004,0.003,0.003,0.004,0.006,0.004,0.005,0.004,0.005,0.005,0.004,0.004,0.006,0.004,0.004,0.005,0.003,0.003,0.005,0.003,0.005,0.005,0.004,0.006,0.004,0.004,0.005,0.005,0.004,0.005,0.005,0.006,0.005,0.004,0.005,0.117,0.146,0.145,0.176,0.196,0.185,0.201,0.206,0.221,0.209,0.187,0.201,0.195,0.163,0.131,0.139,0.004,0.004,0.006,0.005,0.006,0.004,0.005,0.003,KOL-90000002
2020-04-27,0.005,0.005,0.006,0.006,0.239,0.21,0.237,0.248,0.213,0.171,0.236,0.203,0.2,0.004,0.006,0.004,0.006,0.004,0.005,0.005,0.004,0.005,0.005,0.005,0.051,0.077,0.08,0.088,0.089,0.101,0.1,0.099,0.073,0.083,0.088,0.075,0.003,0.003,0.004,0.005,0.005,0.003,0.006,0.005,0.005,0.004,0.003,0.005,0.003,0.004,0.004,0.005,0.007,0.005,0.004,0.004,0.003,0.004,0.004,0.004,0.006,0.004,0.005,0.004,0.004,0.005,0.005,0.005,0.003,0.005,0.005,0.004,0.14,0.112,0.161,0.179,0.174,0.213,0.196,0.179,0.233,0.216,0.199,0.199,0.2,0.16,0.151,0.15,0.005,0.005,0.005,0.005,0.003,0.005,0.007,0.003,KOL-90000002
2020-04-28,0.237,0.239,0.245,0.243,0.284,0.252,0.158,0.197,0.224,0.218,0.208,0.003,0.005,0.004,0.004,0.004,0.003,0.005,0.003,0.005,0.006,0.004,0.004,0.004,0.047,0.056,0.088,0.095,0.093,0.101,0.096,0.086,0.089,0.094,0.07,0.056,0.004,0.004,0.005,0.003,0.004,0.006,0.004,0.005,0.003,0.005,0.004,0.005,0.005,0.003,0.005,0.006,0.006,0.005,0.005,0.005,0.005,0.004,0.004,0.005,0.005,0.004,0.003,0.005,0.005,0.004,0.006,0.005,0.005,0.005,0.006,0.005,0.135,0.139,0.145,0.183,0.201,0.226,0.195,0.199,0.228,0.244,0.207,0.187,0.189,0.148,0.109,0.136,0.005,0.005,0.006,0.005,0.004,0.005,0.004,0.005,KOL-90000002
2020-04-29,0.217,0.29,0.238,0.208,0.255,0.006,0.003,0.005,0.004,0.003,0.006,0.004,0.006,0.004,0.005,0.005,0.005,0.004,0.005,0.004,0.004,0.005,0.004,0.005,0.036,0.06,0.064,0.087,0.089,0.084,0.099,0.095,0.088,0.076,0.073,0.054,0.005,0.005,0.003,0.004,0.006,0.005,0.004,0.004,0.005,0.004,0.004,0.006,0.005,0.004,0.005,0.005,0.005,0.005,0.003,0.004,0.003,0.004,0.003,0.005,0.004,0.004,0.004,0.004,0.005,0.005,0.007,0.004,0.005,0.004,0.004,0.004,0.116,0.116,0.161,0.167,0.17,0.184,0.217,0.212,0.181,0.209,0.183,0.189,0.212,0.178,0.149,0.164,0.243,0.228,0.231,0.266,0.207,0.263,0.16,0.241,KOL-90000002
2020-04-30,0.005,0.005,0.004,0.005,0.237,0.214,0.159,0.223,0.232,0.223,0.275,0.209,0.181,0.004,0.004,0.005,0.004,0.005,0.004,0.003,0.005,0.005,0.004,0.003,0.056,0.076,0.08,0.069,0.084,0.097,0.091,0.092,0.085,0.091,0.095,0.079,0.005,0.005,0.004,0.006,0.004,0.005,0.006,0.006,0.004,0.004,0.006,0.006,0.005,0.005,0.004,0.003,0.004,0.002,0.005,0.003,0.005,0.003,0.005,0.004,0.003,0.004,0.002,0.004,0.004,0.003,0.004,0.004,0.005,0.004,0.005,0.005,0.121,0.11,0.152,0.148,0.186,0.188,0.191,0.196,0.203,0.243,0.197,0.207,0.192,0.159,0.173,0.137,0.006,0.005,0.005,0.005,0.004,0.003,0.005,0.004,KOL-90000002
2020-05-01,0.226,0.241,0.005,0.004,0.004,0.004,0.004,0.004,0.005,0.004,0.004,0.006,0.005,0.004,0.005,0.005,0.005,0.006,0.004,0.003,0.005,0.004,0.005,0.005,0.063,0.063,0.068,0.091,0.066,0.085,0.097,0.079,0.09,0.068,0.077,0.051,0.005,0.006,0.004,0.004,0.004,0.005,0.005,0.005,0.004,0.004,0.005,0.003,0.004,0.003,0.006,0.003,0.004,0.003,0.002,0.004,0.004,0.005,0.004,0.005,0.006,0.004,,,,,,,,,0.003,0.005,0.146,0.145,0.153,0.163,0.212,0.168,0.17,0.206,0.235,0.202,0.181,0.206,0.359,0.45,0.367,0.379,0.257,0.175,0.192,0.162,0.244,0.223,0.261,0.266,KOL-90000002
2020-05-02,0.192,0.259,0.227,0.243,0.25,0.218,0.205,0.224,0.233,0.267,0.19,0.266,0.162,0.28,0.004,0.007,0.005,0.004,0.004,0.005,0.004,0.006,0.005,0.004,0.045,0.052,0.06,0.073,0.102,0.082,0.097,0.082,0.084,0.067,0.075,0.058,0.004,0.005,0.006,0.004,0.005,0.004,0.003,0.004,0.004,0.006,0.005,0.005,0.005,0.004,0.005,0.004,0.004,0.004,0.006,0.005,0.005,0.005,0.006,0.003,0.004,0.004,0.004,0.004,0.005,0.005,0.004,0.004,0.006,0.004,0.004,0.005,0.13,0.132,0.158,0.187,0.175,0.201,0.196,0.173,0.234,0.235,0.211,0.185,0.191,0.154,0.176,0.161,0.003,0.005,0.006,0.004,0.003,0.003,0.003,0.004,KOL-90000002
2020-05-03,0.004,0.004,0.003,0.005,0.005,0.004,0.005,0.004,0.003,0.005,0.005,0.005,0.004,0.005,0.004,0.003,0.004,0.005,0.005,0.003,0.005,0.004,0.005,0.006,0.067,0.091,0.076,0.076,0.094,0.1,0.084,0.084,0.09,0.086,0.078,0.05,0.004,0.003,0.004,0.004,0.004,0.005,0.005,0.005,0.006,0.004,0.004,0.003,0.005,0.004,0.003,0.005,0.005,0.006,0.004,0.004,0.003,0.004,0.004,0.004,0.006,0.005,0.005,0.005,0.005,0.004,0.004,0.005,0.005,0.005,0.005,0.005,0.117,,,0.178,0.186,0.181,0.202,0.214,0.227,0.188,0.187,0.198,0.182,0.16,0.162,0.111,0.003,0.005,0.006,0.005,0.003,0.004,0.005,0.005,KOL-90000002
2020-05-04,0.006,0.005,0.005,0.006,0.004,0.005,0.005,0.005,0.004,0.005,0.003,0.005,0.004,0.004,0.004,0.005,0.004,0.005,0.005,0.004,0.003,0.004,0.006,0.005,0.047,0.061,0.085,0.075,0.089,0.087,0.096,0.107,0.081,,,0.063,0.003,0.003,0.004,0.004,0.006,0.004,0.002,0.004,0.004,0.003,0.004,0.005,0.006,0.005,0.005,0.005,0.005,0.004,0.005,0.004,0.005,0.005,0.004,0.004,0.005,0.004,0.003,0.004,0.006,0.005,0.004,0.004,0.005,0.005,0.004,0.006,0.128,0.116,0.153,0.142,0.186,0.179,0.215,0.2,0.217,0.199,0.207,0.18,0.178,0.185,0.171,0.139,0.005,0.004,0.004,0.005,0.005,0.006,0.006,0.004,KOL-90000002
2020-05-05,0.004,0.006,0.006,0.005,0.004,0.005,0.003,0.004,0.004,0.004,0.006,0.005,0.004,0.004,0.004,0.005,0.003,0.004,0.005,0.004,0.004,0.004,0.005,0.004,0.062,0.071,0.081,0.079,0.09,0.107,0.113,0.112,0.089,0.078,0.072,0.068,0.006,0.005,0.003,0.005,0.005,0.005,0.006,0.004,0.005,0.006,0.004,0.004,0.005,0.005,0.005,0.003,0.004,0.005,0.005,0.004,0.004,0.005,,,,,,,,,,,,,,,0.149,0.149,0.136,0.153,0.167,0.229,0.199,0.171,0.216,0.214,0.206,0.193,0.18,0.179,0.159,0.11,0.005,0.004,0.006,0.003,0.004,0.005,0.004,0.004,KOL-90000002
2020-05-06,0.004,0.003,0.004,0.005,0.004,0.005,0.005,0.004,0.005,0.003,0.005,0.005,0.004,0.005,0.005,0.004,0.005,0.004,0.007,0.005,0.006,0.005,0.004,0.004,0.045,0.073,0.076,0.1,0.085,0.086,0.09,0.09,0.098,0.098,0.067,0.058,0.004,0.004,0.005,0.006,0.004,0.005,0.005,0.005,0.005,0.005,0.006,0.005,0.004,0.005,0.006,0.005,0.006,0.004,0.004,0.004,0.004,0.005,0.005,0.003,0.006,0.004,0.005,0.004,0.005,0.004,0.004,0.003,0.007,0.005,0.004,0.005,0.136,0.122,0.144,0.166,0.157,0.184,0.195,0.206,0.217,0.213,0.189,0.18,0.178,0.167,0.162,0.135,0.005,0.005,0.005,0.006,0.004,0.003,0.003,0.005,KOL-90000002
2020-05-07,0.005,0.003,0.003,0.004,0.005,0.004,0.005,0.006,0.004,0.004,0.003,0.005,0.005,0.004,0.005,0.005,0.002,0.005,0.005,0.006,0.005,0.005,0.004,0.004,0.043,0.065,0.072,0.067,0.069,0.12,0.098,0.091,0.099,0.065,0.069,0.056,0.004,0.005,0.006,0.005,0.004,0.003,0.005,0.005,0.003,0.004,0.005,0.004,0.005,0.003,0.004,0.004,0.005,0.004,0.005,0.005,0.005,0.003,0.003,0.005,0.005,0.005,0.005,0.006,0.005,0.004,0.005,0.004,0.004,0.005,0.004,0.005,0.113,0.144,0.159,0.169,0.15,0.182,0.198,0.218,0.196,0.186,0.218,0.215,0.157,0.163,0.137,0.136,0.004,0.005,0.006,0.005,0.005,0.005,0.004,0.006,KOL-90000002
2020-05-08,0.006,0.006,0.004,0.005,0.003,0.005,0.005,,,0.005,0.005,0.004,0.005,0.005,0.005,0.004,0.003,0.005,0.004,0.006,0.006,0.005,0.005,0.005,0.05,0.052,0.073,0.097,0.092,0.088,0.099,0.11,0.099,0.064,0.087,0.056,0.005,0.004,0.006,0.005,0.003,0.005,0.006,0.005,0.005,0.005,0.005,0.005,0.005,0.004,0.005,0.004,0.005,0.006,0.004,0.005,0.003,0.005,0.004,0.005,0.004,0.003,0.006,0.005,0.006,0.004,0.005,0.005,0.005,0.004,0.005,0.004,0.112,0.14,0.136,0.189,0.194,0.211,0.198,0.21,0.202,0.198,0.211,0.196,0.189,0.173,0.15,0.139,0.005,0.004,0.004,0.005,0.005,0.003,0.005,0.005,KOL-90000002
2020-05-09,0.005,0.005,0.005,0.005,0.005,0.004,0.004,0.006,0.006,0.003,0.005,0.006,0.004,0.005,0.005,0.004,0.004,0.005,0.004,0.006,0.005,0.004,0.005,0.005,0.051,0.06,0.06,0.104,0.079,0.082,0.091,0.08,0.101,0.075,0.079,0.066,0.004,0.004,0.005,0.006,0.005,0.003,0.003,0.004,0.005,0.004,0.006,0.006,0.004,0.005,0.005,0.005,0.006,0.005,0.005,0.005,0.004,0.005,0.003,0.004,0.004,0.004,0.007,0.005,0.005,0.005,0.004,0.004,0.004,0.004,0.005,0.005,0.138,0.164,0.184,0.159,0.164,0.193,0.203,0.199,0.214,0.216,0.213,0.185,0.168,0.172,0.142,0.123,0.005,0.005,0.004,0.004,0.003,0.003,0.007,0.004,KOL-90000002
2020-05-10,0.005,0.005,0.004,0.004,0.004,0.003,0.006,0.003,0.004,0.005,0.004,0.005,0.004,0.005,0.004,0.005,0.004,0.004,0.005,0.006,0.003,0.004,0.006,0.004,0.061,0.055,0.066,0.092,0.082,0.093,0.09,0.077,0.087,0.082,0.071,0.065,0.005,0.004,0.004,,,,,,,,,,,,,,,0.005,0.003,0.006,0.004,0.005,0.005,0.006,0.005,0.004,0.005,0.004,0.005,0.004,0.004,0.006,0.006,0.006,0.004,0.005,0.143,0.157,0.158,0.169,0.172,0.183,0.212,0.206,0.164,0.216,0.181,0.194,0.186,0.179,0.171,0.155,0.005,0.005,0.004,0.004,0.005,0.005,0.006,0.005,KOL-90000002
2020-05-11,0.004,0.006,0.004,0.005,0.004,0.005,0.005,0.006,0.004,0.004,0.004,0.005,0.004,0.004,0.005,0.006,0.004,0.004,0.005,0.003,0.005,0.003,0.004,0.004,0.062,0.052,0.094,0.076,0.083,0.09,0.091,0.117,0.083,0.074,0.069,0.06,0.005,0.005,0.006,0.003,0.004,0.005,0.004,0.003,0.005,0.004,0.005,0.004,0.005,0.003,0.004,0.004,0.004,0.005,0.004,0.005,0.005,0.003,0.005,0.003,0.004,0.005,0.004,0.004,0.005,0.004,0.006,0.005,0.004,0.004,0.004,0.005,0.132,0.133,0.166,0.162,0.177,0.214,0.208,0.208,0.191,0.232,0.171,0.196,0.192,0.17,0.152,0.117,0.004,0.005,0.005,0.005,0.005,0.006,0.003,0.005,KOL-90000002
2020-05-12,0.005,0.004,0.006,0.002,0.003,0.004,0.005,0.006,0.005,0.005,0.004,0.003,0.005,0.005,0.003,0.004,0.005,0.003,0.004,0.004,0.004,0.004,0.005,0.005,0.049,0.064,0.075,0.098,0.088,0.094,0.089,0.108,0.081,0.07,0.068,0.062,0.006,0.004,0.005,0.004,0.003,0.004,0.004,0.005,0.005,0.003,0.004,0.003,0.004,0.004,0.004,0.004,0.005,0.003,0.005,0.004,0.005,0.004,0.006,0.005,0.005,0.003,0.006,0.004,0.005,0.003,0.005,0.005,0.004,0.005,0.005,0.006,0.144,0.135,0.144,0.152,0.166,0.201,0.201,0.223,0.203,0.197,0.21,0.19,0.203,0.158,0.178,0.135,0.004,0.003,0.004,0.006,0.006,0.004,0.004,0.005,KOL-90000002
2020-05-13,0.005,0.004,0.004,0.005,0.004,0.004,0.005,0.005,0.004,0.007,0.004,0.005,0.004,0.005,0.004,0.005,0.004,0.004,0.005,0.004,0.003,0.005,0.004,0.005,0.061,0.07,0.086,0.076,0.09,0.096,0.101,0.098,0.09,0.077,0.074,0.045,0.005,0.004,0.006,0.005,0.005,0.004,0.004,0.004,0.004,0.005,0.003,0.005,0.004,0.005,0.005,0.003,0.005,0.005,0.004,0.004,0.003,0.005,0.006,0.004,0.004,0.006,0.004,0.005,0.004,0.005,0.004,0.004,0.004,0.004,0.002,0.005,0.141,0.133,0.139,0.144,0.18,0.186,0.21,0.207,0.211,0.202,0.17,0.187,0.171,0.157,0.139,0.148,0.004,0.006,0.005,0.003,0.004,0.004,0.004,0.004,KOL-90000002
2020-05-14,0.003,0.006,0.004,0.005,0.004,0.006,0.005,0.005,0.005,0.004,0.005,0.004,0.005,0.005,0.003,0.004,0.004,0.004,0.005,0.005,0.006,0.005,0.005,0.004,0.044,0.071,0.065,0.091,0.068,0.098,0.094,0.095,0.069,0.087,0.088,0.071,0.002,0.004,0.005,0.005,0.004,0.004,0.005,0.003,0.005,0.004,0.004,0.004,0.005,0.005,0.005,0.005,0.005,0.005,0.005,0.003,0.004,0.004,0.004,0.005,0.005,0.005,0.006,0.004,0.003,0.005,0.005,0.003,0.003,0.005,0.005,0.005,0.132,0.147,0.156,0.17,0.181,0.19,0.199,0.211,0.18,0.182,0.191,0.169,0.194,0.155,0.148,0.133,0.004,0.006,0.005,0.005,0.004,0.004,0.005,0.007,KOL-90000002
2020-05-15,0.003,0.004,0.005,0.004,0.004,0.005,0.005,0.005,0.004,0.005,0.005,0.004,0.004,0.005,0.005,0.004,0.005,0.005,0.004,0.004,0.005,0.003,0.005,0.005,0.042,0.056,0.089,0.096,0.081,0.102,0.107,0.093,0.083,0.106,0.08,0.061,0.005,0.003,0.005,0.004,0.004,0.004,0.005,0.005,0.005,0.004,0.004,0.003,0.004,0.005,0.005,0.005,0.005,0.004,0.004,0.004,0.005,0.004,0.005,0.004,0.004,0.005,0.006,0.004,0.004,0.005,0.005,0.004,0.005,0.004,0.005,0.005,0.124,0.139,0.14,0.166,0.185,0.181,0.203,0.209,0.217,0.213,0.188,0.205,0.185,0.185,0.136,0.111,0.004,0.003,0.003,0.004,0.004,0.004,0.005,0.005,KOL-90000002
2020-05-16,0.005,0.003,0.006,0.005,0.004,0.005,0.006,0.004,0.005,0.003,0.005,0.006,0.006,0.004,0.004,0.004,0.003,0.004,0.004,0.003,0.005,0.005,0.004,0.004,0.058,0.069,0.078,0.084,0.086,0.086,0.083,0.093,0.085,0.076,0.068,0.073,0.004,0.005,0.004,0.005,0.004,0.004,0.005,0.005,0.005,0.003,0.004,0.003,0.003,0.004,0.007,0.004,0.006,0.005,0.004,0.005,0.007,0.004,0.004,0.004,0.005,0.006,0.006,0.004,0.003,0.003,0.004,0.004,0.005,0.005,0.005,0.005,0.11,0.14,0.159,0.178,0.193,0.197,0.19,0.23,0.225,0.235,0.171,0.192,0.21,0.177,0.169,0.137,0.005,0.005,0.005,0.004,0.004,0.004,0.005,0.004,KOL-90000002
2020-05-17,0.004,0.004,0.004,0.006,0.005,0.004,0.004,0.005,0.004,0.005,0.005,0.004,0.004,0.004,0.004,0.004,0.006,0.005,0.003,0.003,0.004,0.004,0.005,0.004,0.049,0.072,0.075,0.088,0.079,0.095,0.078,0.075,0.095,0.092,0.076,0.067,0.005,0.005,0.003,0.004,0.006,0.005,0.004,0.006,0.004,0.006,0.003,0.004,0.005,0.003,0.005,0.004,0.005,0.004,0.005,0.007,0.004,0.004,0.005,0.003,0.004,0.004,0.005,0.004,0.005,0.005,0.005,0.005,0.005,0.005,0.004,0.005,0.129,0.127,0.149,0.168,0.192,0.195,0.174,0.183,0.242,0.212,0.174,0.201,0.482,0.359,0.401,0.397,0.23,0.184,0.249,0.251,0.191,0.228,0.246,0.005,KOL-90000002
2020-05-18,0.236,0.271,0.246,0.222,0.216,0.25,0.218,0.218,0.201,0.202,0.005,0.003,0.003,0.004,0.006,0.006,0.005,0.005,0.006,0.006,0.004,0.004,0.004,0.005,0.077,0.06,0.081,0.081,0.109,0.103,0.099,0.101,0.097,0.075,0.083,0.054,0.005,0.004,0.005,0.004,0.004,0.004,0.004,0.006,0.006,0.003,0.005,0.004,0.005,0.005,0.003,0.003,0.005,0.005,0.004,0.003,0.004,0.004,0.005,0.004,0.005,0.004,0.005,0.003,0.005,0.003,0.005,0.006,0.004,0.004,0.003,0.003,0.138,0.165,0.16,0.169,0.184,0.196,0.198,0.196,0.188,0.223,0.211,0.187,0.188,0.152,0.137,0.159,0.006,0.005,0.006,0.005,0.005,0.005,0.005,0.004,KOL-90000002
2020-05-19,0.236,0.212,0.191,0.255,0.225,0.181,0.277,0.271,0.005,0.005,0.003,0.005,0.004,0.004,0.004,0.005,0.004,0.004,0.006,0.004,0.005,0.004,0.005,0.005,0.06,0.077,0.078,0.081,0.079,0.087,0.099,0.108,0.091,0.092,0.079,0.061,0.005,0.005,0.005,0.006,0.004,0.004,0.004,0.006,0.004,0.005,0.005,0.003,0.006,0.005,0.003,0.004,0.004,0.005,0.004,0.006,0.004,0.004,0.007,0.003,0.004,0.004,0.002,0.004,0.006,0.004,0.005,0.005,0.004,0.004,0.005,0.006,0.136,0.146,0.183,0.185,0.168,0.176,0.227,0.197,0.224,0.221,0.223,0.199,0.188,0.145,,,,,,,,,,,KOL-90000002
2020-05-20,0.005,0.004,0.005,0.004,0.005,0.004,0.004,0.006,0.005,0.005,0.004,0.005,0.005,0.004,0.005,0.004,0.004,0.004,0.006,0.005,0.006,0.004,0.005,0.004,0.046,0.069,0.066,0.073,0.089,0.087,0.1,0.113,0.09,0.089,0.07,0.073,0.005,0.005,0.005,0.005,0.005,0.004,0.005,0.004,0.005,0.004,0.004,0.006,0.004,0.006,0.004,0.005,0.006,0.002,0.006,0.004,0.003,0.004,0.004,0.005,0.006,0.005,0.005,0.006,0.004,0.004,0.005,0.005,0.004,0.004,0.003,0.004,0.129,0.165,0.14,0.185,0.189,0.196,0.201,0.215,0.208,0.216,0.176,0.191,0.203,0.175,0.141,0.13,0.004,0.006,0.004,0.004,0.004,0.003,0.005,0.004,KOL-90000002
2020-05-21,0.006,0.005,0.005,0.006,0.004,0.004,0.003,0.004,0.006,0.006,0.004,0.004,0.004,0.005,0.005,0.004,0.005,0.005,0.005,0.003,0.005,0.005,0.005,0.004,0.058,0.073,0.085,0.072,0.092,0.079,0.083,0.086,0.067,0.088,0.077,0.069,0.005,0.006,0.005,0.005,0.005,0.005,0.003,0.003,0.005,0.005,0.005,0.006,0.003,0.006,0.005,0.005,0.006,0.004,0.004,0.004,0.003,0.005,0.004,0.002,0.004,0.004,0.006,0.003,0.005,0.003,0.004,0.004,0.005,0.006,0.004,0.005,0.135,0.111,0.145,0.183,0.167,0.188,0.18,0.214,0.23,0.216,0.216,0.169,0.175,0.218,0.156,0.121,0.004,0.003,0.005,0.005,0.005,0.006,0.004,0.005,KOL-90000002
2020-05-22,0.004,0.004,0.004,0.004,0.256,0.258,0.214,0.204,0.269,0.208,0.233,0.213,0.279,0.005,0.005,0.004,0.005,0.006,0.004,0.004,0.004,0.004,0.004,0.004,0.048,0.061,0.071,0.09,0.084,0.083,0.109,0.081,0.087,0.069,0.076,0.066,,,,0.006,0.004,0.004,0.005,0.004,0.005,0.004,0.005,0.003,0.004,0.005,0.005,0.006,0.006,0.005,0.006,0.004,0.004,0.003,0.005,0.005,0.004,0.004,0.005,0.005,0.004,0.003,0.005,0.004,0.006,0.004,0.005,0.004,0.124,0.131,0.137,0.148,0.174,0.182,0.199,0.213,0.217,0.178,0.19,0.186,0.211,0.185,0.156,0.142,0.003,0.004,0.003,0.005,0.005,0.006,0.004,0.004,KOL-90000002
2020-05-23,0.005,0.004,0.005,0.005,0.004,0.004,0.005,0.005,0.004,0.004,0.005,0.004,0.005,0.004,0.004,0.005,0.005,0.005,0.005,0.004,0.004,0.004,0.005,0.005,0.05,0.06,0.09,0.094,0.086,0.093,0.099,0.072,0.078,0.082,0.079,0.052,0.006,0.004,0.005,0.004,0.004,0.004,0.004,0.005,0.005,0.004,0.004,0.006,0.003,0.005,0.004,0.005,0.004,0.003,0.005,0.005,0.005,0.004,0.003,0.003,0.003,0.003,0.005,0.003,0.004,0.006,0.004,0.005,0.005,0.005,0.005,0.005,0.126,0.128,0.164,0.19,0.192,0.176,0.196,0.172,0.167,0.213,0.191,0.188,0.39,0.341,0.433,0.387,0.212,0.216,0.263,0.24,0.199,0.232,0.232,0.006,KOL-90000002
2020-05-24,0.005,0.005,0.004,0.005,0.198,0.268,0.179,0.237,0.258,0.202,0.244,0.204,0.218,0.233,0.005,0.006,0.005,0.003,0.003,0.004,0.004,0.004,0.005,0.004,0.072,0.068,0.079,0.071,0.091,0.085,0.09,0.087,0.098,0.107,0.096,0.075,0.003,0.004,0.004,0.006,0.006,0.006,0.004,0.005,0.005,0.005,0.005,0.004,0.004,0.005,0.006,0.005,0.004,0.003,0.004,0.004,0.006,0.004,0.005,0.003,0.004,0.004,0.005,0.004,0.005,0.005,0.005,0.004,0.004,0.005,0.004,0.004,0.133,0.132,0.15,0.173,0.16,0.204,0.199,0.219,0.229,0.211,0.195,0.202,0.186,0.162,0.179,0.122,0.005,0.004,0.004,0.005,0.004,0.005,0.005,0.006,KOL-90000002
2020-05-25,0.004,0.001,0.004,0.004,0.005,0.004,0.004,0.005,0.005,0.005,0.005,0.004,0.004,0.005,0.004,0.005,0.005,0.005,0.005,0.005,0.005,0.004,0.003,0.005,0.046,0.058,0.069,0.054,0.111,0.092,0.094,0.092,0.07,0.069,0.067,0.07,0.004,0.005,0.003,0.004,0.006,0.004,0.005,0.005,0.005,0.004,0.005,0.004,0.005,0.005,0.005,0.005,0.005,0.003,0.003,0.004,0.005,0.005,0.006,0.005,0.004,0.005,0.004,0.004,0.004,0.004,0.004,0.003,0.005,0.005,0.005,0.004,0.128,0.143,0.141,0.138,0.161,0.188,0.199,0.196,0.206,0.205,0.197,0.231,0.183,0.181,0.14,0.153,0.005,0.005,0.004,0.006,0.004,0.005,0.004,0.004,KOL-90000002
2020-05-26,0.004,0.006,0.005,0.004,0.005,0.003,0.005,0.004,0.004,0.004,0.004,0.004,0.004,0.004,0.004,0.005,0.005,0.004,0.004,0.005,0.003,0.004,0.004,0.004,0.044,0.064,0.069,0.077,0.089,0.093,0.084,0.072,0.082,0.091,0.062,0.058,0.005,0.006,0.005,0.005,0.005,0.005,0.006,0.004,0.006,0.005,0.004,0.005,0.004,0.004,0.003,0.006,0.004,0.004,0.005,0.005,0.006,0.005,0.004,0.004,0.004,0.005,0.004,0.003,0.005,0.005,0.005,0.005,0.005,0.004,0.004,0.005,0.117,0.134,0.158,0.157,0.162,0.198,0.205,0.197,0.205,0.24,0.198,0.178,0.196,0.177,0.158,0.138,0.005,0.004,0.004,0.005,0.004,0.003,0.007,0.005,KOL-90000002
2020-05-27,0.005,0.005,0.005,0.005,0.004,0.003,0.005,0.004,0.005,0.004,0.003,0.004,0.004,0.006,0.004,0.005,0.005,0.004,0.005,0.005,0.003,0.006,0.004,0.004,0.049,0.057,0.089,0.077,0.112,0.103,0.096,0.121,0.073,0.082,0.091,0.072,0.004,0.005,0.004,0.005,0.005,0.006,0.005,0.005,0.002,0.004,0.005,0.006,0.004,0.004,0.004,0.005,0.005,0.006,0.005,0.003,0.004,0.005,0.005,0.005,0.004,0.004,0.003,0.005,0.004,0.003,0.005,0.006,0.004,0.007,0.006,0.003,0.146,0.145,0.158,0.166,0.186,0.204,0.222,0.227,0.222,0.203,0.18,0.193,0.179,0.172,0.173,0.131,0.004,0.005,0.003,0.005,0.004,0.004,0.004,0.004,KOL-90000002
2020-05-28,0.207,0.164,0.222,0.179,0.23,,,,,,,,,,0.005,0.005,0.005,0.004,0.004,0.005,0.005,0.004,0.004,0.006,0.055,0.041,0.065,0.097,0.096,0.101,0.092,0.079,0.101,0.075,0.077,0.078,0.005,0.004,0.003,0.005,0.005,0.005,0.005,0.005,0.004,0.005,0.004,0.005,0.004,0.004,0.004,0.005,0.004,0.005,0.006,0.005,0.004,0.006,0.004,0.005,0.005,0.006,0.004,0.004,0.004,0.005,0.005,0.003,0.006,0.004,0.004,0.006,0.121,0.134,0.135,0.178,0.192,0.183,0.193,0.197,0.206,0.208,0.207,0.189,0.173,0.164,0.164,0.142,0.208,0.244,0.209,0.186,0.294,0.235,0.191,0.17,KOL-90000002
2020-05-29,0.004,0.004,0.004,0.005,0.005,0.004,0.003,0.005,0.004,0.006,0.004,0.004,0.005,0.004,0.005,0.006,0.004,0.004,0.005,0.004,0.004,0.004,0.005,0.006,0.047,0.06,0.071,0.095,0.078,0.102,0.091,0.101,0.092,0.079,0.074,0.077,0.003,0.004,0.004,0.005,0.004,0.004,0.004,0.004,0.005,0.005,0.005,0.004,0.003,0.006,0.004,0.004,0.004,0.003,0.003,0.004,0.004,0.005,0.006,0.005,0.005,0.003,0.005,0.005,0.004,0.003,0.005,0.004,0.004,0.004,0.004,0.005,0.14,0.15,0.17,0.183,0.183,0.169,0.191,0.228,0.21,0.217,0.2,0.183,0.195,0.179,0.135,0.121,0.004,0.004,0.004,0.004,0.003,0.004,0.005,0.005,KOL-90000002
2020-05-30,0.005,0.004,0.005,0.004,0.248,0.287,0.246,0.225,0.292,0.183,0.225,0.221,0.201,0.239,0.254,0.005,0.004,0.004,0.005,0.004,0.004,0.005,0.005,0.005,0.068,0.07,0.076,0.089,0.109,0.083,0.092,0.094,0.085,0.075,0.089,0.07,0.004,0.006,0.003,0.005,0.005,0.004,0.005,0.004,0.004,0.005,0.004,0.003,0.003,0.005,0.005,0.005,0.006,0.005,0.005,0.005,0.005,0.006,0.006,0.005,0.005,0.005,0.005,0.005,0.004,0.004,0.004,0.005,0.004,0.005,0.005,0.004,0.141,0.158,0.138,0.152,0.172,0.156,0.214,0.212,0.214,0.197,0.188,0.204,0.168,0.155,0.163,0.151,0.004,0.005,0.004,0.004,0.004,0.004,0.006,0.004,KOL-90000002
2020-05-31,0.005,0.004,0.005,0.004,0.003,0.004,0.003,0.006,0.005,0.004,0.004,0.005,0.005,0.005,0.004,0.003,0.002,0.004,0.004,0.005,0.005,0.004,0.005,0.004,0.053,0.077,0.072,0.082,0.077,0.08,0.087,0.097,0.095,0.078,0.08,0.067,0.005,0.005,0.005,0.005,0.003,,,,,,,,,,,,,,,0.004,0.005,0.004,0.006,0.003,0.005,0.005,0.005,0.004,0.003,0.005,0.005,0.004,0.006,0.005,0.005,0.004,0.119,0.143,0.176,0.163,0.18,0.182,0.175,0.216,0.192,0.193,0.171,0.205,0.381,0.406,0.364,0.395,0.246,0.227,0.231,0.224,0.201,0.265,0.162,0.006,KOL-90000002
2020-06-01,0.179,0.24,0.245,0.175,0.221,0.201,0.198,0.262,0.145,0.208,0.004,0.005,0.004,0.004,0.005,0.004,0.004,0.004,0.004,0.006,0.004,0.006,0.004,0.004,0.076,0.061,0.073,0.088,0.082,0.1,0.09,0.081,0.069,0.088,0.082,0.068,0.005,0.005,0.005,0.003,0.005,0.005,0.006,0.004,0.005,0.004,0.006,0.005,0.004,0.004,0.006,0.005,0.005,0.005,0.005,0.004,0.004,0.005,0.003,0.004,0.004,0.005,0.005,0.002,0.004,0.005,0.004,0.004,0.003,0.005,0.006,0.004,0.094,0.137,0.164,0.173,0.19,0.197,0.217,0.197,0.198,0.218,0.221,0.19,0.171,0.174,0.144,0.153,0.005,0.005,0.005,0.004,0.006,0.004,0.004,0.003,KOL-90000002
2020-06-02,0.004,0.005,0.005,0.004,0.003,0.006,0.004,0.004,0.005,0.005,0.005,0.005,0.005,0.005,0.005,0.005,0.005,0.004,0.006,0.005,0.004,0.004,0.006,0.005,0.053,0.069,0.082,0.075,0.092,0.109,0.105,0.082,0.083,0.075,0.07,0.062,0.002,0.005,0.004,0.004,0.004,0.004,0.005,0.005,0.006,0.004,0.005,0.004,0.004,0.006,0.005,0.005,0.005,0.005,0.003,0.005,0.004,0.002,0.006,0.005,0.005,0.004,0.006,0.005,0.005,0.005,0.005,0.004,0.005,0.004,0.003,0.005,0.145,0.106,0.157,0.192,0.15,0.178,0.181,0.185,0.237,0.2,0.177,0.202,0.17,0.168,0.182,0.125,0.005,0.005,0.006,0.004,0.006,0.003,0.005,0.005,KOL-90000002
2020-06-03,0.005,0.005,0.004,0.004,0.004,0.006,0.004,0.005,0.005,0.005,0.004,0.004,0.005,0.004,0.005,0.004,0.005,0.005,0.005,0.005,0.005,0.005,0.003,0.004,0.05,0.051,0.081,0.092,0.115,0.093,0.116,0.107,0.097,0.09,0.092,0.052,0.004,0.006,0.005,0.005,0.005,0.004,0.004,0.004,0.005,0.004,0.005,0.005,0.005,0.005,0.004,0.004,0.005,0.005,0.005,0.004,0.004,0.006,0.005,0.004,0.004,0.004,0.004,0.005,0.006,0.004,0.005,0.002,0.005,0.004,0.005,0.005,0.122,0.14,0.167,0.163,0.202,0.183,0.18,0.21,0.224,0.173,0.178,0.189,0.183,0.161,0.156,0.14,0.004,0.004,0.004,0.005,0.004,0.005,0.004,0.004,KOL-90000002
2020-06-04,0.244,0.234,0.231,0.209,0.007,0.005,0.006,0.004,0.005,0.005,0.006,0.003,0.006,0.005,0.005,0.004,0.005,0.005,0.005,0.006,0.005,0.005,0.006,0.004,0.041,0.056,0.08,0.09,0.094,0.082,0.083,0.085,0.082,0.075,0.066,0.058,0.005,0.003,0.005,0.004,0.004,0.004,0.004,0.006,0.004,0.005,0.005,0.005,0.004,0.006,0.005,0.002,0.004,0.005,0.005,0.004,0.005,0.003,0.004,0.005,0.005,0.004,0.006,0.005,0.005,0.004,0.005,0.002,0.004,0.003,0.004,0.005,0.117,0.138,0.193,0.183,0.173,0.164,0.201,0.198,0.194,0.212,0.191,0.189,0.175,0.189,0.169,0.129,0.227,0.241,0.208,0.241,0.228,0.194,0.203,0.191,KOL-90000002
2020-06-05,0.188,0.208,0.234,0.232,0.232,0.187,0.204,0.235,0.004,0.005,0.005,0.005,0.005,0.003,0.004,0.006,0.004,0.004,0.005,0.005,0.004,0.005,0.004,0.005,0.068,0.078,0.068,0.082,0.092,0.094,0.095,0.109,0.104,0.069,0.071,0.063,0.004,0.004,0.005,0.005,0.004,0.005,0.005,0.005,0.004,0.003,0.003,0.005,0.004,0.005,0.004,0.005,0.004,0.005,0.005,0.005,0.005,0.004,0.005,0.005,0.004,0.004,0.004,0.005,0.004,0.005,0.005,0.004,0.004,0.004,0.005,0.004,0.105,0.146,0.132,0.185,0.184,0.202,0.167,0.232,0.193,0.2,0.205,0.178,0.171,0.157,0.167,0.126,0.004,0.004,0.005,0.004,0.005,0.003,0.003,0.004,KOL-90000002
2020-06-06,0.263,0.267,0.271,0.253,0.208,0.185,0.209,0.231,0.179,0.174,0.274,0.005,0.005,0.005,0.004,0.004,0.004,0.004,0.005,0.005,0.006,0.004,0.004,0.005,0.057,0.083,0.068,0.079,0.107,0.096,0.092,0.095,0.084,0.103,0.075,0.061,0.004,0.005,0.004,0.004,0.003,0.004,0.003,0.005,0.006,0.006,0.004,0.004,0.005,0.003,0.005,0.005,0.004,0.006,0.004,0.004,0.005,0.005,0.005,0.005,0.004,0.006,0.004,0.005,0.004,0.005,0.005,0.005,0.005,0.005,0.004,0.006,0.122,0.133,0.152,0.176,0.199,0.198,0.196,0.188,0.238,0.197,0.213,0.204,0.172,0.174,0.149,0.128,0.004,0.004,0.003,0.003,0.004,0.004,0.005,0.005,KOL-90000002
2020-06-07,0.246,0.218,0.213,0.281,0.233,0.243,0.005,0.005,0.003,0.005,0.004,0.004,0.005,0.005,0.005,0.004,0.004,0.004,0.004,0.005,0.004,0.005,0.005,0.004,0.077,0.067,0.062,0.087,0.085,0.089,0.093,0.096,0.092,0.07,0.084,0.081,0.003,0.004,0.004,0.004,0.006,0.004,0.004,0.004,0.005,0.004,0.005,0.004,0.005,0.004,0.005,0.005,0.004,0.004,0.004,0.003,0.004,0.005,0.004,0.004,0.004,0.003,0.004,0.004,0.004,0.004,0.004,0.004,0.004,0.005,0.006,0.006,0.119,0.157,0.149,0.176,0.168,0.212,0.216,0.197,0.191,0.197,0.2,0.188,0.175,0.142,0.144,0.133,0.274,0.182,0.231,0.241,0.252,0.198,0.252,0.225,KOL-90000002
2020-06-08,0.233,0.25,0.228,0.204,0.179,0.29,0.249,0.218,0.004,0.004,0.005,0.005,0.004,0.005,0.003,0.003,0.005,0.005,0.005,0.004,0.004,0.005,0.004,0.006,0.048,0.065,0.075,0.087,0.087,0.097,0.093,0.112,0.1,0.095,0.066,0.05,0.006,0.003,0.004,0.004,0.003,0.003,0.003,0.004,0.005,0.004,0.005,0.005,0.003,0.005,0.003,0.002,0.005,0.004,0.005,0.005,0.004,0.004,0.003,0.004,0.004,0.005,0.005,0.006,0.006,0.004,0.005,0.005,0.005,0.005,0.006,0.004,0.126,0.109,0.139,0.169,0.183,0.195,0.213,0.192,0.216,0.199,0.215,0.192,0.174,0.172,0.15,0.149,0.004,0.005,0.005,0.005,0.005,0.005,0.006,0.006,KOL-90000002
2020-06-09,0.005,0.004,0.004,0.004,0.005,0.003,0.004,0.005,0.006,0.004,0.005,0.004,0.005,0.006,0.005,0.004,0.005,0.005,0.005,0.004,0.004,0.005,0.006,0.004,0.056,0.053,0.089,0.077,0.086,0.096,0.115,0.086,0.075,0.078,0.078,0.069,0.005,0.005,0.004,0.005,0.004,0.004,0.003,0.005,0.004,0.005,0.004,0.005,0.005,0.005,0.004,0.005,0.006,0.004,0.005,0.005,0.003,0.005,0.004,0.005,0.005,0.006,0.004,0.004,0.003,0.005,0.004,0.004,0.004,0.004,0.006,0.006,0.116,0.136,0.172,0.155,0.192,0.189,0.222,0.209,0.21,0.215,0.185,0.189,0.173,0.168,0.173,0.164,0.005,0.005,0.004,0.005,0.005,0.005,0.004,0.005,KOL-90000002
2020-06-10,0.005,0.003,0.005,0.004,0.005,0.005,0.005,0.005,0.006,0.005,0.005,0.004,0.004,0.005,0.004,0.005,0.005,0.004,0.005,0.005,0.004,0.005,0.005,0.004,0.062,0.072,0.063,0.078,0.104,0.1,0.084,0.1,0.097,0.085,0.087,0.072,0.005,,,,,,,,,,,,,,0.004,0.005,0.006,0.004,0.004,0.005,0.004,0.004,0.004,0.005,0.004,0.005,0.004,0.004,0.004,0.005,0.005,0.005,0.005,0.004,0.005,0.004,0.117,0.114,0.156,0.175,0.171,0.193,0.186,0.203,0.191,0.195,0.215,0.199,0.175,0.18,0.129,0.138,0.004,0.004,0.004,0.004,0.005,0.004,0.004,0.004,KOL-90000002
2020-06-11,0.004,0.006,0.004,0.003,0.005,0.004,0.004,0.005,0.005,0.004,0.005,0.005,0.006,0.005,0.004,0.005,0.005,0.005,0.004,0.005,0.004,0.005,0.005,0.003,0.028,0.077,0.062,0.083,0.081,0.084,0.103,0.102,0.117,0.074,0.08,0.056,0.006,0.005,0.004,0.005,0.005,0.005,0.003,0.003,0.005,0.004,0.004,0.004,0.005,0.004,0.003,0.004,0.004,0.006,0.004,0.006,0.005,0.004,0.004,0.005,0.004,0.005,0.005,0.005,0.005,0.004,0.006,0.004,0.004,0.004,0.005,0.004,0.135,0.137,0.162,0.174,0.202,0.19,0.2,0.184,0.213,0.216,0.186,0.213,0.195,0.164,0.173,0.153,0.005,0.004,0.004,0.005,0.003,0.004,0.005,0.004,KOL-90000002
2020-06-12,0.205,0.236,0.004,0.005,0.006,0.003,0.004,0.005,0.005,0.003,0.004,0.005,0.004,0.006,0.005,0.003,0.004,0.004,0.004,0.004,0.005,0.005,0.005,0.003,0.057,0.074,0.088,0.083,0.089,0.091,0.099,0.087,0.091,0.065,0.078,0.064,0.007,0.004,0.004,0.004,0.005,0.004,0.005,0.005,0.005,0.004,0.006,0.004,0.005,0.006,0.003,0.005,0.004,0.005,0.004,0.005,0.004,0.004,0.005,0.004,0.004,0.005,0.005,0.003,0.004,0.003,0.005,0.004,0.003,0.005,0.004,0.005,0.126,0.143,0.128,0.137,0.152,0.205,0.176,0.178,0.219,0.207,0.197,0.178,0.397,0.396,0.366,0.351,0.229,0.242,0.225,0.241,0.191,0.217,0.237,0.264,KOL-90000002
2020-06-13,0.175,0.003,0.003,0.005,0.004,0.006,0.005,0.004,0.004,0.004,0.004,0.004,0.004,0.005,0.005,0.003,0.004,0.005,0.003,0.005,0.003,0.006,0.004,0.004,0.041,0.061,0.079,0.081,0.094,0.102,0.092,0.09,0.087,0.085,0.071,0.075,0.004,0.003,0.004,0.004,0.004,0.005,0.005,0.006,0.004,0.004,0.004,0.005,0.004,0.004,0.003,0.005,0.004,0.005,0.006,0.005,0.005,0.006,0.005,0.004,0.005,0.004,0.005,0.004,0.005,0.006,0.005,0.006,0.005,0.005,0.005,0.005,0.102,0.142,0.161,0.146,0.161,0.19,0.199,0.202,0.201,0.216,0.196,0.197,0.183,0.188,0.159,0.151,0.283,0.207,0.19,0.271,0.248,0.236,0.224,0.242,KOL-90000002
2020-06-14,0.004,0.005,0.004,0.005,0.005,0.006,0.005,0.005,0.004,0.005,0.005,0.005,0.004,0.004,0.004,0.004,0.004,0.006,0.004,0.004,0.004,0.005,0.003,0.005,0.047,0.074,0.072,0.085,0.098,0.102,0.099,,,,,,,,,,,,,0.005,0.005,0.003,0.004,0.006,0.004,0.004,0.004,0.004,0.005,0.004,0.004,0.006,0.005,0.004,0.006,0.004,0.005,0.003,0.004,0.003,0.004,0.005,0.004,0.005,0.004,0.004,0.003,0.005,0.127,0.15,0.148,0.159,0.179,0.197,0.209,0.18,0.207,0.189,0.175,0.197,0.186,0.145,0.158,0.126,0.005,0.005,0.004,0.005,0.006,0.004,0.005,0.004,KOL-90000002
2020-06-15,0.003,0.004,0.006,0.005,0.006,0.005,0.004,0.003,0.004,0.005,0.005,0.005,0.004,0.005,0.004,0.004,0.006,0.004,0.003,0.005,0.005,0.005,0.004,0.006,0.058,0.05,0.076,0.087,0.11,0.109,0.121,0.093,0.098,0.078,0.066,0.076,0.005,0.004,0.005,0.004,0.003,0.004,0.005,0.005,0.004,0.003,0.004,0.005,0.004,0.005,0.004,0.006,0.003,0.003,0.005,0.005,0.005,0.003,0.005,0.004,0.005,0.004,0.004,0.007,0.006,0.004,0.004,0.005,0.005,0.004,0.005,0.006,0.124,0.129,0.157,0.163,0.17,0.195,0.166,0.213,0.213,0.197,0.222,0.19,0.183,0.182,0.133,0.141,0.004,0.004,0.003,0.005,0.004,0.005,0.004,0.004,KOL-90000002
2020-06-16,0.004,0.004,0.004,0.005,0.228,0.243,0.237,0.25,0.218,0.231,0.193,0.192,0.184,0.244,0.271,0.004,0.004,0.005,0.004,0.004,0.006,0.004,0.005,0.005,0.052,0.064,0.068,0.087,0.077,0.092,0.097,0.103,0.074,0.067,0.096,0.061,0.004,0.005,0.004,0.006,0.003,0.004,0.005,0.004,0.004,0.006,0.005,0.004,0.006,0.004,0.003,0.004,0.005,0.003,0.004,0.004,0.004,0.006,0.005,0.005,0.005,0.005,0.005,0.006,0.003,0.005,0.006,0.004,0.004,0.005,0.003,0.004,0.116,0.137,0.158,0.143,0.209,0.174,0.194,0.194,0.211,0.179,0.233,0.205,0.166,0.163,0.138,0.116,0.004,0.006,0.003,0.004,0.004,0.005,0.005,0.004,KOL-90000002
2020-06-17,0.227,0.246,0.255,0.22,0.004,0.004,0.004,0.005,0.004,0.004,0.005,0.004,0.004,0.004,0.005,0.004,0.005,0.006,0.004,0.004,0.004,0.005,0.005,0.004,0.054,0.067,0.058,0.076,0.077,0.097,0.081,0.088,0.072,0.074,0.088,0.06,0.005,0.005,0.004,0.003,0.006,0.004,0.004,0.005,0.004,0.006,0.005,0.004,0.006,0.005,0.005,0.005,0.003,0.004,0.004,0.004,0.004,0.005,0.003,0.005,0.005,0.005,0.005,0.005,0.003,0.005,0.006,0.005,0.003,0.004,0.005,0.004,0.104,0.141,0.155,0.177,0.2,0.207,0.187,0.185,0.234,0.213,0.205,0.2,0.185,0.166,0.144,0.14,0.2,0.242,0.195,0.25,0.244,0.195,0.215,0.188,KOL-90000002
2020-06-18,0.005,0.005,0.006,0.006,0.005,0.004,0.005,0.004,0.006,0.004,0.005,0.005,0.005,0.004,0.004,0.005,0.005,0.006,0.004,0.004,0.005,0.005,0.005,0.004,0.084,0.069,0.09,0.079,0.102,0.073,0.098,0.088,0.079,0.09,0.076,0.073,0.005,0.004,0.005,0.004,0.005,0.004,0.006,0.005,0.003,0.005,0.007,0.004,0.004,0.004,0.004,0.004,0.005,0.004,0.005,0.004,0.005,0.005,0.004,0.004,0.005,0.003,0.005,0.004,0.005,0.004,0.004,0.005,0.004,0.004,0.003,0.002,0.152,0.159,0.158,0.174,0.177,0.191,0.217,0.203,0.201,0.186,0.217,0.19,0.179,0.182,0.17,0.13,0.005,0.003,0.005,0.005,0.004,0.004,0.005,0.006,KOL-90000002
2020-06-19,0.003,0.005,0.006,0.003,0.006,0.004,0.004,0.005,0.004,0.003,0.005,0.004,0.005,0.005,0.004,0.005,0.004,0.005,0.005,0.005,0.005,0.006,0.005,0.005,0.054,0.065,0.081,0.076,0.084,0.092,0.116,0.08,0.086,0.066,0.074,0.064,0.004,0.004,0.005,0.005,0.005,0.005,0.004,0.004,0.004,0.005,0.005,0.003,0.004,0.004,0.005,0.004,0.004,0.004,0.003,0.004,0.005,0.005,0.005,0.005,0.005,0.005,0.004,0.004,0.005,0.005,0.004,0.004,0.004,0.004,0.004,0.005,0.113,0.137,0.143,0.165,0.201,0.201,0.204,0.204,0.231,0.186,0.192,0.201,0.176,0.17,0.177,0.13,0.004,0.004,0.005,0.005,0.004,0.005,0.004,0.005,KOL-90000002
2020-06-20,0.176,0.005,0.005,0.006,0.005,0.005,0.006,0.005,0.005,0.004,0.005,0.004,0.005,0.005,0.003,0.005,0.004,0.005,0.006,0.004,0.005,0.004,0.004,0.005,0.049,0.074,0.085,0.082,0.092,0.099,0.085,0.102,0.082,0.07,0.071,0.067,0.005,0.005,0.003,0.004,0.003,0.004,0.004,0.005,0.004,0.004,0.003,0.004,0.005,0.004,0.005,0.005,0.004,0.004,0.004,0.004,0.004,0.003,0.005,0.005,0.005,0.004,0.004,0.003,0.004,0.004,0.005,0.004,0.005,0.004,0.004,0.004,0.138,0.149,0.169,0.141,0.176,0.206,0.195,0.193,0.206,0.205,0.184,0.193,0.386,0.35,0.415,0.38,0.222,0.26,0.178,0.22,0.275,0.282,0.222,0.217,KOL-90000002
2020-06-21,0.235,0.195,0.005,0.006,0.005,0.003,0.003,0.006,0.004,0.004,0.005,0.005,0.004,0.004,0.004,0.004,0.004,0.004,0.005,0.005,0.004,0.004,0.004,0.004,0.051,0.058,0.069,0.085,0.095,0.093,0.101,0.084,0.086,0.087,0.086,0.08,0.005,0.005,0.005,0.005,0.004,0.006,0.004,0.005,0.005,0.003,0.005,0.004,0.007,0.005,0.005,0.004,0.005,0.004,0.003,0.003,0.005,0.006,0.005,0.005,0.004,0.004,0.005,0.003,0.005,0.005,0.006,0.005,0.005,0.004,0.003,0.005,0.125,0.163,0.168,0.139,0.199,0.214,0.199,0.212,0.207,0.22,0.193,0.19,0.195,0.184,0.162,0.112,0.235,0.243,0.204,0.218,0.212,0.25,0.193,0.213,KOL-90000002
2020-06-22,0.228,0.244,0.165,0.235,0.204,0.199,0.004,0.004,0.004,0.004,0.005,0.005,0.004,0.004,0.006,0.004,0.003,0.005,0.005,0.004,0.005,0.005,0.004,0.003,0.043,0.053,0.078,0.08,0.092,0.105,0.106,0.087,0.106,0.08,0.065,0.064,0.004,0.006,0.006,0.004,0.004,0.006,0.005,0.003,0.005,0.005,0.005,0.005,0.006,0.004,0.003,0.005,0.004,0.004,0.004,0.005,0.003,0.004,0.005,0.004,0.003,0.004,0.005,0.005,0.004,0.004,0.004,0.004,0.005,0.004,0.006,0.005,0.117,0.143,0.154,0.179,0.184,0.199,0.18,0.219,0.227,0.183,0.193,0.188,0.199,0.187,0.144,0.122,0.265,0.179,0.206,0.239,0.21,0.186,0.214,0.155,KOL-90000002
2020-06-23,0.006,0.005,0.003,0.005,0.005,0.004,0.005,0.005,0.004,0.005,0.004,0.004,0.005,0.005,0.004,0.007,0.003,0.005,0.003,0.006,0.004,0.003,0.004,0.004,0.05,0.072,0.045,0.092,0.073,0.105,0.101,0.084,0.059,0.088,0.079,0.066,0.004,0.005,0.005,0.006,0.004,0.004,0.004,0.004,0.006,0.005,0.004,0.004,0.004,0.004,0.004,0.004,0.006,0.003,0.005,0.004,0.005,0.005,0.005,0.005,0.005,0.005,0.005,0.004,0.004,0.004,0.005,0.005,0.005,0.005,0.006,0.004,0.089,0.137,0.15,0.19,0.177,0.194,0.198,0.241,0.229,0.207,0.178,0.186,0.183,0.163,0.143,0.142,0.004,0.004,0.004,0.005,0.005,0.005,0.006,0.006,KOL-90000002
2020-06-24,0.003,0.004,0.004,0.005,0.006,0.004,0.004,0.006,0.005,0.005,0.005,0.004,0.004,0.004,0.007,0.004,0.005,0.004,0.005,0.004,0.004,0.005,0.005,0.005,0.044,0.058,0.073,0.069,0.083,0.094,0.094,0.101,0.078,,,,,,,,,,,,,,,0.003,0.004,0.005,0.005,0.004,0.006,0.004,0.003,0.005,0.002,0.005,0.004,0.005,0.003,0.004,0.005,0.005,0.005,0.004,0.005,0.005,0.004,0.004,0.005,0.004,0.15,0.142,0.175,0.168,0.16,0.19,0.172,0.194,0.216,0.202,0.205,0.165,0.166,0.168,0.145,0.134,0.003,0.004,0.005,0.005,0.004,0.006,0.005,0.007,KOL-90000002
2020-06-25,0.004,0.002,0.005,0.003,0.005,0.004,0.004,0.004,0.004,0.003,0.003,0.005,0.005,0.004,0.004,0.006,0.004,0.004,0.004,0.005,0.005,0.006,0.005,0.004,0.055,0.065,0.073,0.085,0.109,0.093,0.089,0.087,0.087,0.08,0.062,0.08,0.005,0.004,0.004,0.005,0.007,0.004,0.004,0.005,0.004,0.004,0.006,0.005,0.005,0.004,0.004,0.004,0.005,0.006,0.005,0.006,0.006,0.004,0.005,0.005,0.005,0.005,0.005,0.005,0.003,0.005,0.006,0.005,0.006,0.006,0.004,0.004,0.134,0.132,0.147,0.165,0.196,0.191,0.22,0.231,0.204,0.202,0.23,0.193,0.171,0.152,0.143,0.132,0.004,0.004,0.003,0.003,0.005,0.004,0.005,0.004,KOL-90000002
2020-06-26,0.005,0.004,0.005,0.004,0.004,0.004,0.004,0.005,0.003,0.006,0.005,0.005,0.006,0.005,0.005,0.004,0.004,0.005,0.005,0.004,0.004,0.006,0.004,0.005,0.046,0.065,0.054,0.091,0.105,0.096,0.097,0.099,0.086,0.087,0.068,0.089,0.005,0.005,0.005,0.004,0.004,0.006,0.004,0.005,0.005,0.003,0.004,0.005,0.004,0.005,0.004,0.004,0.005,0.005,0.005,0.004,0.004,0.005,0.004,0.005,0.003,0.005,0.005,0.005,0.004,0.005,0.003,0.004,0.005,0.004,0.005,0.004,0.111,0.127,0.158,0.149,0.188,0.193,0.201,0.185,0.219,0.211,0.226,0.188,0.178,0.135,0.165,0.138,0.005,0.005,0.005,0.005,0.006,0.003,0.005,0.005,KOL-90000002
2020-06-27,0.005,0.005,0.005,0.004,0.004,0.005,0.003,0.004,0.005,0.004,0.004,0.004,0.005,0.003,0.005,0.004,0.005,0.006,0.004,0.004,0.004,0.005,0.003,0.005,0.041,0.062,0.075,0.078,0.08,0.094,0.106,0.098,0.085,0.083,0.058,0.072,0.006,0.005,0.004,0.006,0.005,0.004,0.005,0.004,0.004,0.004,0.005,0.006,0.003,0.005,0.003,0.003,0.004,0.004,0.004,0.003,0.004,0.004,0.004,0.005,0.004,0.004,0.004,0.003,0.004,0.004,0.005,0.005,0.005,0.004,0.005,0.004,0.131,0.128,0.133,0.139,0.164,0.173,0.2,0.202,0.21,0.201,0.189,0.187,0.362,0.305,0.389,0.324,0.25,0.221,0.217,0.199,0.24,0.003,0.005,0.004,KOL-90000002
