dates,00:00:00,00:15:00,00:30:00,00:45:00,01:00:00,01:15:00,01:30:00,01:45:00,02:00:00,02:15:00,02:30:00,02:45:00,03:00:00,03:15:00,03:30:00,03:45:00,04:00:00,04:15:00,04:30:00,04:45:00,05:00:00,05:15:00,05:30:00,05:45:00,06:00:00,06:15:00,06:30:00,06:45:00,07:00:00,07:15:00,07:30:00,07:45:00,08:00:00,08:15:00,08:30:00,08:45:00,09:00:00,09:15:00,09:30:00,09:45:00,10:00:00,10:15:00,10:30:00,10:45:00,11:00:00,11:15:00,11:30:00,11:45:00,12:00:00,12:15:00,12:30:00,12:45:00,13:00:00,13:15:00,13:30:00,13:45:00,14:00:00,14:15:00,14:30:00,14:45:00,15:00:00,15:15:00,15:30:00,15:45:00,16:00:00,16:15:00,16:30:00,16:45:00,17:00:00,17:15:00,17:30:00,17:45:00,18:00:00,18:15:00,18:30:00,18:45:00,19:00:00,19:15:00,19:30:00,19:45:00,20:00:00,20:15:00,20:30:00,20:45:00,21:00:00,21:15:00,21:30:00,21:45:00,22:00:00,22:15:00,22:30:00,22:45:00,23:00:00,23:15:00,23:30:00,23:45:00,device_id
2019-12-01,0.005,0.004,0.005,0.004,0.005,0.003,0.004,0.004,0.003,0.004,0.005,0.004,0.005,0.006,0.004,0.004,0.004,0.005,0.005,0.003,0.004,0.003,0.004,0.004,0.05,0.067,0.081,0.083,0.085,0.095,0.094,0.116,0.087,0.1,0.089,0.066,0.003,0.003,0.004,0.005,0.004,0.004,0.005,0.004,0.005,0.004,0.005,0.005,0.003,0.005,0.004,0.004,0.005,0.004,0.004,0.004,0.004,0.004,0.005,0.005,0.004,0.004,0.005,0.007,0.004,0.005,0.005,0.004,0.004,0.004,0.005,0.004,0.16,0.156,0.163,0.156,0.183,0.182,0.18,0.216,0.209,0.208,0.221,0.18,0.191,0.177,0.156,0.116,0.003,0.003,0.003,0.004,0.004,0.005,0.005,0.004,KOL-90000004
2019-12-02,0.004,0.005,0.005,0.005,0.004,0.005,0.004,0.004,0.005,0.005,0.005,0.005,0.004,0.003,0.005,0.006,0.004,0.004,0.005,0.006,0.003,0.003,0.005,0.004,0.072,0.069,0.088,0.081,0.092,0.076,0.092,0.094,0.098,0.091,0.072,0.062,0.004,0.005,0.004,0.004,0.004,0.005,0.005,0.004,0.005,0.003,0.004,0.004,0.005,0.005,0.004,0.005,0.006,0.004,0.004,0.003,0.005,0.003,0.005,0.005,0.004,0.004,0.006,0.006,0.004,0.004,0.006,0.004,0.005,0.004,0.005,0.004,0.087,0.168,0.132,0.192,0.192,0.189,0.194,0.191,0.199,0.19,0.193,0.167,0.176,0.17,0.166,0.123,0.005,0.005,0.004,0.004,0.004,0.004,0.006,0.005,KOL-90000004
2019-12-03,0.005,0.005,0.005,0.005,0.005,0.005,0.004,0.004,0.005,0.004,0.004,0.004,0.004,0.004,0.005,0.004,0.005,0.005,0.005,0.004,0.004,0.005,0.003,0.004,0.072,0.06,0.089,0.073,0.075,0.08,0.092,0.085,0.108,0.083,0.075,0.088,0.004,0.004,0.005,0.005,0.005,0.005,0.004,0.003,0.004,0.004,0.004,0.004,0.005,0.006,0.004,0.005,0.005,0.005,0.005,0.005,0.005,0.004,0.003,0.004,0.005,0.004,0.005,0.004,0.005,0.004,0.004,0.004,0.003,0.003,0.005,0.004,0.124,0.131,0.154,0.176,0.209,0.224,0.207,0.198,0.193,0.21,0.194,0.182,0.176,0.174,0.179,0.136,0.003,0.004,0.006,0.003,0.004,0.005,0.004,0.005,KOL-90000004
2019-12-04,0.005,0.003,0.005,0.005,0.004,0.003,0.003,0.005,0.006,0.005,0.005,0.005,0.005,0.005,0.005,0.006,0.005,0.004,0.004,0.004,0.004,0.005,0.005,0.004,0.059,0.059,0.082,0.088,0.084,0.092,0.076,0.097,0.075,0.064,0.07,0.082,0.005,0.004,0.003,0.005,0.006,0.006,0.005,0.004,0.007,0.005,0.004,0.004,0.004,0.006,0.005,0.004,0.004,0.006,0.004,0.005,0.004,0.004,0.004,0.004,0.006,0.006,0.005,0.006,0.003,0.004,0.004,0.004,0.004,0.006,0.006,0.005,0.123,0.139,0.146,0.199,0.193,0.195,0.198,0.212,0.202,0.225,0.19,0.201,0.17,0.14,0.154,0.143,0.004,0.004,0.003,0.004,0.003,0.006,0.004,0.006,KOL-90000004
2019-12-05,0.004,0.004,0.004,0.005,0.004,0.004,0.004,0.004,0.004,0.003,0.004,0.005,0.006,0.004,0.005,0.003,0.005,0.005,0.004,0.005,0.004,0.003,0.005,0.004,0.056,0.075,0.083,0.089,0.095,0.105,0.101,0.101,0.082,0.084,0.065,0.065,0.005,0.003,0.004,0.005,0.005,0.004,0.005,0.005,0.005,0.003,0.005,0.004,0.004,0.005,0.005,0.004,0.004,0.003,0.004,0.006,0.003,0.004,0.004,0.005,0.003,0.004,0.004,0.005,0.005,0.005,0.004,0.003,0.004,0.003,0.005,0.004,0.12,0.133,0.154,0.185,0.166,0.192,0.19,0.205,0.19,0.213,0.188,0.188,0.187,0.128,0.139,0.134,0.005,0.004,0.005,0.005,0.005,0.005,0.003,0.005,KOL-90000004
2019-12-06,0.005,0.005,0.005,0.005,0.005,0.005,0.003,0.004,0.004,0.005,0.006,0.003,0.005,0.003,0.004,0.005,0.003,0.005,0.006,0.005,0.006,0.004,0.006,0.003,0.059,0.066,0.064,0.068,0.073,0.11,0.088,0.093,0.1,0.075,0.08,0.069,0.007,0.004,0.003,0.005,0.004,0.006,0.006,0.005,0.004,0.005,0.005,0.006,0.004,0.005,0.003,0.006,0.005,0.004,0.005,0.006,0.004,0.006,0.004,0.005,0.004,0.004,0.004,0.003,0.004,0.006,0.005,0.005,0.006,0.005,0.006,0.005,0.111,0.141,0.163,0.19,0.189,0.198,0.203,0.182,0.179,0.175,0.202,0.168,0.165,0.164,0.162,0.131,0.005,0.004,0.005,0.005,0.005,0.005,0.005,0.004,KOL-90000004
2019-12-07,0.005,0.005,0.005,0.007,0.004,0.002,0.006,0.005,0.005,0.004,0.005,0.005,0.003,0.005,0.006,0.004,0.005,0.005,0.005,0.006,0.005,0.004,0.004,0.005,0.055,0.057,0.088,0.076,0.08,0.086,0.09,0.076,0.099,0.089,0.089,0.054,0.003,0.004,0.006,0.005,0.004,0.004,0.005,0.004,0.005,0.004,0.006,0.005,0.005,0.005,0.004,0.005,0.004,0.002,0.006,0.004,0.005,0.004,0.003,0.006,0.004,0.004,0.004,0.005,0.003,0.005,0.002,0.004,0.005,0.005,0.004,0.004,0.139,0.151,0.156,0.172,0.182,0.217,0.178,0.186,0.189,0.212,0.195,0.191,0.193,0.164,0.154,0.156,0.003,0.004,0.004,0.005,0.004,0.005,0.005,0.004,KOL-90000004
2019-12-08,0.005,0.004,0.003,0.006,0.003,0.005,0.004,0.004,0.003,0.005,0.004,0.005,0.006,0.005,0.003,0.005,0.005,0.005,0.004,0.005,0.004,0.004,0.005,0.005,0.057,0.071,0.08,0.075,0.112,0.093,0.102,0.092,0.095,0.087,0.083,0.06,0.004,0.003,0.006,0.004,0.006,0.004,0.006,0.004,0.004,0.005,0.004,0.005,0.003,0.004,0.005,0.005,0.004,0.004,0.006,0.005,0.005,0.004,0.006,0.004,0.005,0.004,0.005,0.006,0.005,0.005,0.004,0.005,0.005,0.004,0.005,0.004,0.162,0.146,0.144,0.191,0.176,0.163,0.185,0.191,0.199,0.193,0.205,0.19,0.177,0.179,0.162,0.123,0.004,0.004,0.004,0.005,0.004,0.003,0.005,0.005,KOL-90000004
2019-12-09,0.004,0.004,0.005,0.005,0.005,0.003,0.004,0.004,0.004,0.005,0.005,0.005,0.004,0.005,0.006,0.003,0.006,0.004,0.004,0.004,0.004,0.004,0.004,0.005,0.055,0.07,0.095,0.074,0.105,0.093,0.091,0.091,0.073,0.103,0.065,0.066,0.004,0.006,0.005,0.003,0.005,0.005,0.005,0.005,0.005,0.005,0.005,0.004,0.004,0.005,0.006,0.004,0.005,0.004,0.006,0.003,0.006,0.003,0.002,,,0.004,0.004,0.006,0.005,0.005,0.004,0.004,0.005,0.004,0.006,0.006,0.13,0.128,0.154,0.18,0.178,0.184,0.21,0.211,0.217,0.175,0.206,0.202,0.154,0.18,0.167,0.151,0.004,0.004,0.006,0.006,0.005,0.004,0.004,0.004,KOL-90000004
2019-12-10,0.003,0.004,0.004,0.005,0.004,0.004,0.006,0.003,0.004,0.005,0.004,0.004,0.004,0.004,0.005,0.005,0.005,0.005,0.005,0.004,0.003,0.005,0.005,0.005,0.067,0.045,0.063,0.084,0.095,0.092,0.09,0.099,0.093,0.064,0.078,0.083,0.003,0.005,0.006,0.003,0.005,0.006,0.003,0.004,0.005,0.005,0.004,0.005,0.004,0.004,0.004,0.003,0.003,0.005,0.005,0.005,0.005,0.003,0.004,0.005,0.006,0.004,0.005,0.004,0.005,0.003,0.004,0.004,0.004,0.003,0.003,0.004,0.106,0.158,0.157,0.175,0.166,0.177,0.171,0.168,0.21,0.212,0.19,0.186,0.216,0.165,0.146,0.147,0.004,0.006,0.005,0.002,0.003,0.004,0.004,0.004,KOL-90000004
2019-12-11,0.005,0.004,0.005,0.004,0.004,0.005,0.004,0.005,0.005,0.006,0.005,0.005,0.004,0.005,0.006,0.004,0.007,0.004,0.004,,,,,,,,,,,,,,,0.071,0.055,0.062,0.003,0.004,0.005,0.004,0.003,0.004,0.005,0.005,0.006,0.005,0.005,0.005,0.005,0.006,0.005,0.005,0.005,0.004,0.006,0.004,0.004,0.004,0.004,0.004,0.005,0.004,0.005,0.005,0.004,0.004,0.006,0.004,0.005,0.003,0.005,0.005,0.126,0.141,0.141,0.14,0.213,0.2,0.208,0.193,0.202,0.211,0.185,0.206,0.154,0.143,0.177,0.144,0.004,0.003,0.005,0.004,0.004,0.005,0.005,0.004,KOL-90000004
2019-12-12,0.005,0.004,0.005,0.007,0.005,0.004,0.004,0.004,0.004,0.005,0.005,0.005,0.004,0.005,0.004,0.004,0.005,0.005,0.005,0.005,0.005,0.004,0.004,0.004,0.071,0.09,0.086,0.083,0.093,0.097,0.078,0.088,0.093,0.096,0.085,0.047,0.004,0.005,0.004,0.004,0.003,0.004,0.005,0.004,0.004,0.004,0.004,0.004,0.005,0.005,0.003,0.004,0.004,0.005,0.005,0.005,0.005,0.004,0.004,0.006,0.003,0.005,0.005,0.005,0.004,0.004,0.004,0.005,0.004,0.005,0.005,0.006,0.131,0.143,0.133,0.158,0.185,0.205,0.186,0.198,0.194,0.226,0.184,0.21,0.158,0.183,0.135,0.182,0.005,0.005,0.004,0.006,0.002,0.003,0.005,0.004,KOL-90000004
2019-12-13,0.003,0.004,0.005,0.006,0.005,0.005,0.004,0.006,0.005,0.004,0.004,0.005,0.005,0.004,0.005,0.003,0.004,0.004,0.005,0.005,0.006,0.006,0.003,0.003,0.042,0.086,0.079,0.09,0.09,0.098,0.085,0.089,0.102,0.074,0.079,0.06,0.004,0.005,0.004,0.004,0.004,0.005,0.004,0.003,0.005,0.004,0.005,0.005,0.005,0.006,0.004,0.005,0.005,0.005,0.003,0.005,0.005,0.004,0.005,0.004,0.004,0.004,0.004,0.005,0.003,0.006,0.003,0.004,0.003,0.005,0.004,0.005,0.128,0.148,0.156,0.197,0.172,0.171,0.184,0.226,0.191,0.219,0.181,0.21,0.204,0.199,0.178,0.123,0.005,0.003,0.004,0.005,0.003,0.005,0.006,0.003,KOL-90000004
2019-12-14,0.004,0.006,0.004,0.003,0.006,0.005,0.005,0.003,0.005,0.004,0.004,0.005,0.005,0.005,0.004,0.007,0.005,0.003,0.005,0.004,0.004,0.004,0.005,0.005,0.058,0.049,0.064,0.073,0.101,0.093,0.092,0.114,0.091,0.095,0.076,0.061,0.004,0.004,0.006,0.004,0.004,0.004,0.004,0.004,0.005,0.004,0.004,0.005,0.004,0.004,0.005,0.005,0.004,0.005,0.003,0.004,0.006,0.004,0.005,0.003,0.004,0.005,0.005,0.005,0.006,0.005,0.005,0.004,0.004,0.004,0.005,0.005,0.134,0.136,0.155,0.173,0.178,0.207,0.203,0.206,0.206,0.2,0.221,0.201,0.167,0.166,0.168,0.116,0.004,0.005,0.004,0.004,0.006,0.004,0.005,0.003,KOL-90000004
2019-12-15,0.004,0.004,0.004,0.005,0.004,0.004,0.006,0.003,0.005,0.003,0.005,0.004,0.004,0.005,0.005,0.004,0.004,0.004,0.004,0.004,0.005,0.004,0.006,0.006,0.056,0.078,0.063,0.076,0.091,0.1,0.106,0.08,0.08,0.084,0.074,0.047,0.004,0.005,0.004,0.003,0.004,0.004,0.005,0.003,0.006,0.004,0.005,0.004,0.003,0.005,0.004,0.005,0.004,0.004,0.004,0.005,0.004,0.005,0.006,0.004,0.005,0.003,0.004,0.005,0.005,0.004,0.004,0.004,0.005,0.005,0.005,0.005,0.133,0.117,0.164,0.144,0.172,0.189,0.169,0.202,0.184,0.216,0.217,0.188,0.198,0.153,0.145,0.154,0.005,0.006,0.005,0.004,0.005,0.004,0.005,0.004,KOL-90000004
2019-12-16,0.005,0.004,0.005,0.004,0.004,0.006,0.004,0.004,0.005,0.004,0.004,0.005,0.004,0.004,0.005,0.004,0.005,0.003,0.005,0.004,0.004,0.005,0.004,0.004,0.036,0.048,0.068,0.082,0.086,0.094,0.084,0.099,0.094,0.081,0.061,0.059,0.004,0.004,0.004,0.005,0.006,0.005,0.004,0.004,0.006,0.007,0.004,0.003,0.005,0.004,0.004,0.005,0.004,0.005,0.006,0.005,0.005,0.005,0.005,0.005,0.005,0.004,0.005,0.005,0.004,0.006,0.007,0.004,0.004,0.003,0.006,0.004,0.097,0.122,0.148,0.156,0.196,0.204,0.191,0.224,0.221,0.237,0.199,0.189,0.195,0.176,0.165,0.141,0.004,0.005,0.005,0.004,0.005,0.005,0.004,0.004,KOL-90000004
2019-12-17,0.003,0.007,0.005,0.004,0.004,0.005,0.006,0.006,0.005,0.003,0.004,0.005,0.004,0.004,0.006,0.004,0.005,0.007,0.004,0.006,0.005,0.003,0.004,0.005,0.058,0.071,0.063,0.095,0.089,0.081,0.109,0.091,0.082,0.073,0.079,0.048,0.004,0.006,0.004,0.005,0.004,0.005,0.005,0.005,0.004,0.003,0.004,0.004,0.004,0.006,0.004,0.004,0.004,0.003,0.003,0.004,0.004,0.004,0.005,0.005,0.004,0.005,0.004,0.006,0.005,0.004,0.003,0.004,0.004,0.005,0.003,0.005,0.129,0.122,0.18,0.153,0.194,0.191,0.197,0.211,0.22,0.219,0.217,0.212,0.19,0.195,0.137,0.141,0.004,0.004,0.005,0.005,0.004,0.006,0.007,0.002,KOL-90000004
2019-12-18,0.004,0.003,0.006,0.005,0.005,0.005,0.004,0.003,0.004,0.004,0.004,0.003,0.004,0.004,0.004,0.005,0.005,0.004,0.004,0.004,0.006,0.005,0.005,0.003,0.036,0.075,0.066,0.09,0.082,0.098,0.095,0.104,0.103,0.095,0.083,0.075,0.005,0.005,0.003,0.006,0.004,0.006,0.003,0.005,0.005,0.005,0.003,0.005,0.004,0.006,0.005,0.004,0.004,0.005,0.005,0.003,0.006,0.005,0.004,0.004,0.004,0.004,0.004,0.004,0.006,0.006,0.005,0.004,0.004,0.005,0.004,0.004,0.136,0.14,0.148,0.158,0.18,0.204,0.223,0.194,0.198,0.197,0.194,0.182,0.195,0.162,0.15,0.107,0.005,0.003,0.005,0.005,0.004,0.005,0.004,0.004,KOL-90000004
2019-12-19,0.005,0.004,0.004,0.003,0.004,0.004,0.004,0.006,0.005,0.005,0.003,0.004,0.003,0.004,0.006,0.004,0.005,0.004,0.004,0.004,0.006,0.005,0.004,0.004,0.041,0.075,0.078,0.081,0.073,0.104,0.095,0.105,0.105,0.082,0.076,0.054,0.005,0.004,0.004,0.003,0.005,0.003,0.004,0.004,0.005,0.005,0.003,0.005,0.005,0.005,0.005,0.003,0.004,0.005,0.004,0.005,0.004,0.005,0.004,0.005,0.004,0.005,0.004,0.005,0.006,0.005,0.004,0.006,0.005,0.005,0.004,0.005,0.14,0.124,0.16,0.204,0.153,0.181,0.226,0.201,0.198,0.233,0.201,0.194,0.15,0.151,0.161,0.165,0.005,0.005,0.006,0.005,0.003,0.004,0.005,0.004,KOL-90000004
2019-12-20,0.004,0.004,0.005,0.004,0.006,0.003,0.006,0.005,0.004,0.004,0.004,0.004,0.005,0.003,0.006,0.004,0.004,0.006,0.004,0.005,0.006,0.003,0.005,0.005,0.055,0.055,0.073,0.09,0.097,0.103,0.083,0.103,0.089,0.088,0.083,0.072,0.004,0.004,0.004,0.006,0.004,0.005,0.005,0.005,0.005,0.005,0.003,0.004,0.003,0.005,0.005,0.005,0.005,0.004,0.004,0.005,0.003,0.004,0.004,0.004,0.004,0.004,0.006,0.005,0.004,0.004,0.004,0.005,0.004,0.003,0.006,0.003,0.136,0.144,0.162,0.151,0.184,0.228,0.203,0.203,0.197,0.214,0.205,0.193,0.188,0.163,0.166,0.127,0.004,0.004,0.005,0.006,0.005,0.004,0.005,0.004,KOL-90000004
2019-12-21,0.005,0.004,0.005,0.004,0.003,0.006,0.005,0.005,0.004,0.005,0.004,0.005,0.006,0.004,0.004,0.003,0.004,0.005,0.005,0.004,0.003,0.004,0.005,0.005,0.044,0.063,0.075,0.097,0.076,0.091,0.112,0.094,0.077,0.081,0.079,0.072,0.004,0.004,0.004,0.004,0.005,0.004,0.005,0.005,0.005,0.007,0.003,0.004,0.005,0.006,0.005,0.005,0.005,0.004,0.005,0.004,0.004,0.005,0.006,0.006,0.004,0.003,0.004,0.004,0.004,0.005,0.004,0.004,0.004,0.004,0.005,0.005,0.115,0.125,0.172,0.16,0.137,0.161,0.171,0.208,0.216,0.187,0.196,0.223,0.182,0.169,0.15,0.118,0.004,0.004,0.003,0.006,0.004,0.004,0.004,0.005,KOL-90000004
2019-12-22,0.003,0.004,0.005,0.004,0.005,0.005,0.004,0.004,0.004,0.004,0.005,0.005,0.005,0.003,0.006,0.005,0.005,0.003,0.004,0.004,0.004,0.006,0.005,0.004,0.05,0.062,0.084,0.075,0.084,0.088,0.071,0.09,0.086,0.086,0.074,0.076,0.005,0.004,0.004,0.005,0.005,0.006,0.004,0.004,0.004,0.003,0.004,0.004,0.005,0.005,0.005,0.006,0.006,0.005,0.003,0.005,0.005,0.005,0.006,0.006,0.004,0.005,0.005,0.005,0.004,0.005,0.005,0.005,0.005,0.005,0.003,0.005,0.108,0.147,0.166,0.195,0.19,0.184,0.203,0.202,0.214,0.19,0.21,0.193,0.182,0.173,0.149,0.134,0.004,0.004,0.005,0.005,0.004,0.005,0.005,0.005,KOL-90000004
2019-12-23,0.006,0.005,0.004,0.004,0.005,0.004,0.004,0.005,0.005,0.003,0.004,0.004,0.006,0.004,0.005,0.005,0.004,0.004,0.004,0.005,0.005,0.004,0.003,0.005,0.057,0.082,0.072,0.079,0.083,0.1,0.092,0.091,0.098,0.082,0.087,0.065,0.005,0.004,0.004,0.005,0.004,0.005,0.004,0.004,0.004,0.006,0.003,0.005,0.004,0.006,0.006,0.004,0.003,0.005,0.004,0.006,0.005,0.005,0.004,0.005,0.004,0.005,0.004,0.005,0.005,0.006,0.005,0.005,0.004,0.004,0.005,0.002,0.124,0.13,0.169,0.191,0.172,0.19,0.205,0.2,0.191,0.201,0.208,0.182,0.176,0.177,0.168,0.161,0.004,0.005,0.006,0.004,0.005,0.005,0.003,0.005,KOL-90000004
2019-12-24,0.004,0.005,0.005,0.004,0.005,0.005,0.006,0.005,0.005,0.005,0.004,0.003,0.004,0.006,0.005,0.005,0.006,0.005,0.003,0.004,0.006,,,,,,,0.074,0.086,0.097,0.084,0.093,0.094,0.092,0.079,0.063,0.004,0.005,0.005,0.006,0.004,0.005,0.005,0.006,0.004,0.003,0.004,0.005,0.006,0.003,0.004,0.005,0.005,0.005,0.005,0.004,0.005,0.004,0.005,0.004,0.003,0.005,0.005,0.005,0.004,0.006,0.005,0.005,0.005,0.003,0.005,0.004,0.121,0.134,0.182,0.184,0.16,0.199,0.183,0.182,0.176,0.22,0.194,0.19,0.156,0.177,0.184,0.164,0.005,0.005,0.005,0.005,0.005,0.004,0.004,0.004,KOL-90000004
2019-12-25,0.004,0.005,0.005,0.006,0.005,0.005,0.005,0.006,0.004,0.005,0.005,0.004,0.006,0.005,0.005,0.003,0.005,0.004,0.003,0.005,0.003,0.005,0.005,0.005,0.049,0.069,0.086,0.081,0.078,0.103,0.089,0.094,0.081,0.061,0.071,0.082,0.006,0.005,0.005,0.004,0.005,0.006,0.004,0.004,0.004,0.005,0.003,0.005,0.004,0.005,0.003,0.004,0.004,0.004,0.004,0.004,0.005,0.005,0.003,0.005,0.004,0.004,0.004,0.003,0.005,0.006,0.005,0.005,0.006,0.005,0.004,0.005,0.123,0.133,0.167,0.153,0.203,0.18,0.186,0.191,0.184,0.18,0.179,0.194,0.186,0.164,0.186,0.143,0.004,0.003,0.005,0.004,0.004,0.004,0.004,0.005,KOL-90000004
2019-12-26,0.003,0.004,0.005,0.004,0.005,0.004,0.004,0.003,0.003,0.005,0.004,0.004,0.005,0.006,0.003,0.005,0.003,0.006,0.005,0.005,0.006,0.004,0.006,0.003,0.076,0.066,0.08,0.08,0.084,0.088,0.101,0.086,0.107,0.093,0.066,0.075,0.006,0.005,0.005,0.004,0.004,0.006,0.004,0.005,0.004,0.004,0.006,0.004,0.003,0.004,0.004,0.004,0.005,0.004,0.003,0.005,0.005,0.004,0.004,0.004,0.004,0.005,0.004,0.005,0.004,0.005,0.005,0.004,0.006,0.004,0.004,0.003,0.139,0.149,0.159,0.162,0.183,0.171,0.193,0.208,0.199,0.211,0.196,0.19,0.184,0.152,0.163,0.156,0.004,0.005,0.003,0.004,0.005,0.004,0.004,0.003,KOL-90000004
2019-12-27,0.004,0.005,0.005,0.004,0.004,0.003,0.005,0.004,0.006,0.003,0.005,0.004,0.005,0.005,0.005,0.007,0.005,0.003,0.005,0.005,0.004,0.004,0.004,0.005,0.058,0.069,0.081,0.074,0.117,0.088,0.106,0.087,0.078,0.092,0.082,0.049,0.005,0.005,0.004,0.004,0.004,0.004,0.005,0.004,0.004,0.005,0.006,0.005,0.003,0.005,0.004,0.006,0.005,0.004,0.004,0.005,0.005,0.004,0.005,0.004,0.006,0.006,0.005,0.005,0.005,0.005,0.006,0.004,0.004,0.005,0.005,0.004,0.137,0.111,0.155,0.163,0.173,0.196,0.197,0.177,0.2,0.232,0.219,0.201,0.209,0.174,0.173,0.134,0.006,0.004,0.005,0.005,0.003,0.004,0.003,0.004,KOL-90000004
2019-12-28,0.005,0.004,0.004,0.004,0.004,0.006,0.005,0.005,0.005,0.004,0.006,0.005,0.004,0.003,0.004,0.005,0.005,0.005,0.005,0.005,0.005,0.006,0.004,0.004,0.05,0.053,0.078,0.074,0.1,0.093,0.096,0.1,0.092,0.092,0.073,0.058,0.003,0.005,0.005,0.005,0.004,0.005,0.003,0.006,0.005,0.005,0.005,0.005,0.006,0.005,0.003,0.007,0.004,0.005,0.004,0.005,0.005,0.004,0.005,0.005,0.005,0.005,0.004,0.004,0.005,0.002,0.004,0.004,0.005,0.005,0.004,0.005,0.13,0.139,0.172,0.161,0.185,0.202,0.242,0.215,0.195,0.24,0.215,0.183,0.195,0.178,0.158,0.133,0.005,0.005,0.006,0.006,0.005,0.004,0.005,0.004,KOL-90000004
2019-12-29,0.005,0.003,0.006,0.004,0.005,0.005,0.005,0.005,0.004,0.004,0.004,0.005,0.003,0.006,0.005,0.004,0.004,0.004,0.004,0.005,0.004,0.006,0.005,0.004,0.073,0.08,0.083,0.096,0.087,0.094,0.094,0.081,0.09,0.106,0.082,0.066,0.005,0.005,0.005,0.003,0.004,0.004,0.004,0.004,0.003,0.003,0.003,0.006,0.003,0.005,0.004,0.005,0.003,0.004,0.005,0.004,0.006,0.005,0.005,0.005,0.005,0.004,0.004,0.003,0.004,0.005,0.004,0.006,0.005,0.005,0.004,0.004,0.114,0.117,0.171,0.134,0.152,0.181,0.197,0.198,0.207,0.195,0.171,0.172,0.171,0.169,0.128,0.115,0.005,0.004,0.005,0.004,0.006,0.005,0.004,0.004,KOL-90000004
2019-12-30,0.005,0.004,0.004,0.004,0.005,0.004,0.005,0.004,0.006,0.005,0.005,0.003,0.006,0.005,0.003,0.005,0.006,0.005,0.005,0.005,0.004,0.005,0.004,0.006,0.053,0.055,0.092,0.086,0.085,0.076,0.097,0.102,0.089,0.081,0.059,0.063,0.005,0.003,0.004,0.003,0.005,0.004,0.005,0.005,0.005,0.005,0.004,0.003,0.004,0.003,0.005,0.006,0.005,0.005,0.004,0.004,0.004,0.004,0.004,0.004,0.005,0.005,0.005,0.004,0.004,0.003,0.005,0.005,0.005,0.005,0.005,0.003,0.132,0.13,0.156,0.186,0.183,0.164,0.21,0.228,0.191,0.191,0.189,0.172,0.154,0.178,0.156,0.091,0.002,0.005,0.004,0.005,0.004,0.005,0.005,0.006,KOL-90000004
2019-12-31,0.005,0.004,0.006,0.004,0.003,0.005,0.005,0.006,0.006,0.005,0.004,0.004,0.002,0.006,0.005,0.004,0.003,0.005,0.005,0.003,0.004,0.004,0.005,0.004,0.054,0.058,0.062,0.08,0.119,0.086,0.083,0.093,0.088,0.078,0.082,0.094,0.004,0.005,0.005,0.004,0.005,0.004,0.006,0.004,0.005,0.005,0.005,0.006,0.005,0.005,0.006,0.005,0.003,0.004,0.004,0.006,0.007,0.005,0.003,0.004,0.004,0.005,0.005,0.004,0.003,0.005,0.005,0.005,0.005,0.005,0.005,0.004,0.128,0.136,0.153,0.157,0.172,0.197,0.188,0.211,0.239,0.215,0.169,0.201,0.199,0.162,0.171,0.127,0.004,0.004,0.005,0.003,0.005,0.006,0.004,0.005,KOL-90000004
2020-01-01,0.004,0.005,0.003,0.003,0.006,0.005,0.004,0.005,0.004,0.004,0.003,0.004,0.004,0.004,0.003,0.004,0.005,0.006,0.003,0.006,0.004,0.006,0.005,0.005,0.058,0.069,,,,,,,,0.084,0.083,0.081,0.006,0.002,0.004,0.005,0.004,0.005,0.003,0.005,0.005,0.004,0.005,0.005,0.004,0.005,0.005,0.004,0.004,0.004,0.006,0.005,0.003,0.004,0.004,0.004,0.004,0.004,0.004,0.005,0.004,0.004,0.003,0.005,0.005,0.004,0.005,0.004,0.09,0.152,0.171,0.194,0.191,0.178,0.193,0.2,0.202,0.192,0.198,0.187,0.192,0.19,0.164,0.154,0.004,0.005,0.004,0.005,0.004,0.005,0.004,0.003,KOL-90000004
2020-01-02,0.002,0.005,0.004,0.003,0.004,0.004,0.005,0.004,0.004,0.004,0.004,0.004,0.004,0.005,0.004,0.004,0.007,0.005,0.005,0.005,0.004,0.005,0.005,0.004,0.042,0.046,0.055,0.081,0.086,0.1,0.077,0.093,0.105,0.082,0.081,0.068,0.003,0.005,0.005,0.005,0.004,0.004,0.003,0.005,0.004,0.005,0.004,0.004,0.006,0.005,0.006,0.004,0.003,0.006,0.003,0.004,0.005,0.004,0.006,0.003,0.005,0.004,0.004,0.005,0.005,0.004,0.005,0.005,0.005,0.006,0.004,0.005,0.098,0.123,0.171,0.173,0.165,0.178,0.176,0.199,0.219,0.191,0.196,0.223,0.196,0.153,0.14,0.104,0.005,0.005,0.005,0.005,0.004,0.006,0.004,0.004,KOL-90000004
2020-01-03,0.004,0.005,0.005,0.003,0.003,0.005,0.005,0.004,0.006,0.006,0.005,0.004,0.005,0.005,0.004,0.004,0.005,0.004,0.004,0.004,0.005,0.004,0.005,0.003,0.059,0.089,0.07,0.078,0.08,0.086,0.092,0.081,0.08,0.083,0.055,0.065,0.004,0.006,0.005,0.004,0.005,0.004,0.005,0.006,0.004,0.005,0.005,0.004,0.004,0.004,0.005,0.004,0.005,0.005,0.005,0.004,0.004,0.006,0.005,0.005,0.004,0.005,0.004,0.005,0.004,0.005,0.004,0.003,0.006,0.006,0.006,0.005,0.119,0.143,0.142,0.168,0.18,0.201,0.215,0.188,0.233,0.19,0.201,0.168,0.17,0.185,0.151,0.156,0.004,0.004,0.005,0.004,0.005,0.005,0.002,0.004,KOL-90000004
2020-01-04,0.005,0.004,0.005,0.005,0.004,0.004,0.006,0.005,0.005,0.006,0.003,0.004,0.005,0.004,0.005,0.004,0.004,0.005,0.006,0.005,0.003,0.004,0.004,0.003,0.059,0.061,0.078,0.095,0.098,0.08,0.113,0.103,0.083,0.083,0.075,0.074,0.004,0.004,0.005,0.004,0.005,0.003,0.005,0.004,0.005,0.004,0.004,0.003,0.005,0.005,0.005,0.005,0.004,0.004,0.006,0.004,0.005,0.006,0.005,0.005,0.005,0.004,0.005,0.004,0.004,0.004,0.004,0.003,0.005,0.005,0.005,0.004,0.132,0.126,0.167,0.14,0.174,0.187,0.213,0.202,0.19,0.221,0.205,0.196,0.183,0.161,0.145,0.155,0.004,0.003,0.003,0.006,0.007,0.005,0.003,0.005,KOL-90000004
2020-01-05,0.004,0.005,0.003,0.004,0.004,0.005,0.004,0.003,0.003,0.005,0.005,0.005,0.005,0.005,0.005,0.005,0.004,0.004,0.006,0.004,0.005,0.005,0.004,0.005,0.044,0.059,0.058,0.077,0.086,0.084,0.09,0.088,0.091,0.088,0.084,0.074,0.005,0.005,0.004,0.006,0.004,0.004,0.004,0.005,0.005,0.006,0.004,0.006,0.004,0.005,0.004,0.005,0.004,0.006,0.005,0.006,0.004,0.004,0.006,0.005,0.004,0.004,0.004,0.005,0.004,0.004,0.005,0.006,0.006,0.004,0.005,0.004,0.143,0.127,0.164,0.152,0.17,0.193,0.198,0.214,0.223,0.192,0.193,0.173,0.161,0.162,0.112,0.121,0.005,0.005,0.005,0.005,0.004,0.005,0.005,0.005,KOL-90000004
2020-01-06,0.003,0.004,0.004,0.003,0.004,0.002,0.003,0.004,0.005,0.005,0.005,0.004,0.006,0.005,0.004,0.004,0.004,0.005,0.005,0.004,0.005,0.003,0.003,0.004,0.061,0.08,0.072,0.077,0.107,0.104,0.102,0.092,0.091,0.072,0.069,0.063,0.005,0.005,0.004,0.005,0.004,0.004,0.004,0.006,0.006,0.003,0.004,0.004,0.005,0.004,0.005,0.004,0.004,0.004,0.005,0.005,0.006,0.005,0.004,0.005,0.004,0.006,0.005,0.005,0.005,0.004,0.004,0.003,0.004,0.004,0.006,0.004,0.122,0.158,0.142,0.169,0.177,0.203,0.2,0.221,0.22,0.201,0.202,0.187,0.154,0.165,0.158,0.15,0.003,0.005,0.004,0.005,0.004,0.003,0.004,0.004,KOL-90000004
2020-01-07,0.003,0.004,0.005,0.005,0.005,0.005,0.004,0.004,0.007,0.004,0.005,0.005,0.005,0.005,0.003,0.003,0.005,0.005,0.005,0.003,0.006,0.006,0.005,0.004,0.064,0.058,0.073,0.081,0.088,0.091,0.091,0.095,0.091,0.071,0.075,0.085,0.005,0.006,0.003,0.004,0.003,0.004,0.005,0.004,0.004,0.005,0.004,0.005,0.005,0.005,0.004,0.004,0.004,0.005,0.004,0.004,0.004,0.003,0.006,0.005,0.004,0.005,0.005,0.004,0.004,0.005,0.004,0.005,0.006,0.004,0.004,0.003,0.121,0.165,0.164,0.185,0.197,0.226,0.196,0.183,0.229,0.2,0.218,0.157,0.187,0.181,0.137,0.137,0.005,0.004,0.004,0.004,0.004,0.003,0.003,0.006,KOL-90000004
2020-01-08,0.004,0.006,0.004,0.005,0.004,0.004,0.004,0.004,0.005,0.005,0.005,0.006,0.002,0.004,0.004,0.003,0.005,0.004,0.004,0.003,0.005,0.004,0.003,0.005,0.053,0.074,0.049,0.078,0.1,0.079,0.096,0.103,0.088,0.086,0.077,0.064,0.004,0.007,0.004,0.004,0.005,0.005,0.007,0.005,0.005,0.004,0.005,0.005,0.004,0.005,0.005,0.004,0.006,0.004,0.004,0.005,0.005,0.005,0.005,0.004,0.003,0.004,0.003,0.004,0.004,0.005,0.006,0.004,0.006,0.006,0.004,0.003,0.133,0.121,0.18,0.199,0.192,0.177,0.208,0.192,0.208,0.194,0.195,0.197,0.183,0.156,0.156,0.167,0.004,0.005,0.005,0.005,0.005,0.004,0.004,0.004,KOL-90000004
2020-01-09,0.004,0.003,0.004,0.005,0.005,0.004,0.004,0.004,0.004,0.005,0.006,0.003,0.005,0.004,0.004,0.005,0.004,0.005,0.005,0.003,0.005,0.002,0.004,0.005,0.064,0.074,0.077,0.08,0.083,0.08,0.094,0.094,0.084,0.071,0.067,0.069,0.006,0.003,0.006,0.005,0.004,0.003,0.005,0.005,0.004,0.004,0.005,0.005,0.006,0.004,0.005,0.003,0.005,0.005,0.004,0.004,0.004,0.004,0.005,0.005,0.003,0.005,0.005,0.004,0.005,0.002,0.005,0.005,0.004,0.004,0.005,0.004,0.119,0.171,0.148,0.153,0.173,0.187,0.179,0.176,0.228,0.19,0.19,0.186,0.171,0.179,0.18,0.139,0.005,0.003,0.004,0.004,0.004,0.005,0.004,0.003,KOL-90000004
2020-01-10,0.005,0.005,0.002,0.004,0.005,0.005,0.004,0.004,0.005,0.005,0.004,0.006,0.004,0.005,0.006,0.004,0.005,0.005,0.005,0.005,0.004,0.004,0.003,0.005,0.058,0.068,0.085,0.069,0.077,0.095,0.106,0.087,0.089,0.092,0.07,0.069,0.005,0.004,0.004,0.005,0.004,0.006,0.004,0.004,0.006,0.005,0.006,0.005,0.006,0.005,0.004,0.004,0.005,0.005,0.005,0.004,0.004,0.005,0.005,0.004,0.004,0.003,0.006,0.005,0.003,0.005,0.004,0.004,0.003,0.005,0.005,0.005,0.121,0.134,0.179,0.186,0.166,0.197,0.196,0.185,0.232,0.199,0.18,0.189,0.191,0.163,0.127,0.132,0.003,0.005,0.005,0.004,0.005,0.004,0.005,0.004,KOL-90000004
2020-01-11,0.004,0.004,0.004,0.004,0.003,0.004,0.004,0.005,0.003,0.006,0.006,0.004,0.005,0.004,0.004,0.005,0.004,0.006,0.004,0.005,0.003,0.006,0.004,0.004,0.052,0.056,0.083,0.09,0.094,0.086,0.085,0.091,0.081,0.096,0.078,0.068,0.004,0.004,0.006,0.006,0.003,0.004,0.005,0.006,0.004,0.005,0.005,0.005,0.005,0.006,0.005,0.004,0.004,0.006,0.005,0.003,0.004,0.003,0.005,0.005,0.005,0.006,0.004,0.005,0.004,0.005,0.005,0.004,0.004,0.003,0.006,0.004,0.112,0.15,0.153,0.191,0.184,0.177,0.22,0.206,0.199,0.202,0.182,0.209,0.196,0.161,0.163,0.142,0.005,0.005,0.005,0.005,0.004,0.004,0.004,0.005,KOL-90000004
2020-01-12,0.004,0.004,0.004,0.003,0.005,0.004,0.005,0.003,0.005,0.004,0.004,0.005,0.004,0.004,0.005,0.005,0.004,0.005,0.005,0.004,0.004,0.004,0.005,0.003,0.048,0.064,0.092,0.087,0.085,0.083,0.101,0.091,0.078,0.071,0.073,0.066,0.005,0.004,0.004,0.004,0.004,0.004,0.003,0.005,0.005,0.005,0.006,0.005,0.004,0.005,0.004,0.005,0.004,0.006,0.005,0.002,,,,,,,,,,,,0.005,0.004,0.005,0.005,0.004,0.112,0.146,0.153,0.156,0.197,0.193,0.189,0.23,0.203,0.219,0.198,0.214,0.17,0.16,0.177,0.149,0.004,0.006,0.005,0.004,0.005,0.005,0.006,0.005,KOL-90000004
2020-01-13,0.006,0.005,0.006,0.004,0.006,0.005,0.005,0.004,0.004,0.005,0.004,0.003,0.004,0.003,0.006,0.004,0.004,0.004,0.005,0.005,0.005,0.004,0.004,0.005,0.063,0.077,0.072,0.081,0.089,0.071,0.092,0.087,0.101,0.085,0.079,0.079,0.003,0.004,0.006,0.002,0.003,0.003,0.004,0.006,0.003,0.003,0.003,0.005,0.004,0.005,0.006,0.006,0.004,0.005,0.004,0.005,0.004,0.005,0.004,0.005,0.004,0.003,0.005,0.006,0.004,0.004,0.004,0.004,0.005,0.005,0.004,0.004,0.12,0.158,0.152,0.169,0.183,0.207,0.194,0.208,0.212,0.21,0.181,0.18,0.165,0.157,0.163,0.152,0.003,0.005,0.005,0.005,0.006,0.005,0.006,0.005,KOL-90000004
2020-01-14,0.004,0.003,0.004,0.005,0.004,0.005,0.004,0.003,0.005,0.004,0.005,0.005,0.005,0.006,,,,,,,,,,0.004,0.053,0.071,0.079,0.098,0.094,0.086,0.098,0.088,0.075,0.073,0.066,0.069,0.005,0.005,0.005,0.004,0.005,0.005,0.004,0.005,0.004,0.003,0.004,0.005,0.003,0.005,0.004,0.004,0.005,0.004,0.004,0.004,0.004,0.005,0.004,0.003,0.006,0.004,0.005,0.005,0.005,0.005,0.005,0.005,0.003,0.005,0.003,0.004,0.116,0.164,0.129,0.173,0.165,0.184,0.201,0.188,0.224,0.196,0.22,0.166,0.18,0.202,0.17,0.142,0.005,0.004,0.004,0.005,0.004,0.005,0.004,0.003,KOL-90000004
2020-01-15,0.004,0.004,0.004,0.005,0.005,0.005,0.004,0.004,0.004,0.004,0.004,0.004,0.003,0.003,0.004,0.005,0.004,0.004,0.005,0.004,0.004,0.005,0.004,0.004,0.048,0.077,0.048,0.083,0.073,0.097,0.092,0.091,0.101,0.078,0.085,0.047,0.006,0.004,0.004,0.004,0.003,0.004,0.004,0.005,0.003,0.005,0.004,0.005,0.005,0.004,0.005,0.004,0.004,0.005,0.003,0.004,0.005,0.004,0.003,0.004,0.005,0.004,0.005,0.005,0.004,0.003,0.006,0.004,0.005,0.005,0.004,0.004,0.141,0.129,0.142,0.176,0.19,0.204,0.208,0.216,0.179,0.231,0.21,0.203,0.191,0.154,0.163,0.148,0.005,0.005,0.005,0.005,0.005,0.005,0.005,0.004,KOL-90000004
2020-01-16,0.004,0.005,0.005,0.005,0.004,0.004,0.004,0.006,0.005,0.005,0.006,0.005,0.003,0.005,0.004,0.004,0.005,0.006,0.004,0.004,0.004,0.004,0.003,0.003,0.031,0.077,0.088,0.092,0.072,0.095,0.079,0.1,0.082,0.067,0.066,0.05,0.005,0.005,0.005,0.002,0.005,0.005,0.004,0.005,0.006,0.005,0.005,0.006,0.005,0.005,0.005,0.003,0.006,0.003,0.005,0.005,0.004,0.004,0.004,0.004,0.004,0.004,0.004,0.003,0.004,0.004,0.004,0.005,0.005,0.003,0.004,0.004,0.116,0.164,0.171,0.141,0.19,0.211,0.193,0.193,0.207,0.202,0.201,0.176,0.211,0.163,0.145,0.137,0.005,0.005,0.004,0.006,0.003,0.005,0.004,0.004,KOL-90000004
2020-01-17,0.003,0.004,0.004,0.006,0.006,0.005,0.005,0.005,0.005,0.005,0.005,0.006,0.004,0.004,0.004,0.004,0.004,0.004,0.005,0.004,0.004,0.006,0.004,0.003,0.058,0.072,0.086,0.089,0.093,0.089,0.089,0.103,0.101,0.107,0.075,0.053,0.004,0.005,0.005,0.005,0.005,0.004,0.004,0.004,0.004,0.005,0.005,0.006,0.006,0.004,0.006,0.006,0.003,0.003,0.006,0.004,0.005,0.005,0.004,0.004,0.003,0.005,0.004,0.004,0.004,0.005,0.005,0.005,0.005,0.004,0.004,0.003,0.134,0.132,0.154,0.169,0.188,0.198,0.186,0.209,0.178,0.211,0.182,0.201,0.206,0.178,0.17,0.141,0.004,0.003,0.005,0.005,0.005,0.004,0.003,0.004,KOL-90000004
2020-01-18,0.005,0.004,0.004,0.005,0.005,0.004,0.004,0.004,0.005,0.004,0.004,0.004,,,,,,,,,,,,0.003,0.054,0.071,0.08,0.097,0.094,0.105,0.103,0.107,0.079,0.054,0.061,0.048,0.003,0.004,0.004,0.003,0.005,0.004,0.004,0.005,0.005,0.004,0.006,0.004,0.005,0.004,0.004,0.005,0.005,0.004,0.004,0.004,0.005,0.005,0.003,0.005,0.004,0.005,0.003,0.005,0.004,0.004,0.004,0.005,0.005,0.005,0.003,0.005,0.109,0.112,0.156,0.168,0.195,0.179,0.193,0.191,0.205,0.177,0.215,0.221,0.174,0.149,0.166,0.127,0.004,0.004,0.004,0.005,0.005,0.005,0.005,0.004,KOL-90000004
2020-01-19,0.005,0.003,0.003,0.004,0.004,0.003,0.005,0.005,0.003,0.004,0.005,0.003,0.004,0.005,0.005,0.004,0.005,0.004,0.004,0.003,0.004,0.005,0.006,0.003,0.075,0.071,0.068,0.082,0.088,0.087,0.115,0.084,0.086,0.083,0.075,0.056,0.004,0.004,0.004,0.005,0.005,0.005,0.005,0.005,0.005,0.004,0.005,0.004,0.005,0.006,0.004,0.005,0.006,0.005,0.005,0.004,0.005,0.005,0.003,0.004,0.006,0.004,0.005,0.005,0.005,0.005,0.004,0.005,0.005,0.005,0.004,0.006,0.095,0.134,0.133,0.18,0.177,0.202,0.193,0.184,0.212,0.205,0.205,0.203,0.174,0.168,0.136,0.136,0.003,0.004,0.003,0.004,0.004,0.005,0.004,0.005,KOL-90000004
2020-01-20,0.004,0.004,0.005,0.005,0.003,0.006,0.005,0.003,0.005,0.004,0.004,0.004,0.006,0.005,0.005,0.005,0.004,0.004,0.004,0.005,0.004,0.003,0.004,0.006,0.035,0.067,0.064,0.06,0.084,0.076,0.098,0.079,0.091,0.091,0.063,0.074,0.005,0.004,0.003,0.004,0.003,0.006,0.005,0.005,0.005,0.004,0.004,0.004,0.004,0.004,0.006,0.006,0.005,0.003,0.005,0.005,0.003,0.005,0.005,0.005,0.004,,,,,,,,,,0.005,0.003,0.134,0.13,0.168,0.187,0.194,0.151,0.189,0.212,0.225,0.204,0.196,0.199,0.174,0.204,0.141,0.123,0.005,0.004,0.003,0.005,0.005,0.005,0.005,0.004,KOL-90000004
2020-01-21,0.004,0.005,0.005,0.006,0.004,0.003,0.004,0.004,0.005,0.004,0.004,0.003,0.004,0.005,0.004,0.005,0.004,0.004,0.004,0.004,0.004,0.004,0.003,0.006,0.053,0.055,0.076,0.079,0.09,0.092,0.102,0.096,0.093,0.09,0.076,0.064,0.004,0.005,0.005,0.005,0.004,0.004,0.004,0.004,0.004,0.005,0.004,0.005,0.004,0.004,0.005,0.005,0.006,0.003,0.004,0.005,0.005,0.004,0.004,0.006,0.005,0.005,0.004,0.005,0.004,0.004,0.004,0.005,0.005,0.005,0.005,0.005,0.121,0.154,0.165,0.185,0.169,0.188,0.184,0.193,0.204,0.233,0.211,0.19,0.195,0.161,0.185,0.144,0.003,0.004,0.004,0.005,0.004,0.005,0.004,0.004,KOL-90000004
2020-01-22,0.002,0.006,0.005,0.005,0.003,0.004,0.004,0.006,0.004,0.006,0.005,0.004,0.004,0.004,0.005,0.006,0.004,0.005,0.005,0.005,0.005,0.004,0.003,0.004,0.043,0.068,0.07,0.08,0.099,0.09,0.109,0.097,0.097,0.099,0.081,0.068,0.005,0.003,0.005,0.003,0.004,0.004,0.005,0.003,0.005,0.006,0.005,0.006,0.004,0.005,0.003,0.005,0.005,0.005,0.005,0.006,0.004,0.005,0.005,0.004,0.004,0.005,0.005,0.005,0.005,0.003,0.005,0.004,0.004,0.003,0.004,0.007,0.119,0.136,0.153,0.168,0.21,0.169,0.19,0.233,0.208,0.211,0.201,0.157,0.164,0.189,0.138,0.134,0.005,0.006,0.006,0.006,0.004,0.005,0.003,0.005,KOL-90000004
2020-01-23,0.006,0.004,0.005,0.003,0.005,0.005,0.005,0.004,0.004,0.004,0.003,0.005,0.004,0.005,0.005,0.004,0.003,0.003,0.005,0.003,0.004,0.003,0.005,0.004,0.055,0.081,0.065,0.074,0.087,0.098,0.093,0.09,0.083,0.066,0.08,0.077,0.004,0.006,0.005,0.005,0.003,0.005,0.004,0.005,0.005,0.004,0.005,0.005,0.005,0.005,0.003,0.005,0.005,0.005,0.004,0.004,0.004,0.005,0.003,0.007,0.003,0.004,0.005,0.005,0.004,0.005,0.005,0.005,0.006,0.006,0.005,0.005,0.131,0.165,0.157,0.181,0.155,0.222,0.201,0.208,0.186,0.214,0.197,0.178,0.191,0.159,0.153,0.141,0.007,0.004,0.005,0.006,0.004,0.005,0.005,0.004,KOL-90000004
2020-01-24,0.004,0.004,0.002,0.004,0.005,0.005,0.005,0.005,0.005,0.006,0.006,0.006,0.004,0.005,0.003,0.005,0.005,0.004,0.004,0.004,0.005,,,,,,,,,,0.1,0.094,0.077,0.076,0.069,0.08,0.005,0.004,0.004,0.006,0.005,0.003,0.004,0.003,0.004,0.004,0.004,0.004,0.005,0.005,0.005,0.004,0.001,0.005,0.005,0.005,0.004,0.005,0.005,0.005,0.005,0.005,0.004,0.005,0.005,0.004,0.006,0.004,0.005,0.005,0.004,0.005,0.097,0.16,0.167,0.182,0.171,0.21,0.218,0.204,0.19,0.208,0.172,0.208,0.195,0.182,0.131,0.152,0.004,0.005,0.004,0.004,0.004,0.005,0.005,0.005,KOL-90000004
2020-01-25,0.004,0.004,0.004,0.005,0.005,0.005,0.005,0.003,0.005,0.004,0.004,0.005,0.005,0.004,0.004,0.004,0.004,0.003,0.004,0.003,0.004,0.003,0.005,0.005,0.061,0.08,0.071,0.066,0.095,0.088,0.085,0.102,0.097,0.069,0.071,0.087,0.005,0.003,0.005,0.004,0.005,0.006,0.004,,,,,,,,,,,,,,0.003,0.005,0.005,0.003,0.004,0.005,0.005,0.005,0.005,0.006,0.002,0.006,0.003,0.004,0.003,0.004,0.128,0.144,0.144,0.153,0.195,0.192,0.198,0.179,0.19,0.206,0.219,0.193,0.203,0.187,0.154,0.154,0.004,0.005,0.004,0.005,0.006,0.004,0.005,0.003,KOL-90000004
2020-01-26,0.004,0.006,0.004,0.004,0.004,0.005,0.005,0.004,0.004,0.004,0.005,0.005,0.004,0.004,0.005,0.003,0.004,0.005,0.003,0.004,0.004,0.005,0.006,0.003,0.063,0.048,0.104,0.096,0.083,0.083,0.088,0.099,0.087,0.082,0.069,0.079,0.004,,,,,,,,,,,,,0.005,0.005,0.004,0.005,0.005,0.005,0.005,0.005,0.005,0.003,0.004,0.005,0.005,0.005,0.006,0.004,0.003,0.006,0.005,0.005,0.004,0.004,0.005,0.122,0.114,0.12,0.154,0.175,0.144,0.211,0.198,0.206,0.191,0.229,0.228,0.207,0.178,0.138,0.176,0.005,0.005,0.004,0.005,0.004,0.004,0.004,0.005,KOL-90000004
2020-01-27,0.005,0.004,0.004,0.005,0.004,0.005,0.005,0.003,0.004,0.005,0.004,0.005,0.004,0.004,0.004,0.004,0.003,0.005,0.006,0.005,0.003,0.004,0.004,0.004,0.055,0.056,0.067,0.081,0.086,0.09,0.09,0.1,0.076,0.079,0.089,0.076,0.005,0.005,0.004,0.004,0.005,0.004,0.004,0.002,0.004,0.005,0.003,0.006,0.005,0.004,0.007,0.004,0.005,0.004,0.003,0.004,0.004,0.006,0.005,0.005,0.005,0.004,0.005,0.005,0.005,0.004,0.005,0.005,0.004,0.005,0.004,0.006,0.129,0.138,0.157,0.177,0.2,0.202,0.181,0.205,0.212,0.203,0.187,0.16,0.174,0.187,0.158,0.161,0.004,0.005,0.004,0.005,0.004,0.005,0.003,0.004,KOL-90000004
2020-01-28,0.005,0.004,0.004,0.004,0.004,0.006,0.005,0.005,0.004,0.005,0.006,0.005,0.006,0.005,0.003,0.004,0.005,0.003,0.004,0.003,0.006,0.003,0.004,0.004,0.044,0.054,0.081,0.083,0.098,0.093,0.103,0.106,0.08,0.082,0.066,0.085,0.005,0.004,0.005,0.004,0.004,0.005,0.005,0.003,0.004,0.005,0.004,0.004,0.005,0.005,0.005,0.004,0.004,0.006,0.005,0.005,0.005,0.004,0.005,0.004,0.004,0.004,0.003,0.005,0.004,0.005,0.005,0.005,0.006,0.005,0.004,0.005,0.141,0.121,0.155,0.181,0.18,0.188,0.217,0.209,0.194,0.204,0.202,0.21,0.169,0.156,0.158,0.15,0.006,0.005,0.006,0.006,0.005,0.004,0.004,0.005,KOL-90000004
2020-01-29,0.003,0.005,0.005,0.005,0.005,0.003,0.005,0.003,0.004,0.004,0.004,0.005,0.003,0.005,0.004,0.004,0.003,0.004,0.005,0.005,0.005,0.005,0.005,0.004,0.039,0.057,0.079,0.086,0.1,0.084,0.095,0.105,0.097,0.078,0.074,0.071,0.004,0.004,0.004,0.005,0.003,0.004,0.005,0.006,0.005,0.004,0.005,0.005,0.005,0.004,0.002,0.005,0.007,0.004,0.005,0.005,0.004,0.004,0.005,0.006,0.006,0.005,0.004,0.004,0.004,0.006,0.005,0.005,0.005,0.004,0.006,0.003,0.117,0.126,0.158,0.154,0.192,0.183,0.186,0.201,0.221,0.202,0.196,0.176,0.189,0.14,0.129,0.118,0.004,0.005,0.005,0.006,0.003,0.004,0.004,0.004,KOL-90000004
2020-01-30,0.006,0.004,0.005,0.005,0.005,0.004,0.004,0.005,0.004,0.004,0.004,0.005,0.003,0.006,0.003,0.003,0.004,0.004,0.006,0.004,0.005,0.005,0.006,0.004,0.068,0.06,0.076,0.102,0.071,0.083,0.109,0.101,0.083,0.102,0.069,0.064,0.005,0.004,0.005,0.004,0.005,0.003,0.005,0.004,0.004,0.006,0.004,0.005,0.005,0.005,0.005,0.003,0.004,0.003,0.006,0.006,0.004,0.005,0.004,0.003,0.003,0.003,0.003,0.003,0.004,0.004,0.003,0.005,0.004,0.005,0.004,0.005,0.135,0.135,0.151,0.162,0.199,0.156,0.207,0.184,0.204,0.214,0.2,0.176,0.197,0.171,0.125,0.149,0.006,0.004,0.003,0.005,0.004,0.002,0.005,0.004,KOL-90000004
2020-01-31,0.005,0.004,0.004,0.004,0.006,0.004,0.005,0.005,0.004,0.005,0.004,0.006,0.004,0.005,0.006,0.003,0.006,0.005,0.005,0.005,0.005,0.004,0.005,0.005,0.065,0.07,0.072,0.084,0.078,0.101,0.1,0.089,0.075,0.092,0.073,0.065,0.005,0.004,0.005,0.004,0.004,0.004,0.005,0.004,0.005,0.004,0.004,0.005,0.005,0.004,0.005,0.004,0.005,0.005,0.005,0.005,0.004,0.003,0.004,0.005,0.005,0.003,0.004,0.004,0.003,0.004,0.005,0.004,0.005,0.005,0.005,0.005,0.115,0.145,0.127,0.205,0.196,0.221,0.163,0.193,0.185,0.196,0.209,0.186,0.195,0.156,0.144,0.126,0.003,0.005,0.005,0.005,0.005,0.004,0.005,0.005,KOL-90000004
2020-02-01,0.004,0.004,0.004,0.003,0.004,0.004,0.005,0.004,0.004,0.003,0.005,0.003,0.003,0.005,0.005,0.004,0.004,0.004,0.003,0.005,0.004,0.004,0.006,0.007,0.058,0.058,0.052,0.08,0.106,0.09,0.092,0.106,0.087,0.072,0.074,0.067,0.005,0.005,0.004,0.005,0.003,0.003,0.005,0.005,0.005,0.004,0.004,0.005,0.004,0.004,0.004,0.006,0.004,0.006,0.003,0.006,0.005,0.006,0.004,0.004,0.005,0.004,0.005,0.004,0.004,0.004,0.005,0.004,0.004,0.005,0.005,0.005,0.138,0.135,0.178,0.194,0.18,0.192,0.231,0.206,0.212,0.193,0.219,0.217,0.185,0.149,0.134,0.146,0.004,0.004,0.005,0.004,0.006,0.006,0.005,0.004,KOL-90000004
2020-02-02,0.004,0.004,0.005,0.005,0.005,0.005,0.004,0.004,0.005,0.005,0.003,0.004,0.006,0.005,0.005,0.005,0.005,0.006,0.003,0.004,0.004,0.004,0.003,0.004,0.057,0.062,0.072,0.086,0.085,0.092,0.094,0.096,0.081,0.086,0.06,0.052,0.005,0.006,0.005,0.003,0.005,0.005,0.005,0.005,0.004,0.004,0.004,0.005,0.004,0.005,0.005,0.006,0.005,0.004,0.005,0.003,0.005,0.004,0.003,0.004,0.004,0.005,0.005,0.004,0.005,0.005,0.004,0.004,0.004,0.005,0.004,0.005,0.144,0.145,0.149,0.147,0.17,0.202,0.206,0.175,0.188,0.198,0.205,0.178,0.184,0.182,0.147,0.138,0.005,0.005,0.005,0.005,0.005,0.005,0.005,0.005,KOL-90000004
2020-02-03,0.004,0.004,0.004,0.004,0.005,0.003,0.003,0.004,0.007,0.004,0.004,0.003,0.002,0.005,0.003,0.006,0.004,0.005,0.005,0.004,0.005,0.005,0.004,0.005,0.054,0.071,0.064,0.092,0.085,0.102,0.115,0.105,0.077,0.066,0.09,0.058,0.004,0.005,0.006,0.003,0.004,0.005,0.005,0.005,0.006,0.005,0.005,0.005,0.004,0.004,0.004,0.003,0.005,0.004,0.005,0.003,0.006,0.005,0.005,0.005,0.005,0.005,0.005,0.005,0.005,0.004,0.005,0.004,0.005,0.003,0.006,0.003,0.116,0.107,0.183,0.196,0.158,0.19,0.177,0.177,0.206,0.207,0.203,0.218,0.183,0.179,0.152,0.141,0.004,0.004,0.004,0.004,0.004,0.004,0.003,0.004,KOL-90000004
2020-02-04,0.004,0.004,0.005,0.004,0.005,0.005,0.006,0.006,0.004,0.005,0.006,0.004,0.004,0.003,0.005,0.004,0.003,0.004,0.002,0.004,0.005,0.005,0.005,0.004,0.057,0.068,0.069,0.097,0.101,0.114,0.101,0.08,0.106,0.082,0.097,0.048,0.004,0.004,0.004,0.003,0.004,0.004,0.003,0.005,0.004,0.004,0.003,0.004,0.006,0.004,0.005,0.004,0.004,0.005,0.004,0.003,0.004,0.005,0.003,0.005,0.004,0.004,0.004,0.005,0.005,0.005,0.006,0.004,0.005,0.004,0.006,0.004,0.115,0.139,0.151,0.156,0.177,0.17,0.173,0.199,0.212,0.194,0.187,0.221,0.209,0.192,0.16,0.111,0.004,0.004,0.004,0.003,0.004,0.004,0.004,0.003,KOL-90000004
2020-02-05,0.004,0.005,0.004,0.004,0.004,0.004,0.005,0.004,0.003,0.005,0.006,0.005,0.004,0.003,0.004,0.005,0.005,0.005,0.005,0.005,0.004,0.005,0.005,0.006,0.05,0.078,0.068,0.086,0.103,0.079,0.106,0.095,0.093,0.089,0.084,0.062,0.004,0.004,0.004,0.005,0.004,0.005,0.004,0.006,0.004,0.004,0.005,0.005,0.005,0.004,0.005,0.004,0.004,0.004,0.004,0.004,0.005,0.006,0.004,0.006,0.005,0.003,0.006,0.005,0.005,0.005,0.004,0.005,0.005,0.005,0.005,0.005,0.136,0.135,0.139,0.189,0.183,0.204,0.211,0.207,0.207,0.189,0.186,0.195,0.163,0.153,0.17,0.145,0.004,0.005,0.005,0.006,0.004,0.004,0.005,0.004,KOL-90000004
2020-02-06,0.005,0.004,0.006,0.004,0.005,0.005,0.005,0.003,0.007,0.006,0.005,0.003,0.004,0.004,0.006,0.003,0.004,0.005,0.004,0.003,0.005,0.005,0.005,0.005,0.061,0.06,0.077,0.085,0.081,0.11,0.1,0.098,0.094,0.076,0.088,0.066,0.005,0.004,0.005,0.004,0.004,0.004,0.003,0.005,0.003,0.005,0.004,0.006,0.004,0.004,0.004,0.004,0.004,0.003,0.005,0.005,0.004,0.002,0.004,0.005,0.004,0.004,0.005,0.005,0.005,0.005,0.004,0.004,0.005,0.005,0.004,0.005,0.117,0.139,0.167,0.159,0.178,0.211,0.196,0.199,0.225,0.221,0.193,0.204,0.17,0.188,0.124,0.157,0.004,0.004,0.005,0.005,0.003,0.004,0.005,0.003,KOL-90000004
2020-02-07,0.005,0.004,0.006,0.006,0.004,0.005,0.004,0.004,0.004,0.004,0.005,0.004,0.003,0.005,0.005,0.005,0.005,0.004,0.006,0.005,0.004,0.006,0.003,0.004,0.05,0.069,0.069,0.085,0.084,0.094,0.085,0.102,0.091,0.08,0.074,0.062,0.005,0.005,0.004,0.004,0.006,0.004,0.006,0.004,0.004,0.006,0.005,0.005,0.005,0.004,0.005,0.003,0.005,0.004,0.005,0.005,0.003,0.005,0.004,0.004,0.005,0.005,0.004,0.006,0.005,0.004,0.004,0.004,0.005,0.005,0.006,0.005,0.131,0.141,0.148,0.173,0.18,0.194,0.198,0.207,0.22,0.203,0.197,0.177,0.172,0.138,0.175,0.145,0.005,0.006,0.004,0.003,0.005,0.004,0.004,0.003,KOL-90000004
2020-02-08,0.004,0.004,0.005,0.005,0.003,0.004,0.004,0.003,0.006,0.005,0.005,0.005,0.004,0.004,0.005,0.003,0.004,0.005,0.004,0.005,0.005,0.004,0.005,0.004,0.061,0.06,0.073,0.082,0.085,0.086,0.099,0.104,0.09,0.079,0.079,0.075,0.004,0.005,0.003,0.003,0.005,0.004,0.005,0.006,0.006,0.005,0.004,0.004,0.005,0.004,0.005,0.004,0.005,0.006,0.005,0.004,0.006,0.004,0.005,0.005,0.003,0.006,0.005,0.005,0.005,0.004,0.005,0.004,0.004,0.003,0.005,0.004,0.109,0.135,0.162,0.14,0.194,0.199,0.188,0.177,0.197,0.212,0.212,0.188,0.16,0.181,0.17,0.132,0.005,0.004,0.004,0.004,0.004,0.003,0.004,0.005,KOL-90000004
2020-02-09,0.005,0.004,0.003,0.004,0.003,0.005,0.005,0.005,0.005,0.006,0.005,0.004,0.004,0.004,0.006,0.004,0.005,0.005,0.004,0.006,0.004,0.003,0.005,0.004,0.065,0.063,0.094,0.08,0.097,0.105,0.084,0.092,0.096,0.086,0.092,0.062,0.004,0.004,0.004,0.005,0.005,0.005,0.004,0.004,0.003,0.004,0.005,0.005,0.005,0.004,0.005,0.004,0.005,0.005,0.006,0.003,0.004,0.004,0.005,0.005,0.004,0.006,0.005,0.006,0.005,0.003,0.005,0.004,0.004,0.005,0.004,0.006,0.124,0.13,0.164,0.151,0.17,0.2,0.2,0.172,0.187,0.188,0.179,0.169,0.19,0.161,0.143,0.144,0.003,0.005,0.004,0.003,0.006,0.005,0.005,0.004,KOL-90000004
2020-02-10,0.004,0.005,0.004,0.005,0.005,0.005,0.004,0.004,0.005,0.005,0.004,0.006,0.005,0.005,0.005,0.005,0.005,0.006,0.004,0.004,0.005,0.004,0.006,0.006,0.052,0.073,0.071,0.068,0.097,0.098,0.08,0.095,0.08,0.097,0.066,0.068,0.004,0.005,0.004,0.005,0.004,0.005,0.005,0.005,0.005,0.004,0.005,0.005,0.005,0.004,0.005,0.005,0.004,0.004,0.003,0.006,0.004,0.003,0.004,0.004,0.005,0.005,0.005,0.006,0.004,0.004,0.004,0.004,0.004,0.003,0.004,0.004,0.105,0.173,0.173,0.152,0.181,0.173,0.191,0.213,0.179,0.184,0.206,0.199,0.192,0.184,0.126,0.152,0.006,0.005,0.004,0.006,0.005,0.005,0.004,0.004,KOL-90000004
2020-02-11,0.005,0.006,0.005,0.004,0.004,0.005,0.005,0.004,0.006,0.005,0.004,0.005,0.004,0.004,0.004,0.005,0.006,0.003,0.004,0.005,0.005,0.005,0.004,0.006,0.046,0.061,0.07,0.082,0.098,0.096,0.108,0.097,0.073,0.092,0.086,0.071,0.003,0.003,0.005,0.006,0.005,0.004,0.005,0.004,0.003,0.005,0.004,0.004,0.004,0.004,0.004,0.004,0.004,0.003,0.005,0.004,0.005,0.003,0.004,0.004,0.005,0.004,0.004,0.005,0.005,0.002,0.005,0.003,0.005,0.004,0.005,0.003,0.131,0.115,0.14,0.167,0.179,0.194,0.197,0.205,0.19,0.212,0.219,0.2,0.199,0.171,0.146,0.13,0.004,0.005,0.004,0.005,0.004,0.004,0.003,0.005,KOL-90000004
2020-02-12,0.005,0.005,0.005,0.005,0.004,0.005,0.005,0.004,0.004,0.006,0.005,0.004,0.005,0.006,0.005,0.004,0.005,0.006,0.004,0.005,0.005,0.005,0.005,0.003,0.033,0.078,0.079,0.078,0.088,0.092,0.115,0.096,0.089,0.069,0.079,0.074,0.003,0.004,0.003,0.006,0.004,0.005,0.007,0.006,0.005,0.004,0.003,0.005,0.004,0.005,0.005,0.006,0.005,0.005,0.005,0.005,0.005,0.005,0.005,0.004,0.006,0.003,0.004,0.004,0.005,0.005,0.004,0.004,0.004,0.003,0.005,0.006,0.114,0.124,0.174,0.166,0.187,0.178,0.161,0.211,0.217,0.214,0.194,0.178,0.203,0.169,0.177,0.141,0.004,0.006,0.005,0.003,0.005,0.004,0.006,0.005,KOL-90000004
2020-02-13,0.003,0.005,0.004,0.005,0.005,0.006,0.006,0.005,0.004,0.006,0.005,0.006,0.005,0.005,0.006,0.005,0.005,0.004,0.003,0.005,0.004,0.004,0.004,0.005,0.049,0.072,0.068,0.077,0.079,0.098,0.114,0.081,0.086,0.09,0.07,0.071,0.004,0.005,0.005,0.004,0.003,0.005,0.005,0.004,0.005,0.006,0.004,0.006,0.004,0.005,0.004,0.003,0.005,0.005,0.005,0.003,0.004,0.004,0.004,0.005,0.004,0.004,0.004,0.002,0.006,0.004,0.004,0.005,0.004,0.004,0.005,0.006,0.134,0.145,0.172,0.138,0.19,0.177,0.201,0.189,0.175,0.211,0.193,0.202,0.187,0.181,0.142,0.136,0.005,0.005,0.004,0.004,0.005,0.004,0.006,0.006,KOL-90000004
2020-02-14,0.005,0.006,0.005,0.005,0.004,0.004,0.004,0.004,0.005,0.004,0.004,0.005,0.005,0.005,0.004,0.003,0.005,0.003,0.005,0.004,0.004,0.004,0.004,0.003,0.063,0.064,0.065,0.08,0.081,0.101,0.094,0.106,0.074,0.084,0.08,0.077,0.004,0.005,0.006,0.003,0.005,0.005,0.006,0.004,0.005,0.005,0.003,0.005,0.005,0.003,0.004,0.004,0.004,0.004,0.005,0.003,0.004,0.004,0.004,0.005,0.004,0.005,0.004,0.003,0.005,0.003,0.004,0.005,0.006,0.004,0.004,0.005,0.117,0.168,0.173,0.156,0.174,0.186,0.171,0.206,0.212,0.217,0.184,0.213,0.18,0.172,0.139,0.144,0.004,0.005,0.004,0.006,0.004,0.006,0.004,0.003,KOL-90000004
2020-02-15,0.004,0.005,0.004,0.004,0.004,0.005,0.006,0.004,0.004,0.004,0.005,0.005,0.004,0.004,0.004,0.006,0.004,0.005,0.004,0.004,0.004,0.005,0.006,0.004,0.062,0.056,0.062,0.101,0.094,0.095,0.105,0.101,0.101,0.089,0.068,0.055,0.005,0.004,0.005,0.004,0.004,0.003,0.005,0.005,0.006,0.004,0.004,0.005,0.004,0.004,0.004,0.004,0.005,0.005,0.004,0.004,0.004,0.005,0.004,0.005,0.004,0.006,0.004,0.005,0.004,0.005,0.005,0.005,0.004,0.006,0.004,0.004,0.133,0.183,0.159,0.144,0.189,0.187,0.202,0.195,0.203,0.22,0.207,0.2,0.214,0.181,0.175,0.151,0.004,0.005,0.005,0.004,0.005,0.005,0.004,0.005,KOL-90000004
2020-02-16,0.004,0.005,0.004,0.004,0.005,0.005,0.004,0.005,0.004,0.004,0.005,0.006,0.004,0.005,0.005,0.004,0.005,0.006,0.003,0.004,0.004,0.004,0.003,0.005,0.046,0.062,0.085,0.075,0.093,0.091,0.085,0.085,0.095,0.084,0.098,0.066,0.005,0.006,0.005,0.005,0.005,0.005,0.004,0.004,0.005,0.004,0.006,0.005,0.004,0.005,0.004,0.004,0.005,0.005,0.006,0.004,0.005,0.004,0.004,0.005,0.006,0.006,0.006,0.005,0.004,0.005,0.003,0.004,0.006,0.004,0.004,0.004,0.115,0.14,0.162,0.166,0.193,0.2,0.191,0.174,0.211,0.208,0.209,0.165,0.186,0.181,0.183,0.147,0.004,0.003,0.006,0.003,0.003,0.005,0.004,0.004,KOL-90000004
2020-02-17,0.004,0.004,0.004,0.005,0.005,0.004,0.005,0.004,0.004,0.007,0.004,0.004,0.004,0.004,0.003,0.005,0.005,0.007,0.005,0.004,0.005,0.005,0.005,0.005,0.077,0.069,0.067,0.093,0.109,0.106,0.104,0.094,0.102,0.088,0.073,0.08,0.004,0.004,0.004,0.005,0.004,0.004,0.005,0.006,0.006,0.005,0.006,0.006,0.004,0.003,0.003,0.003,0.005,0.005,0.005,0.005,0.004,0.005,0.004,0.005,0.003,0.005,0.005,0.006,0.006,0.005,0.005,0.004,0.005,0.005,0.004,0.004,0.105,0.127,0.159,0.174,0.207,0.175,0.217,0.17,0.198,0.199,0.216,0.165,0.149,0.161,0.161,0.13,0.006,0.005,0.004,0.004,0.005,0.006,0.005,0.006,KOL-90000004
2020-02-18,0.004,0.004,0.004,0.004,0.004,0.005,0.005,0.005,0.005,0.004,0.004,0.006,0.005,0.005,0.005,0.005,0.006,0.005,0.004,0.005,0.005,0.005,0.004,0.004,0.033,0.07,0.061,0.082,0.079,0.084,0.09,0.104,0.102,0.064,0.087,0.053,0.006,0.005,0.005,0.005,0.005,0.003,0.005,0.005,0.003,0.003,0.004,0.004,0.005,0.003,0.005,0.006,0.004,0.004,0.005,0.005,0.004,0.004,0.004,0.005,0.004,0.005,0.003,0.004,0.003,0.003,0.005,0.004,0.006,0.005,0.004,0.005,0.11,0.138,0.18,0.162,0.193,0.197,0.158,0.187,0.204,0.177,0.183,0.203,0.193,0.182,0.144,0.127,0.004,0.006,0.005,0.003,0.005,0.005,0.005,0.004,KOL-90000004
2020-02-19,0.004,0.004,0.005,0.005,0.004,,,,,,,,0.004,0.004,0.005,0.005,0.004,0.003,0.006,0.004,0.006,0.003,0.007,0.005,0.061,0.047,0.086,0.102,0.082,0.08,0.095,0.093,0.089,0.083,0.097,0.061,0.003,0.004,0.006,0.005,0.004,0.004,0.005,0.005,0.007,0.004,0.004,0.003,0.004,0.005,0.005,0.004,0.003,0.005,0.004,0.005,0.003,0.005,0.003,0.004,0.004,0.005,0.004,0.004,0.005,0.004,0.004,0.005,0.005,0.005,0.004,0.005,0.141,0.137,0.161,0.18,0.171,0.197,0.202,0.198,0.221,0.227,0.163,0.186,0.179,0.182,0.164,0.148,0.004,0.005,0.003,0.004,0.004,0.005,0.005,0.005,KOL-90000004
2020-02-20,0.004,0.004,0.005,0.005,0.004,0.002,0.006,0.004,0.005,0.004,0.004,0.005,0.007,0.004,0.004,0.004,0.006,0.005,0.005,0.005,0.006,0.004,0.004,0.003,0.05,0.068,0.067,0.086,0.097,0.097,0.079,0.099,0.092,0.09,0.073,0.07,0.004,0.005,0.005,0.005,0.005,0.004,0.004,0.005,0.004,0.004,0.004,0.005,0.005,0.004,0.006,0.005,0.005,0.005,0.004,0.004,0.004,0.004,0.003,0.005,0.004,0.004,0.005,0.006,0.005,0.005,0.004,0.005,0.004,0.003,0.005,0.004,0.106,0.136,0.15,0.168,0.189,0.169,0.186,0.219,0.181,0.181,0.183,0.21,0.183,0.165,0.146,0.144,0.006,0.004,0.003,0.004,0.005,0.005,0.004,0.005,KOL-90000004
2020-02-21,0.005,0.005,0.004,0.005,0.003,0.004,0.005,0.004,0.004,0.004,0.003,0.006,0.006,0.005,0.007,0.005,0.003,0.005,0.004,0.004,0.004,0.006,0.005,0.006,0.067,0.075,0.07,0.09,0.089,0.087,0.085,0.082,0.088,0.074,0.075,0.058,,,0.006,0.005,0.005,0.005,0.006,0.005,0.005,0.005,0.004,0.005,0.005,0.003,0.005,0.005,0.004,0.003,0.004,0.005,0.004,0.004,0.005,0.004,0.006,0.005,0.004,0.004,0.004,0.005,0.005,0.004,0.004,0.005,0.004,0.005,0.141,0.146,0.188,0.18,0.19,0.156,0.191,0.197,0.2,0.215,0.179,0.2,0.189,0.2,0.165,0.172,0.004,0.005,0.005,0.003,0.005,0.004,0.005,0.005,KOL-90000004
2020-02-22,0.004,0.005,0.006,0.004,0.004,0.004,0.006,0.005,0.005,0.005,0.004,0.005,0.005,0.003,0.006,0.004,0.003,0.006,0.004,0.005,0.003,0.004,0.003,0.005,0.054,0.067,0.069,0.081,0.088,0.081,0.099,0.084,0.092,0.081,0.067,0.056,0.004,0.005,0.005,0.004,0.005,0.005,0.005,0.006,0.006,0.005,0.003,0.005,0.003,0.005,0.004,0.003,0.005,0.004,0.003,0.004,0.006,0.005,0.006,0.006,0.004,0.003,0.005,0.003,0.004,0.004,0.005,0.005,0.005,0.005,0.003,0.005,0.137,0.14,0.156,0.16,0.186,0.209,0.206,0.203,0.191,0.183,0.206,0.23,0.183,0.174,0.16,0.132,0.003,0.004,0.005,0.005,0.003,0.006,0.005,0.005,KOL-90000004
2020-02-23,0.004,0.005,0.005,0.006,0.005,0.005,0.005,0.005,0.004,0.006,0.004,0.004,0.004,0.004,0.003,0.004,0.006,0.004,0.004,0.004,0.004,0.005,0.005,0.005,0.057,0.062,0.101,0.089,0.083,0.093,0.111,0.085,0.087,0.065,0.067,0.065,0.004,0.004,0.005,0.004,0.005,0.003,0.005,0.004,0.005,0.005,0.004,0.005,0.005,0.004,0.004,0.005,0.004,0.004,0.005,0.005,0.004,0.006,0.005,0.005,0.004,0.003,0.006,0.006,0.005,0.008,0.004,0.004,0.005,0.004,0.005,0.005,0.127,0.163,0.15,0.174,0.177,0.183,0.21,0.173,0.229,0.184,0.207,0.183,0.194,0.153,0.166,0.148,0.005,0.005,0.005,0.003,0.005,0.005,0.005,0.005,KOL-90000004
2020-02-24,0.004,0.005,0.004,0.004,0.006,0.004,0.004,0.003,0.005,0.006,0.004,0.005,0.006,0.005,0.004,0.005,0.004,0.005,0.005,0.004,0.004,0.004,0.005,0.005,0.063,0.058,0.073,0.099,0.091,0.112,0.111,0.076,0.074,0.084,0.073,0.064,0.004,0.003,0.004,0.003,0.003,0.005,0.004,0.004,0.006,0.004,0.004,0.005,0.006,0.005,0.004,0.005,0.005,0.005,0.003,0.005,0.004,0.004,0.005,0.006,0.006,0.004,0.004,0.004,0.005,0.004,0.005,0.006,0.005,0.004,0.004,0.005,0.122,0.152,0.164,0.167,0.171,0.184,0.189,0.193,0.225,0.196,0.192,0.178,0.176,0.159,0.167,0.13,0.004,0.004,0.004,0.004,0.005,0.004,0.004,0.004,KOL-90000004
2020-02-25,0.004,0.003,0.003,0.003,0.005,0.005,0.005,0.004,0.006,0.005,0.004,0.004,0.005,0.005,0.005,0.003,0.003,0.005,0.005,0.005,0.005,0.004,0.003,0.005,0.048,0.065,0.078,0.1,0.099,0.087,0.114,0.089,0.104,0.087,0.071,0.069,0.003,0.004,0.004,0.005,0.005,0.005,,,0.006,0.004,0.005,0.004,0.003,0.004,0.004,0.004,0.004,0.005,0.004,0.004,0.003,0.004,0.004,0.004,0.003,0.004,0.004,0.004,0.004,0.005,0.004,0.005,0.004,0.005,0.006,0.005,0.13,0.123,0.163,0.153,0.189,0.213,0.199,0.192,0.199,0.201,0.173,0.194,0.152,0.188,0.151,0.123,0.004,0.004,0.004,0.004,0.004,0.004,0.005,0.005,KOL-90000004
2020-02-26,0.006,0.005,0.004,0.005,0.005,0.003,0.004,0.004,0.005,0.005,0.004,0.005,0.006,0.004,0.004,0.005,0.004,0.005,0.005,0.004,0.004,0.005,0.006,0.005,0.053,0.066,0.085,0.084,0.09,0.093,0.098,0.091,0.082,0.077,0.071,0.063,0.004,0.003,0.005,0.006,0.004,0.004,0.005,0.006,0.005,0.003,0.004,0.004,0.005,0.004,0.004,0.004,0.005,0.006,0.004,0.004,0.005,0.004,0.006,0.006,0.004,0.004,0.005,0.004,0.004,0.005,0.006,0.007,0.005,0.003,0.003,0.005,0.137,0.131,0.136,0.185,0.167,0.196,0.188,0.214,0.2,0.21,0.198,0.182,0.192,0.182,0.149,0.102,0.005,0.005,0.004,0.005,0.004,0.004,0.005,0.004,KOL-90000004
2020-02-27,0.006,0.004,0.003,0.004,0.004,0.004,0.004,0.004,0.006,0.006,0.005,0.005,0.004,0.004,0.005,0.003,0.004,0.004,0.005,0.004,0.005,0.003,0.006,0.004,0.047,0.045,0.076,0.087,0.084,0.088,0.094,0.092,0.077,0.082,0.068,0.065,0.005,0.005,0.005,0.006,0.005,0.004,0.005,0.005,0.004,0.004,0.005,0.004,0.004,0.006,0.004,0.005,0.004,0.004,0.005,0.006,0.004,0.004,0.004,0.004,0.004,0.005,0.003,0.004,0.004,0.004,0.004,0.003,0.003,0.004,0.005,0.004,0.126,0.132,0.184,0.178,0.195,0.18,0.192,0.184,0.214,0.193,0.176,0.188,0.178,0.131,0.164,0.152,0.004,0.004,0.005,0.005,0.005,0.005,0.006,0.005,KOL-90000004
2020-02-28,0.003,0.004,0.006,0.005,0.006,0.005,0.005,0.004,0.004,0.004,0.003,0.003,0.004,0.005,0.004,0.004,0.005,0.004,0.004,0.004,0.005,0.005,0.005,0.005,0.049,0.068,0.084,0.081,0.084,0.094,0.093,0.108,0.087,0.075,0.076,0.049,0.006,0.004,0.003,0.005,0.006,0.004,0.004,0.005,0.004,0.005,0.005,0.004,0.005,0.005,0.005,0.005,0.006,0.004,0.005,0.003,0.005,0.005,0.006,0.005,0.005,0.004,0.004,0.004,0.006,0.005,0.004,0.005,0.005,0.004,0.003,0.004,0.126,0.151,0.175,0.159,0.154,0.182,0.215,0.21,0.215,0.212,0.174,0.208,0.206,0.161,0.136,0.139,0.005,0.005,0.004,0.005,0.005,0.005,0.004,0.005,KOL-90000004
2020-02-29,0.004,0.006,0.004,0.005,0.005,0.006,0.005,0.005,0.004,0.004,0.005,0.005,0.005,0.004,0.004,0.004,0.005,0.004,0.006,0.005,0.004,0.005,0.004,0.003,0.062,0.072,0.097,0.082,0.083,0.083,0.1,0.095,0.082,0.08,0.075,0.052,0.005,0.004,0.003,0.004,0.005,0.005,0.004,0.003,0.005,0.006,0.004,0.004,0.004,0.005,0.004,0.007,0.005,0.005,0.005,0.006,0.005,0.003,0.003,0.005,0.005,0.005,0.004,0.004,0.005,0.005,0.004,0.005,0.006,0.004,0.004,0.005,0.118,0.155,0.166,0.19,0.159,0.187,0.196,0.21,0.19,0.202,0.179,0.176,0.168,0.17,0.167,0.125,0.004,0.004,0.005,0.004,0.003,0.004,0.005,0.004,KOL-90000004
2020-03-01,0.005,0.005,0.005,0.004,0.006,0.005,0.005,0.003,0.004,0.006,0.005,0.005,0.005,0.005,0.003,0.003,0.005,0.004,0.005,0.005,0.004,0.004,0.005,0.006,0.06,0.042,0.093,0.088,0.067,0.08,0.093,0.099,0.097,0.076,0.076,0.063,0.004,0.003,0.004,0.004,0.004,0.004,0.005,0.005,0.004,0.005,0.006,0.004,0.003,0.005,0.006,0.004,0.005,0.006,0.005,0.005,0.004,0.005,0.003,0.005,0.005,0.004,0.005,0.005,0.007,0.004,0.005,0.003,0.005,0.005,0.004,0.005,0.129,0.17,0.166,0.159,0.192,0.183,0.187,0.218,0.172,0.208,0.214,0.19,0.157,0.153,0.153,0.135,0.006,0.003,0.005,0.005,0.004,0.004,0.005,0.005,KOL-90000004
2020-03-02,0.004,0.004,0.004,0.004,0.005,0.005,0.005,0.004,0.003,0.005,0.003,0.004,0.005,0.004,0.004,0.005,0.004,0.005,0.005,0.004,0.005,0.005,0.005,0.003,0.053,0.074,0.077,0.068,0.077,0.085,0.111,0.084,0.06,0.087,0.102,0.06,0.005,0.004,0.004,0.005,0.004,0.006,0.005,0.003,0.005,0.005,0.004,0.004,0.005,0.005,0.004,0.005,0.004,0.004,0.003,0.005,0.006,0.004,0.003,0.004,0.006,0.006,0.005,0.004,0.004,0.004,0.003,0.005,0.005,0.004,0.005,0.005,0.124,0.146,0.158,0.167,0.176,0.195,0.2,0.186,0.194,0.206,0.189,0.21,0.172,0.168,0.135,0.131,0.004,0.006,0.004,0.005,0.006,0.006,0.005,0.005,KOL-90000004
2020-03-03,0.003,0.005,0.004,0.004,0.004,0.004,0.004,0.006,0.006,0.004,0.004,0.004,0.006,0.005,0.005,0.006,0.005,0.003,0.004,0.006,0.005,0.005,0.004,0.004,0.046,0.051,0.059,0.089,0.09,0.086,0.087,0.119,0.093,0.085,0.081,0.056,0.004,0.006,0.007,0.004,0.003,0.004,0.004,0.004,0.005,0.005,0.005,0.004,0.005,0.005,0.005,0.005,0.004,0.005,0.004,0.005,0.002,0.004,0.005,0.006,0.004,0.005,0.005,0.004,0.004,0.003,0.005,0.004,0.004,0.004,0.004,0.004,0.105,0.149,,,,,0.212,0.188,0.198,0.185,0.191,0.167,0.204,0.169,0.169,0.153,0.005,0.004,0.004,0.003,0.006,0.005,0.004,0.006,KOL-90000004
2020-03-04,0.005,0.005,0.005,0.004,0.004,0.004,0.005,0.005,0.005,0.005,0.004,0.003,0.005,0.004,0.005,0.005,0.005,0.004,0.005,0.003,0.003,0.005,0.005,0.005,0.056,0.031,0.073,0.069,0.081,0.088,0.116,0.083,0.089,0.085,0.074,0.065,0.006,0.003,0.004,0.004,0.003,0.004,0.004,0.003,0.005,0.004,0.004,0.005,0.005,0.006,0.005,0.005,0.004,0.005,0.004,0.004,0.005,0.005,0.005,0.005,0.003,0.004,0.003,0.004,0.004,0.005,0.005,0.004,0.006,0.004,0.006,0.005,0.122,0.144,0.137,0.163,0.15,0.194,0.193,0.194,0.2,0.198,0.199,0.182,0.161,0.162,0.173,0.128,0.005,0.003,0.004,0.004,0.005,0.005,0.005,0.005,KOL-90000004
2020-03-05,0.002,0.004,0.003,0.005,0.004,0.004,0.005,0.005,0.005,0.005,0.004,0.004,0.005,0.004,0.004,0.005,0.006,0.004,0.005,0.005,0.005,0.005,0.003,0.005,0.045,0.084,0.076,0.103,0.089,0.082,0.095,0.082,0.076,0.085,0.065,0.065,0.003,0.004,0.004,0.004,0.004,0.004,0.004,0.005,0.004,0.004,0.006,0.004,0.006,0.002,0.004,0.004,0.005,0.005,0.004,0.004,0.005,0.004,0.003,0.006,0.004,0.004,0.004,0.004,0.005,0.004,0.005,0.005,0.005,0.005,0.005,0.003,0.112,0.166,0.15,0.154,0.173,0.194,0.182,0.208,0.196,0.181,0.199,0.201,0.174,0.168,0.139,0.154,0.005,0.005,0.003,0.004,0.004,0.005,0.005,0.006,KOL-90000004
2020-03-06,0.005,0.004,0.004,0.004,0.004,0.003,0.006,0.003,0.004,0.005,0.005,0.004,0.005,0.005,0.003,0.004,0.004,0.004,0.004,0.004,0.004,0.006,0.003,0.003,0.06,0.063,0.076,0.112,0.079,0.089,0.095,0.094,0.081,0.075,0.09,0.055,0.004,0.004,0.005,0.004,0.003,0.003,0.004,0.006,0.005,0.004,0.005,0.005,0.004,0.004,0.005,0.006,0.006,0.005,0.003,0.005,0.003,0.007,0.004,0.006,0.004,0.004,0.006,0.007,0.004,0.004,0.005,0.004,0.004,0.006,0.005,0.005,0.114,0.137,0.149,0.142,0.155,0.191,0.195,0.221,0.208,0.205,0.195,0.188,0.178,0.134,0.181,0.143,0.005,0.005,0.004,0.004,0.004,0.005,0.005,0.006,KOL-90000004
2020-03-07,0.005,0.005,0.004,0.002,0.004,0.005,0.004,0.003,0.005,0.004,0.004,0.005,0.005,0.004,0.005,0.006,0.005,0.004,0.004,0.006,0.005,0.005,0.005,0.004,0.066,0.05,0.064,0.075,0.082,0.09,0.104,0.093,0.095,0.08,0.071,0.067,0.005,0.004,0.007,0.006,0.004,0.005,0.004,0.005,0.003,0.004,0.004,0.004,0.004,0.004,0.004,0.006,0.005,0.004,0.004,0.005,0.005,0.004,0.004,0.006,0.005,0.004,0.004,0.004,0.006,0.005,0.005,0.005,0.005,0.003,0.005,0.006,0.112,0.171,0.117,0.14,0.165,0.2,0.199,0.207,0.185,0.193,0.194,0.183,0.158,0.169,0.167,0.129,0.005,0.006,0.006,0.005,0.004,0.005,0.004,0.006,KOL-90000004
2020-03-08,0.004,0.004,0.006,0.006,0.004,0.004,0.004,0.004,0.006,0.005,0.004,0.004,0.005,0.006,0.003,0.003,0.003,0.004,0.003,0.004,0.005,0.004,0.006,0.005,0.053,0.075,0.049,0.089,0.081,0.107,0.109,0.112,0.077,0.081,0.072,0.071,0.005,0.005,0.005,0.003,0.004,0.004,0.003,0.004,0.003,0.005,0.003,0.005,0.004,0.004,0.005,0.004,0.005,0.006,0.004,0.005,0.004,0.004,0.005,0.005,0.004,0.005,0.005,0.006,0.005,0.004,0.006,0.003,0.006,0.004,0.005,0.005,0.121,0.136,0.164,0.174,0.182,0.184,0.168,0.2,0.211,0.184,0.211,0.188,0.166,0.162,0.178,0.111,0.005,0.004,0.004,0.005,0.004,0.004,0.004,0.005,KOL-90000004
2020-03-09,0.007,0.005,0.005,0.004,0.006,0.004,0.004,0.005,0.004,0.003,0.004,0.004,0.004,0.003,0.005,0.004,0.002,0.005,0.006,0.005,0.003,0.005,0.005,0.004,0.062,0.061,0.075,0.086,0.08,0.106,0.082,0.094,0.117,0.076,0.08,0.063,0.006,0.004,0.004,0.004,0.004,0.005,0.003,0.005,0.004,0.003,0.005,0.006,0.003,0.005,0.004,0.004,0.006,0.003,0.005,0.005,0.005,0.005,0.005,0.005,0.004,0.004,0.005,0.003,0.004,0.005,0.005,0.005,0.003,0.003,0.004,0.005,0.12,0.118,0.135,0.158,0.191,0.195,0.203,0.192,0.199,0.224,0.202,0.179,0.167,0.158,0.133,0.119,0.004,0.003,0.006,0.006,0.005,0.005,0.004,0.004,KOL-90000004
2020-03-10,0.004,0.004,0.006,0.003,0.005,0.004,0.004,0.006,0.004,0.004,0.004,0.003,0.005,0.005,0.004,0.005,0.004,0.004,0.005,0.004,0.004,0.004,0.004,0.005,0.069,0.074,0.09,0.084,0.092,0.087,0.105,0.099,0.104,0.097,0.066,0.08,0.005,0.004,0.003,0.002,0.004,0.004,0.007,0.004,0.006,0.005,0.005,0.005,0.003,0.005,0.006,0.005,0.005,0.004,0.003,0.004,0.005,0.005,0.005,0.005,0.005,0.005,0.003,0.005,0.005,0.004,0.003,0.005,0.004,0.003,0.004,0.005,0.143,0.138,0.151,0.152,0.184,0.198,0.205,0.202,0.207,0.156,0.207,0.192,0.179,0.153,0.156,0.135,0.004,0.004,0.005,0.004,0.005,0.005,0.005,0.004,KOL-90000004
2020-03-11,0.006,0.003,0.005,0.004,0.005,0.004,0.004,0.004,0.006,0.004,0.004,0.004,0.006,0.005,0.005,0.004,0.005,0.004,0.005,0.005,0.005,0.004,0.004,0.005,0.062,0.068,0.07,0.069,0.083,0.105,0.091,0.099,0.099,0.066,0.079,0.064,0.004,0.004,0.004,0.002,0.004,0.004,0.005,0.004,0.006,0.004,0.004,0.005,0.005,0.005,0.004,0.004,0.005,0.005,0.006,0.003,0.003,0.006,0.003,0.004,0.005,0.003,0.003,0.005,0.004,0.004,0.004,0.005,0.003,0.003,0.004,0.005,0.116,0.119,0.181,0.142,0.188,0.185,0.2,0.214,0.194,0.199,0.206,0.19,0.22,0.176,0.155,0.13,0.006,0.003,0.005,0.004,0.004,0.004,0.005,0.005,KOL-90000004
2020-03-12,0.004,0.003,0.005,0.004,0.005,0.004,0.005,0.006,0.005,0.005,0.004,0.004,0.005,0.005,0.004,0.006,0.005,0.005,0.005,0.004,0.004,0.006,0.005,0.005,0.056,0.058,0.071,0.078,0.093,0.101,0.1,0.091,0.1,0.067,0.079,0.049,0.004,0.004,0.003,0.005,0.003,0.005,0.005,0.004,0.005,0.005,0.004,0.004,0.004,0.006,0.004,0.005,0.004,0.005,0.005,0.005,0.004,0.006,0.005,0.005,0.005,0.005,0.005,0.005,0.004,0.004,0.004,0.005,0.004,0.006,0.005,0.005,0.106,0.112,0.155,0.163,0.185,0.159,0.196,0.189,0.222,0.185,0.168,0.173,0.19,0.155,0.151,0.152,0.004,0.004,0.004,0.006,0.004,0.004,0.004,0.004,KOL-90000004
2020-03-13,0.006,0.005,0.004,0.005,0.004,0.003,0.006,0.005,0.005,0.005,0.005,0.004,0.004,0.003,0.004,0.004,0.004,0.005,0.006,0.004,0.004,0.004,0.004,0.006,0.053,0.083,0.081,0.079,0.094,0.076,0.089,0.1,0.081,0.092,0.077,0.059,0.003,0.005,0.005,0.006,0.005,0.004,0.005,0.004,0.005,0.005,0.004,0.004,0.005,0.004,0.006,0.004,0.005,0.004,0.005,0.004,0.004,0.004,0.005,0.003,0.005,0.005,0.004,0.004,0.006,0.006,0.004,0.003,0.006,0.005,0.004,0.004,0.127,0.162,0.149,0.162,0.195,0.193,0.205,0.207,0.166,0.202,0.222,0.18,0.198,0.153,0.148,0.138,0.004,0.004,0.004,0.004,0.005,0.003,0.005,0.005,KOL-90000004
2020-03-14,0.006,0.003,0.005,0.005,0.004,0.004,0.005,0.005,0.005,0.005,0.005,0.005,0.003,0.005,0.005,0.003,0.005,0.005,0.005,0.004,0.005,0.004,0.004,0.005,0.041,0.069,0.076,0.077,0.07,0.083,0.087,0.072,0.085,0.095,0.084,0.055,0.004,0.005,0.003,0.004,0.005,0.003,0.004,0.004,0.004,0.004,0.005,0.003,0.004,0.004,0.005,0.005,0.004,0.003,0.005,0.005,0.005,0.006,0.004,0.004,0.004,0.004,0.004,0.003,0.004,0.004,0.003,0.004,0.004,0.004,0.005,0.004,0.121,0.157,0.161,0.174,0.21,0.193,0.21,0.22,0.215,0.215,0.202,0.183,0.193,0.143,0.172,0.134,0.004,0.003,0.003,0.004,0.005,0.005,0.005,0.005,KOL-90000004
2020-03-15,0.003,0.005,0.006,0.005,0.004,0.003,0.004,0.005,0.005,0.004,0.003,0.005,0.006,0.005,0.004,0.006,0.005,0.006,0.004,0.004,0.005,0.005,0.004,0.005,0.064,0.057,0.069,0.074,0.094,0.098,0.1,0.107,0.092,0.071,0.078,0.063,0.004,0.003,0.004,0.005,0.004,0.004,0.005,0.005,0.004,0.005,0.006,0.004,0.005,0.004,0.004,0.004,0.005,0.005,0.005,0.004,0.004,0.006,0.006,0.004,0.004,0.005,0.003,0.006,0.003,0.004,0.004,0.005,0.004,0.003,0.006,0.004,0.116,0.131,0.145,0.175,0.193,0.198,0.175,0.198,0.2,0.219,0.195,0.179,0.186,0.162,0.133,0.151,0.003,0.004,0.005,0.006,0.005,0.004,0.005,0.004,KOL-90000004
2020-03-16,0.003,0.006,0.005,0.005,0.005,0.004,0.004,0.005,0.002,0.004,0.004,0.005,0.004,0.005,0.004,0.004,0.004,0.003,0.005,0.004,0.004,0.005,0.004,0.003,0.059,0.054,0.089,0.094,0.097,0.079,0.105,0.087,0.095,0.067,0.086,0.054,0.005,0.004,0.006,0.004,0.004,0.005,0.004,0.006,0.005,0.005,0.005,0.005,0.005,0.004,0.005,0.004,0.001,0.004,0.004,0.006,0.005,0.004,0.004,0.004,0.003,0.005,0.004,0.005,0.003,0.005,0.005,0.004,0.006,0.004,0.004,0.005,0.148,0.153,0.165,0.159,0.208,0.189,0.192,0.208,0.2,0.169,0.208,0.179,0.181,0.18,0.162,0.149,0.004,0.005,0.006,0.005,0.005,0.004,0.004,0.004,KOL-90000004
2020-03-17,0.004,0.005,0.006,0.005,0.003,0.004,0.004,,,,,,,0.004,0.005,0.004,0.006,0.005,0.003,0.004,0.006,0.004,0.003,0.005,0.048,0.054,0.079,0.06,0.085,0.1,0.093,0.115,0.098,0.098,0.076,0.071,0.004,0.004,0.004,0.005,0.004,0.005,0.005,0.005,0.005,0.004,0.003,0.006,0.005,0.004,0.005,0.005,0.004,0.005,0.004,0.004,0.004,0.004,0.006,0.003,0.004,0.004,0.004,0.004,0.007,0.005,0.005,0.006,0.004,0.006,0.005,0.004,0.13,0.126,0.162,0.153,0.182,0.204,0.203,0.195,0.194,0.173,0.206,0.178,0.173,0.198,0.175,0.149,0.004,0.003,0.004,0.005,0.003,0.005,0.005,0.004,KOL-90000004
2020-03-18,0.005,0.005,0.005,0.003,0.005,0.005,0.005,0.005,0.005,0.006,0.005,0.006,0.004,0.004,0.005,0.005,0.006,0.004,0.004,0.004,0.005,0.003,0.005,0.005,0.056,0.079,0.073,0.088,0.079,0.101,0.098,0.093,0.08,0.069,0.074,0.081,0.004,0.005,0.004,0.003,0.004,0.005,0.004,0.005,0.003,0.003,0.004,0.004,0.005,0.005,0.005,0.005,0.005,0.005,0.003,0.007,0.004,0.005,0.006,0.006,0.005,0.003,0.004,0.003,0.004,0.004,0.003,0.005,0.005,0.005,0.004,0.005,0.121,0.13,0.153,0.154,0.161,0.193,0.209,0.205,0.218,0.195,0.213,0.209,0.167,0.172,0.125,0.144,0.004,0.006,0.005,0.004,0.005,0.006,0.006,0.003,KOL-90000004
2020-03-19,0.004,0.003,0.006,0.006,0.004,0.006,0.003,0.004,0.006,0.006,0.005,0.006,0.005,0.004,0.006,0.003,0.004,0.004,0.005,0.004,0.005,0.004,0.007,0.004,0.053,0.072,0.057,0.075,0.095,0.088,0.099,0.095,0.107,0.085,0.071,0.072,0.005,0.006,0.005,0.005,0.005,0.004,0.006,0.004,0.005,0.003,0.005,0.005,0.005,0.003,0.005,0.005,0.005,0.005,0.003,0.004,0.006,0.005,0.006,0.004,0.004,0.004,0.006,0.005,0.004,0.005,0.004,0.004,0.006,0.006,0.004,0.004,0.147,0.167,0.155,0.168,0.181,0.186,0.205,0.196,0.187,0.221,0.171,0.173,0.194,0.152,0.146,0.15,0.006,0.004,0.005,0.004,0.003,0.005,0.005,0.005,KOL-90000004
2020-03-20,0.006,0.005,0.005,0.004,0.005,0.004,0.004,0.004,0.004,0.004,0.004,0.005,0.004,0.005,0.003,0.005,0.004,0.005,0.004,0.005,0.005,0.004,0.004,0.004,0.056,0.068,0.089,0.082,0.101,0.07,0.058,0.086,0.098,0.073,0.054,0.059,0.006,0.004,0.004,0.005,0.006,0.004,0.004,0.004,0.003,0.004,0.004,0.004,0.005,0.003,0.006,0.006,0.005,0.005,0.005,0.004,0.005,0.005,0.005,0.005,0.006,0.004,0.004,0.002,0.005,0.004,0.003,0.005,0.005,0.006,0.005,0.004,0.128,0.126,0.162,0.157,0.189,0.19,0.182,0.207,0.21,0.199,0.183,0.185,0.161,0.142,0.148,0.165,0.004,0.005,0.004,0.005,0.005,0.005,0.005,0.005,KOL-90000004
2020-03-21,0.004,0.005,0.005,0.006,0.004,0.004,0.005,0.004,0.005,0.004,0.006,,,,,,,,,,,,0.005,0.004,0.049,0.071,0.082,0.093,0.087,0.09,0.103,0.082,0.093,0.1,0.08,0.063,0.004,0.005,0.005,0.005,0.005,0.004,0.004,0.003,0.005,0.004,0.004,0.006,0.006,0.005,0.004,0.005,0.005,0.004,0.004,0.004,0.006,0.004,0.005,0.005,0.004,0.005,0.004,0.005,0.006,0.003,0.004,0.004,0.005,0.006,0.004,0.005,0.13,0.123,0.161,0.153,0.166,0.212,0.228,0.216,0.221,0.216,0.196,0.192,0.18,0.179,0.158,0.136,0.005,0.004,0.005,0.005,0.004,0.006,0.003,0.005,KOL-90000004
2020-03-22,0.005,0.005,0.005,0.004,0.004,0.003,0.005,0.004,0.004,0.005,0.005,0.005,0.004,0.006,0.005,0.005,0.004,0.004,0.005,0.005,0.004,0.006,0.004,0.005,0.053,0.07,0.088,0.09,0.073,0.088,0.108,0.104,0.088,0.078,0.068,0.046,0.003,0.003,0.005,0.003,0.005,0.003,0.003,0.005,0.004,0.004,0.003,0.005,0.005,0.005,0.006,0.005,0.006,0.005,0.004,0.005,0.006,0.004,0.006,0.005,0.003,0.005,0.003,0.005,0.005,0.004,0.002,0.004,0.004,0.005,0.005,0.004,0.145,0.129,0.15,0.143,0.18,0.195,0.194,0.206,0.192,0.195,0.193,0.213,0.202,0.139,0.138,0.137,0.006,0.006,0.003,0.005,0.005,0.004,0.004,0.003,KOL-90000004
2020-03-23,0.003,0.006,0.003,0.005,0.006,0.004,0.005,0.005,0.005,0.005,0.004,0.006,0.005,0.007,0.004,0.006,0.003,0.003,0.004,0.004,0.005,0.004,0.005,0.003,0.049,0.063,0.074,0.098,0.08,0.083,0.097,0.096,0.097,0.096,0.062,0.061,0.004,0.006,0.004,0.004,0.005,0.005,0.004,0.004,0.005,0.004,0.003,0.004,0.006,0.006,0.004,0.005,0.003,0.005,0.004,0.005,0.004,0.005,0.004,0.005,0.006,0.003,0.005,0.006,0.004,0.003,0.005,0.003,0.005,0.004,0.006,0.005,0.133,0.141,0.164,0.171,0.197,0.197,0.207,0.211,0.191,0.196,0.196,0.151,0.175,0.169,0.131,0.151,0.006,0.004,0.005,0.006,0.005,0.005,0.004,0.005,KOL-90000004
2020-03-24,0.004,0.004,0.005,0.004,0.004,0.004,0.005,0.004,0.004,0.005,0.003,0.005,0.006,0.004,0.005,0.006,0.004,0.005,0.004,0.005,0.004,0.005,0.005,0.005,0.053,0.076,0.076,0.095,0.086,0.098,0.102,0.077,0.076,0.091,0.071,0.065,0.006,0.004,0.005,0.006,0.005,0.004,0.004,0.006,0.004,0.004,0.005,0.004,0.005,0.004,0.004,0.004,0.004,0.004,0.004,0.004,0.005,0.003,0.005,0.005,0.005,0.005,0.004,0.005,0.003,0.003,0.004,0.004,0.003,0.003,0.004,0.004,0.133,0.152,0.127,0.172,0.191,0.221,0.2,0.188,0.193,0.19,0.193,0.191,0.161,0.16,0.123,0.149,0.005,0.005,0.004,0.004,0.006,0.004,0.005,0.005,KOL-90000004
2020-03-25,0.005,0.004,0.004,0.005,0.004,0.004,0.004,0.003,0.003,0.005,0.004,0.005,0.003,0.003,0.004,0.005,0.004,0.004,0.004,0.003,0.006,0.004,0.004,0.004,0.067,0.065,0.074,0.096,0.072,0.095,0.076,0.101,0.091,0.085,0.064,0.066,0.005,0.006,0.004,0.005,0.004,0.005,0.005,0.004,0.005,0.006,0.004,0.004,0.003,0.004,0.004,0.004,0.006,0.003,0.004,0.004,0.005,0.004,0.005,0.004,0.006,0.004,0.005,0.005,0.005,0.005,0.005,0.004,0.004,0.005,0.005,0.005,0.113,0.176,0.156,0.153,0.184,0.219,0.207,0.195,0.219,0.217,0.193,0.183,0.198,0.199,0.155,0.139,0.004,0.004,0.005,0.003,0.004,0.004,0.004,0.005,KOL-90000004
2020-03-26,0.003,0.003,0.004,0.004,0.005,0.005,0.004,0.004,0.004,0.004,0.003,0.004,0.005,0.004,0.005,0.004,0.004,0.004,0.006,0.003,0.005,0.005,0.004,0.003,0.059,0.064,0.076,0.086,0.097,0.087,0.105,0.081,0.093,0.079,0.083,0.061,0.006,0.004,0.005,0.004,0.004,0.004,0.005,0.005,0.005,0.004,0.004,0.003,0.005,0.003,0.004,0.005,0.004,0.006,0.004,0.004,0.005,0.004,0.005,0.004,0.004,0.003,0.006,0.003,0.005,0.003,0.005,0.004,0.005,0.005,0.004,0.005,0.12,0.127,0.141,0.155,0.182,0.186,0.212,0.166,0.188,0.211,0.181,0.201,0.181,0.166,0.144,0.143,0.005,0.003,0.006,0.005,0.005,0.005,0.006,0.003,KOL-90000004
2020-03-27,0.005,0.004,0.005,0.005,0.004,0.002,0.005,0.005,0.004,0.004,0.005,0.005,0.004,0.004,0.006,0.005,0.004,0.005,0.005,0.004,0.005,0.003,0.005,0.004,0.061,0.082,0.066,0.096,0.07,0.105,0.098,0.092,0.089,0.072,0.09,0.067,0.005,0.006,0.004,0.005,0.003,0.003,0.004,0.004,0.004,0.004,0.004,0.003,0.004,0.004,0.003,0.005,0.004,0.004,0.004,0.004,0.005,0.006,0.004,0.004,0.005,0.005,0.003,0.005,0.004,0.005,0.004,0.005,0.004,0.006,0.004,0.003,0.14,0.123,0.166,0.177,0.192,0.188,0.213,0.212,0.219,0.182,0.2,0.179,0.16,0.157,0.152,0.159,0.006,0.004,0.004,0.005,0.004,0.003,0.005,0.005,KOL-90000004
2020-03-28,0.006,0.005,0.004,0.004,0.004,0.004,0.004,0.005,0.005,0.005,0.003,0.003,0.004,0.003,0.004,0.006,0.004,0.003,0.005,0.004,0.003,0.005,0.004,0.004,0.038,0.065,0.073,0.079,0.098,0.1,0.099,0.084,0.094,0.091,0.095,0.057,0.003,0.006,0.004,0.005,0.005,0.005,0.004,0.004,0.005,0.005,0.004,0.004,0.005,0.005,0.004,0.005,0.005,0.005,0.005,0.005,0.004,0.005,0.004,0.004,0.005,0.006,0.003,0.004,0.003,0.005,0.004,0.005,0.002,0.004,0.003,0.005,0.117,0.125,0.185,0.163,0.194,0.198,0.175,0.198,0.222,0.23,0.209,0.189,0.164,0.18,0.172,0.151,0.005,0.006,0.004,0.004,0.006,0.004,0.004,0.005,KOL-90000004
2020-03-29,0.006,0.005,0.003,0.005,0.004,0.005,0.004,0.005,0.004,0.005,0.004,0.005,0.003,0.004,0.005,0.004,0.005,0.006,0.005,0.005,0.004,0.004,0.005,0.005,0.041,0.082,0.074,0.098,0.097,0.088,0.084,0.076,0.103,0.092,0.087,0.065,0.004,0.005,0.003,0.005,0.005,0.005,0.004,0.005,0.006,0.003,0.005,0.004,0.006,0.007,0.004,0.004,0.006,0.005,0.004,0.005,0.005,0.003,0.004,0.005,0.004,0.003,0.005,0.005,0.004,0.004,0.004,0.004,0.004,0.004,0.005,0.003,0.122,0.158,0.168,0.168,0.166,0.182,0.208,0.218,0.211,0.209,0.208,0.189,0.189,0.181,0.109,0.182,0.005,0.005,0.004,0.003,0.004,0.004,0.004,0.004,KOL-90000004
2020-03-30,0.006,0.004,0.002,0.006,0.003,0.003,0.005,0.003,0.004,0.004,0.004,0.004,0.005,0.005,0.004,0.005,0.005,0.004,0.005,0.006,0.005,0.004,0.005,0.004,0.048,0.049,0.076,0.084,0.089,0.099,0.091,0.106,0.111,0.08,0.067,0.06,0.004,0.004,0.005,0.005,0.004,0.004,0.003,0.005,0.006,0.005,0.004,0.003,0.005,0.005,0.003,0.005,0.005,0.005,0.006,0.005,0.005,0.005,0.005,0.005,0.005,0.004,0.005,0.004,0.004,0.004,0.003,0.004,0.004,0.005,0.006,0.005,0.141,0.14,0.134,0.162,0.16,0.206,0.21,0.185,0.212,0.219,0.182,0.201,0.173,0.168,0.15,0.155,0.004,0.006,0.006,0.003,0.005,0.004,0.004,0.005,KOL-90000004
2020-03-31,0.004,0.005,0.005,0.004,0.004,0.004,0.005,0.004,0.005,0.004,0.004,0.004,0.005,0.005,0.004,0.004,0.005,0.004,0.004,0.005,0.004,0.004,0.005,0.005,0.06,0.075,0.071,0.084,0.098,0.11,0.101,0.083,0.079,0.07,0.084,0.058,0.002,0.006,0.004,0.005,0.005,0.005,0.004,0.003,0.005,0.003,0.005,0.004,0.004,0.005,0.005,0.004,0.005,0.006,0.005,0.005,0.006,0.006,0.004,0.003,0.004,0.004,0.005,0.005,0.006,0.004,0.005,0.004,0.005,0.005,0.004,0.004,0.139,0.121,0.141,0.16,0.197,0.185,0.205,0.181,0.199,0.219,0.204,0.179,0.151,0.172,0.13,0.136,0.005,0.005,0.004,0.003,0.004,0.005,0.004,0.006,KOL-90000004
2020-04-01,0.005,0.006,0.004,0.004,0.005,0.004,0.005,0.004,0.005,0.004,0.004,0.004,0.004,0.003,0.006,0.005,0.004,0.007,0.005,0.002,0.005,0.005,0.005,0.006,0.07,,,0.073,0.096,0.115,0.085,0.086,0.093,0.087,0.08,0.069,0.005,0.005,0.003,0.004,0.004,0.004,0.005,0.006,0.003,0.004,0.003,0.005,0.005,0.004,0.005,0.004,0.006,0.005,0.003,0.004,0.005,0.004,0.005,0.004,0.005,0.005,0.004,0.003,0.003,0.003,0.005,0.005,0.004,0.005,0.005,0.006,0.134,0.119,0.19,0.179,0.198,0.219,0.188,0.216,0.198,0.208,0.179,0.166,0.197,0.187,0.138,0.104,0.006,0.005,0.005,0.007,0.005,0.006,0.004,0.004,KOL-90000004
2020-04-02,0.006,0.003,0.004,0.005,0.006,0.004,0.004,0.005,0.004,0.004,0.006,0.004,0.004,0.004,0.004,0.005,0.005,0.004,0.006,0.004,0.005,0.005,0.004,0.004,0.059,0.072,0.091,0.095,0.083,0.099,0.08,0.095,0.089,0.099,0.087,0.062,0.005,0.004,0.004,0.004,0.004,0.006,0.004,0.005,0.003,0.004,0.004,0.005,0.005,0.004,0.003,0.005,0.005,0.003,0.003,0.004,0.005,0.003,0.005,0.004,0.005,0.003,0.004,0.005,0.004,0.004,0.004,0.004,0.004,0.005,0.006,0.003,0.118,0.122,0.171,0.174,0.165,0.182,0.215,0.247,0.219,0.223,0.205,0.196,0.176,0.162,0.132,0.132,0.003,0.004,0.005,0.004,0.004,0.005,0.004,0.005,KOL-90000004
2020-04-03,0.005,0.005,0.005,0.005,0.003,0.006,0.005,0.005,0.006,0.004,0.004,0.005,0.005,0.004,0.005,0.004,0.006,0.006,0.007,0.005,0.004,0.004,0.004,0.005,0.057,0.062,0.073,0.096,0.082,0.081,0.091,0.11,0.1,0.072,0.062,0.06,0.004,0.004,0.004,0.005,0.003,0.004,0.005,0.005,0.004,0.004,0.004,0.007,0.004,0.004,0.004,0.003,0.005,0.005,0.005,0.006,0.004,0.004,0.005,0.005,0.004,0.005,0.005,0.005,0.004,0.003,0.005,0.003,0.004,0.004,0.004,0.004,0.121,0.139,0.151,0.147,0.183,0.205,0.207,0.188,0.228,0.198,0.215,0.183,0.202,0.169,0.178,0.142,0.003,0.005,0.005,0.006,0.005,0.004,0.005,0.005,KOL-90000004
2020-04-04,0.005,0.006,0.005,0.004,0.006,0.004,0.004,0.003,0.005,0.004,0.005,0.005,0.004,0.004,0.005,0.004,0.004,0.004,0.004,0.006,0.005,0.005,0.004,0.004,0.053,0.052,0.056,0.084,0.098,0.101,0.107,0.095,0.086,0.09,0.07,0.07,0.005,0.004,0.005,0.004,0.005,0.005,0.003,0.005,0.006,0.005,0.005,0.005,0.006,0.004,0.005,0.005,0.003,0.005,0.004,0.005,0.004,0.004,0.004,0.005,0.005,0.005,0.004,0.005,0.005,0.004,0.005,0.003,0.005,0.005,0.005,0.003,0.139,0.129,0.158,0.153,0.189,0.186,0.192,0.197,0.218,0.195,0.184,0.221,0.173,0.152,0.158,0.124,0.005,0.005,0.004,0.005,0.004,0.004,0.006,0.004,KOL-90000004
2020-04-05,0.006,0.005,0.004,0.005,0.005,0.005,0.004,0.004,0.004,0.007,0.004,0.003,0.006,0.006,0.005,0.005,0.005,0.004,0.006,0.006,0.004,0.006,0.005,0.006,0.056,0.076,0.071,0.073,0.087,0.098,0.101,0.089,0.088,0.097,0.077,0.062,0.004,0.005,0.003,0.006,0.003,0.004,0.005,0.004,0.005,0.005,0.004,0.006,0.004,0.005,0.005,0.003,0.004,0.006,0.005,0.006,0.006,0.005,0.004,0.004,0.004,0.005,0.005,0.004,0.005,0.005,0.004,0.006,0.005,0.005,0.004,0.004,0.108,0.136,0.14,0.172,0.174,0.193,0.225,0.23,0.21,0.209,0.191,0.187,0.194,0.173,0.162,0.141,0.005,0.005,0.004,0.005,0.007,0.004,0.004,0.005,KOL-90000004
2020-04-06,0.003,0.005,0.004,0.004,0.004,0.005,0.006,0.005,0.005,0.004,0.004,0.006,0.004,0.006,0.005,0.004,0.004,0.004,0.005,0.005,0.002,0.005,0.005,0.004,0.076,0.066,0.07,0.093,0.081,0.1,0.095,0.084,0.101,0.088,0.063,0.059,0.004,0.003,0.005,0.004,0.004,0.004,0.003,0.005,0.006,0.004,0.005,0.004,0.005,0.006,0.005,0.004,0.004,0.003,0.005,0.005,0.006,0.003,0.005,0.004,0.004,0.005,0.004,0.005,0.005,0.005,0.004,0.006,0.005,0.004,0.004,0.003,0.147,0.113,0.175,0.158,0.205,0.211,0.205,0.201,0.212,0.222,0.199,0.219,0.199,0.175,0.142,0.138,0.005,0.004,0.004,0.006,0.003,0.004,0.004,0.003,KOL-90000004
2020-04-07,0.004,0.005,0.005,0.005,0.005,0.003,0.004,0.004,0.005,0.005,0.005,0.004,0.005,0.006,0.003,0.004,0.005,0.004,0.004,0.004,0.006,0.004,0.004,0.006,0.051,0.068,0.076,0.092,0.082,0.103,0.097,0.09,0.081,0.089,0.084,0.061,0.005,0.004,0.005,0.005,0.005,0.004,0.004,0.004,0.004,0.005,0.005,0.003,0.004,0.003,0.004,0.005,0.004,0.005,0.006,0.003,0.004,0.005,0.005,0.004,0.005,0.004,0.004,0.005,0.004,0.004,0.004,0.005,0.003,0.006,0.005,0.005,0.128,0.152,0.162,0.163,0.174,0.194,0.2,0.218,0.197,0.216,0.206,0.187,0.181,0.169,0.171,0.162,0.005,0.004,0.005,0.005,0.004,0.004,0.004,0.004,KOL-90000004
2020-04-08,0.003,0.004,0.003,0.004,0.003,0.003,0.006,0.006,0.005,0.004,0.004,0.005,0.003,0.005,0.005,0.005,0.003,0.004,0.005,0.005,0.004,0.005,0.004,0.004,0.064,0.057,0.084,0.096,0.083,0.109,0.097,0.113,0.086,0.079,0.059,0.068,0.004,0.005,0.004,0.004,0.003,0.004,0.005,0.005,0.004,0.006,0.005,0.004,0.004,0.004,0.004,0.003,0.004,0.005,0.005,0.005,0.006,0.005,0.004,0.003,0.005,0.004,0.003,0.005,0.004,0.005,0.003,0.003,0.004,0.005,0.005,0.003,0.109,0.13,0.163,0.162,0.189,0.199,0.171,0.226,0.185,0.203,0.211,0.207,0.199,0.19,0.17,0.143,0.005,0.005,0.004,0.004,0.005,0.003,0.003,0.004,KOL-90000004
2020-04-09,0.004,0.006,0.004,0.005,0.005,0.004,0.005,0.004,0.004,0.005,0.004,0.005,0.004,0.003,0.004,0.004,0.004,0.005,0.005,0.005,0.005,0.004,0.005,0.005,0.052,0.069,0.079,0.097,0.093,0.098,0.102,0.106,0.091,0.087,0.069,0.068,0.004,0.004,0.005,0.005,0.005,0.003,0.005,0.005,0.005,0.005,0.004,0.004,0.004,0.004,0.005,0.004,0.004,0.004,0.005,0.006,0.004,0.005,0.005,0.004,0.005,0.005,0.005,0.004,0.004,0.005,0.005,0.005,0.005,0.004,0.005,0.004,0.116,0.139,0.154,0.164,0.193,0.187,0.202,0.227,0.202,0.221,0.223,0.218,0.16,0.16,0.17,0.158,0.006,0.005,0.004,0.005,0.004,0.005,0.005,0.005,KOL-90000004
2020-04-10,0.005,0.005,0.004,0.005,0.004,0.004,0.003,0.004,0.003,0.004,0.003,0.003,0.005,0.005,0.004,0.004,0.004,0.005,0.004,0.005,0.005,0.005,0.006,0.005,0.051,0.057,0.083,0.077,0.11,0.106,0.105,0.097,0.092,0.09,0.077,0.05,0.005,0.005,0.004,0.006,0.005,0.004,0.006,0.004,0.004,0.004,0.004,0.004,0.005,0.005,0.004,0.005,0.004,0.003,0.003,0.004,0.004,0.004,0.004,0.005,0.004,0.005,0.004,0.005,0.006,0.004,0.005,0.004,0.004,0.005,0.003,0.005,0.115,0.112,0.148,0.194,0.187,0.196,0.21,0.195,0.206,0.225,0.21,0.161,0.222,0.164,0.152,0.134,0.004,0.004,0.005,0.005,0.005,0.005,0.005,0.005,KOL-90000004
2020-04-11,0.005,0.005,0.005,0.006,0.004,0.004,0.005,0.006,0.006,0.005,0.005,0.003,0.004,0.006,0.004,0.004,0.004,0.004,0.005,0.006,0.005,0.004,0.004,0.004,0.048,0.059,0.062,0.079,0.089,0.102,0.107,0.076,0.089,0.086,0.08,0.062,0.004,0.005,0.004,0.004,0.005,0.006,0.004,0.004,0.004,0.005,0.005,0.006,0.005,0.005,0.003,0.004,0.005,0.004,0.004,0.005,0.004,0.004,0.003,0.004,0.005,0.005,0.004,0.005,0.005,0.006,0.004,0.004,0.005,0.005,0.004,0.004,0.119,0.175,0.157,0.176,0.179,0.201,0.2,0.212,0.168,0.208,0.179,0.168,0.153,0.18,0.162,0.137,0.006,0.005,0.004,0.004,0.005,0.004,0.002,0.004,KOL-90000004
2020-04-12,0.005,0.005,0.005,0.005,0.004,0.005,,,,,,,,,0.005,0.005,0.005,0.005,0.004,0.004,0.005,0.005,0.004,0.002,0.035,0.076,0.083,0.081,0.096,0.102,0.109,0.093,0.084,0.091,0.071,0.049,0.003,0.005,0.004,0.004,0.005,0.003,0.005,0.005,0.004,0.003,0.006,0.006,0.005,0.005,0.003,0.005,0.005,0.004,0.005,0.005,0.004,0.005,0.005,0.004,0.005,0.005,0.004,0.004,0.003,0.004,0.006,0.005,0.003,0.004,0.005,0.005,0.121,0.13,0.155,0.131,0.179,0.201,0.211,0.215,0.218,0.201,0.204,0.192,0.172,0.164,0.172,0.152,0.006,0.003,0.007,0.004,0.005,0.005,0.006,0.004,KOL-90000004
2020-04-13,0.004,0.006,0.004,0.004,0.003,0.005,0.006,0.004,0.003,0.006,0.005,0.004,0.006,0.003,0.005,0.004,0.006,0.004,0.004,0.005,0.005,0.004,0.003,0.005,0.043,0.053,0.071,0.076,0.102,0.093,0.082,0.103,0.086,0.082,0.042,0.079,0.006,0.005,0.005,0.004,0.005,0.004,0.005,0.004,0.007,0.005,0.004,0.005,0.005,0.004,0.005,0.005,0.005,0.004,0.004,0.003,0.004,0.005,0.005,0.004,0.004,0.006,0.004,0.003,0.005,0.004,0.005,0.003,0.004,0.005,0.005,0.005,0.085,0.159,0.176,0.171,0.157,0.182,0.196,0.216,0.2,0.213,0.181,0.186,0.196,0.181,0.165,0.138,0.004,0.005,0.004,0.004,0.006,0.004,0.006,0.006,KOL-90000004
2020-04-14,0.005,0.004,0.006,0.004,0.003,0.004,0.005,0.004,0.005,0.005,0.005,0.004,0.003,0.005,0.004,0.005,0.003,0.005,0.004,0.004,0.004,0.003,0.005,0.005,0.056,0.07,0.083,0.079,0.079,0.113,0.096,0.105,0.082,0.066,0.07,0.079,0.005,0.003,0.004,0.004,0.004,0.004,0.003,0.005,0.006,0.004,0.004,0.005,0.005,0.005,0.004,0.005,0.007,0.004,0.003,0.006,0.006,0.005,0.003,0.005,0.004,0.004,0.004,0.003,0.005,0.004,0.005,0.005,0.004,0.004,0.004,0.004,0.136,0.125,0.165,0.181,0.195,0.19,0.197,0.219,0.211,0.23,0.206,0.165,0.198,0.188,0.157,0.137,0.004,0.003,0.004,0.004,0.004,0.005,0.005,0.005,KOL-90000004
2020-04-15,0.005,0.003,0.005,0.004,0.005,0.004,0.004,0.004,0.004,0.004,0.005,0.005,0.004,0.005,0.004,0.004,0.004,0.006,0.005,0.004,0.004,0.005,0.004,0.005,0.045,0.064,0.097,0.061,0.079,0.092,0.1,0.086,0.097,0.103,0.08,0.067,0.005,0.004,0.004,0.006,0.005,0.004,0.006,0.004,0.003,0.006,0.003,0.005,0.003,0.004,0.005,0.004,0.006,0.005,0.005,0.004,0.005,0.004,0.006,0.004,0.004,0.004,0.004,0.003,0.005,0.005,0.003,0.004,0.005,0.004,0.005,0.005,0.145,0.134,0.148,0.178,0.153,0.194,0.199,0.201,0.195,0.184,0.173,0.15,0.17,0.174,0.148,0.173,0.005,0.004,0.005,0.004,0.004,0.006,0.005,0.005,KOL-90000004
2020-04-16,0.005,0.004,0.005,0.005,0.004,0.004,0.006,0.004,0.004,0.006,0.005,0.004,0.004,0.005,0.004,0.005,0.005,0.006,0.004,0.004,0.004,0.004,0.004,0.004,0.05,0.05,0.062,0.071,0.081,0.09,0.088,0.104,0.093,0.086,0.073,0.069,0.005,0.005,0.005,0.004,0.005,0.004,0.005,0.004,0.006,0.004,0.005,0.005,0.004,0.006,0.006,0.005,0.004,0.005,0.004,0.004,0.005,0.004,0.005,0.005,0.004,0.004,0.004,0.005,0.004,0.005,0.003,0.005,0.005,0.004,0.006,0.006,0.121,0.177,0.157,0.187,0.171,0.159,0.194,0.196,0.219,0.208,0.212,0.174,0.169,0.158,0.13,0.158,0.004,0.006,0.004,0.004,0.003,0.003,0.003,0.004,KOL-90000004
2020-04-17,0.004,0.003,0.004,0.004,0.006,0.006,0.004,0.004,0.005,0.005,0.002,0.003,0.004,0.004,0.006,0.004,0.004,0.004,0.004,0.004,0.005,0.005,0.005,0.004,0.063,0.057,0.089,0.096,0.106,0.096,0.093,0.101,0.109,0.076,0.088,0.058,0.005,0.005,0.004,0.005,0.004,0.004,0.005,0.006,0.005,0.004,0.006,0.004,0.003,0.004,0.004,0.004,0.003,0.005,0.003,0.005,0.004,0.004,0.004,0.005,0.004,0.006,0.005,0.003,0.006,0.006,0.005,0.005,0.005,0.005,0.006,0.005,0.124,0.14,0.174,0.129,0.182,0.205,0.209,0.17,0.175,0.234,0.202,0.174,0.16,0.163,0.146,0.131,0.003,0.005,0.006,0.004,0.005,0.006,0.006,0.004,KOL-90000004
2020-04-18,0.004,0.005,0.004,0.006,0.005,0.006,0.005,0.003,0.004,0.003,0.003,0.004,0.003,0.004,0.004,0.005,0.005,0.005,0.004,0.004,0.006,0.006,0.006,0.006,0.053,0.053,0.056,0.092,0.095,0.092,0.095,0.081,0.094,0.09,0.067,0.069,0.003,0.004,0.005,0.004,0.005,0.005,0.005,0.006,0.005,0.006,0.004,0.004,0.005,0.004,0.003,0.005,0.004,0.006,0.004,0.006,0.003,0.005,0.005,0.006,0.006,0.005,0.004,0.004,0.005,0.004,0.004,0.004,0.005,0.005,0.004,0.005,0.117,0.12,0.171,0.163,0.18,0.179,0.222,0.195,0.215,0.18,0.186,0.184,0.176,0.194,0.174,0.163,0.005,0.005,0.005,0.004,0.006,0.005,0.005,0.005,KOL-90000004
2020-04-19,0.005,0.005,0.004,0.003,0.006,0.004,0.004,0.004,0.005,0.005,0.005,0.004,0.005,0.005,0.003,0.005,0.004,0.004,0.003,0.006,0.003,0.005,0.004,0.005,0.054,0.059,0.081,0.071,0.076,0.104,0.091,0.11,0.091,0.08,0.08,0.062,0.005,0.004,0.004,0.006,0.004,0.005,0.005,0.005,0.005,0.005,0.005,0.004,0.003,0.005,0.005,0.005,0.004,0.005,0.005,0.003,0.006,0.004,0.005,0.005,0.004,0.004,0.004,0.005,0.006,0.003,0.003,0.004,0.005,0.005,0.004,0.006,0.141,0.137,0.151,0.174,0.203,0.173,0.202,0.19,0.226,0.187,0.216,0.169,0.176,0.179,0.152,0.139,0.003,0.005,0.005,0.005,0.005,0.005,0.005,0.005,KOL-90000004
2020-04-20,0.003,0.003,0.003,0.005,0.004,0.004,0.004,0.004,0.004,0.004,0.005,0.005,0.004,0.005,0.005,0.004,0.004,0.005,0.003,0.005,0.005,0.004,0.005,0.005,0.045,0.076,0.062,0.093,0.1,0.082,0.08,0.099,0.085,0.098,0.074,0.07,0.005,0.003,0.004,0.003,0.004,0.003,0.006,0.004,0.005,0.006,0.006,0.005,0.003,0.005,0.004,0.005,0.005,0.004,0.004,0.004,0.005,0.004,0.004,0.004,0.004,0.005,0.006,0.006,0.004,0.005,0.002,0.006,0.004,0.005,0.004,0.003,0.119,0.167,0.173,0.178,0.177,0.189,0.192,0.2,0.197,0.182,0.199,0.156,0.16,0.17,0.163,0.159,0.003,0.003,0.005,0.005,0.003,0.005,0.004,0.004,KOL-90000004
2020-04-21,0.004,0.004,0.005,0.006,0.004,0.004,0.004,0.005,0.004,0.005,0.004,0.005,0.005,0.006,0.004,0.005,0.004,0.004,0.005,0.005,0.004,0.003,0.005,0.005,0.072,0.059,0.082,0.082,0.082,0.093,0.073,0.094,0.09,0.081,0.066,0.05,0.004,0.004,0.005,0.004,0.006,0.004,0.005,0.003,0.005,0.004,0.004,0.005,0.005,0.004,0.004,0.005,0.003,0.004,0.004,0.005,0.005,0.004,0.004,0.004,0.006,0.005,0.005,0.004,0.004,0.005,0.004,0.003,0.005,0.005,0.007,0.004,0.126,0.116,0.16,0.167,0.195,0.176,0.214,0.206,0.18,0.216,0.191,0.16,0.181,0.193,0.157,0.17,0.005,0.004,0.006,0.004,0.005,0.004,0.004,0.005,KOL-90000004
2020-04-22,0.004,0.004,0.005,0.005,0.003,0.004,0.005,0.004,0.004,0.004,0.005,0.006,0.004,0.006,0.003,0.005,0.004,0.005,0.005,0.005,0.002,0.006,0.004,0.006,0.065,0.07,0.084,0.082,0.094,0.084,0.114,0.098,0.101,0.091,0.073,0.07,0.005,0.005,0.005,0.004,0.004,0.006,0.005,0.004,0.005,0.005,0.006,0.004,0.003,0.005,0.005,0.004,0.006,0.004,0.004,0.004,0.004,0.005,0.004,0.003,0.005,0.005,0.005,0.005,0.005,0.004,0.004,0.005,0.004,0.004,0.006,0.002,0.109,0.128,0.176,0.169,0.192,0.179,0.207,0.197,0.242,0.2,0.223,0.184,0.184,0.183,0.144,0.151,0.006,0.004,0.006,0.004,0.005,0.003,0.005,0.005,KOL-90000004
2020-04-23,0.006,0.004,0.004,0.005,0.005,0.003,0.005,0.004,0.005,0.005,0.005,0.006,0.004,0.005,0.004,0.005,0.004,0.005,0.005,0.004,0.004,0.005,0.004,0.006,0.053,0.074,0.08,0.099,0.079,0.083,0.085,0.1,0.101,0.079,0.067,0.065,0.005,0.004,0.005,0.005,0.005,0.004,0.004,0.004,0.006,0.002,0.004,0.005,0.005,0.005,0.005,0.005,0.004,0.004,0.006,0.005,0.004,0.005,0.005,0.004,0.004,,,,,,,,,0.005,0.005,0.004,0.12,0.141,0.141,0.159,0.184,0.18,0.199,0.188,0.181,0.229,0.179,0.207,0.172,0.17,0.172,0.151,0.005,0.005,0.003,0.004,0.003,0.006,0.005,0.004,KOL-90000004
2020-04-24,0.006,0.003,0.004,0.004,0.005,0.005,0.004,0.004,0.004,0.005,0.004,0.005,0.004,0.005,0.004,0.003,0.005,0.004,0.004,0.005,0.005,0.004,0.006,0.005,0.047,0.056,0.058,0.084,0.073,0.102,0.108,0.094,0.105,0.067,0.081,0.065,0.004,0.004,0.005,0.005,0.004,0.005,0.004,0.003,0.005,0.004,0.004,0.005,0.005,0.007,0.005,0.005,0.004,0.005,0.006,0.004,0.004,0.005,0.004,0.004,0.005,0.005,0.004,0.003,0.004,0.005,0.005,0.005,0.004,0.004,0.005,0.005,0.121,0.123,0.168,0.173,0.17,0.204,0.192,0.242,0.196,0.199,0.211,0.211,0.187,0.159,0.176,0.159,0.004,0.005,0.005,0.005,0.006,0.005,0.003,0.004,KOL-90000004
2020-04-25,0.004,0.005,0.005,0.003,0.003,0.005,0.003,0.004,0.005,0.006,0.004,0.004,0.003,0.005,0.005,0.005,0.004,0.006,0.005,0.003,0.004,0.005,0.005,0.004,0.07,0.075,0.096,0.085,0.091,0.094,0.109,0.089,0.08,0.085,0.056,0.073,0.005,0.005,0.005,0.005,0.004,0.006,0.005,0.004,0.004,0.004,0.003,0.004,0.004,0.004,0.004,0.004,0.005,0.005,0.005,0.006,0.005,0.004,0.005,0.006,0.004,0.004,0.005,0.006,0.004,0.004,0.005,0.005,0.002,0.005,0.004,0.004,0.108,0.14,0.153,0.153,0.18,0.189,0.21,0.203,0.218,0.195,0.188,0.194,0.187,0.178,0.145,0.137,0.006,0.004,0.004,0.004,0.003,0.005,0.005,0.004,KOL-90000004
2020-04-26,0.004,0.004,0.005,0.004,0.006,0.006,0.006,0.004,0.005,0.005,0.004,0.007,0.004,0.005,0.004,0.006,0.004,0.005,0.005,0.004,0.004,0.006,0.004,0.003,0.076,0.082,0.067,0.074,0.078,0.103,0.095,0.078,0.09,0.103,0.069,0.071,0.006,0.005,0.005,0.004,0.004,0.004,0.006,0.005,0.004,0.004,0.005,0.005,0.006,0.003,0.005,0.005,0.005,0.003,0.004,0.005,0.004,0.006,0.004,0.004,0.005,0.004,0.003,0.004,0.004,0.004,0.003,0.006,0.004,0.005,0.004,0.004,0.125,0.147,0.171,0.179,0.163,0.209,0.182,0.212,0.182,0.207,0.207,0.199,0.191,0.171,0.177,0.13,0.004,0.005,0.005,0.005,0.004,0.003,0.004,0.005,KOL-90000004
2020-04-27,0.003,0.003,0.005,0.005,0.005,0.004,0.003,0.002,0.005,0.004,0.003,0.005,0.006,0.004,0.006,0.004,0.004,0.005,0.006,0.003,0.005,0.005,0.006,0.005,0.06,0.067,0.085,0.07,0.078,0.098,0.087,0.102,0.089,0.095,0.072,0.054,0.005,0.005,0.005,0.005,0.005,0.004,0.005,0.006,0.005,0.003,0.006,0.004,0.005,0.006,0.005,0.004,0.004,0.005,0.003,0.005,0.005,0.005,0.004,0.006,0.004,0.006,0.004,0.004,0.006,0.004,0.003,0.004,0.004,0.005,0.004,0.003,0.135,0.152,0.135,0.154,0.174,0.204,0.221,0.176,0.222,0.19,0.176,0.215,0.177,0.17,0.189,0.126,0.004,0.003,0.004,0.004,0.005,0.004,0.005,0.004,KOL-90000004
2020-04-28,0.004,0.004,0.005,0.004,0.003,0.004,0.005,0.005,0.004,0.005,0.004,0.003,0.005,0.005,0.004,0.005,0.005,0.006,0.004,0.004,0.004,0.005,0.006,0.004,0.038,0.043,0.078,0.092,0.075,0.09,0.103,0.104,0.091,0.094,0.074,0.06,0.005,0.005,0.003,0.005,0.004,0.005,0.005,0.004,0.005,0.005,0.005,0.004,0.004,0.004,0.006,0.005,0.003,0.005,0.003,0.005,0.003,0.005,0.004,0.003,0.004,0.005,0.005,0.005,0.005,0.004,0.003,0.004,0.003,0.004,0.005,0.005,0.103,0.124,0.158,0.164,0.196,0.19,0.176,0.221,0.175,0.226,0.203,0.187,0.161,0.192,0.171,0.157,0.004,0.005,0.005,0.007,0.005,0.004,0.006,0.005,KOL-90000004
2020-04-29,0.006,0.004,0.004,0.003,0.004,0.004,0.004,0.005,0.005,0.004,0.005,0.005,0.004,0.005,0.005,0.004,0.006,0.004,0.004,0.003,0.005,0.004,0.005,0.004,0.049,0.072,0.061,0.068,0.083,0.098,0.09,0.09,0.084,0.086,0.068,0.054,0.004,0.004,0.005,0.006,0.004,0.004,0.004,0.005,0.004,0.005,0.005,0.006,0.004,0.004,0.003,0.004,0.004,0.005,0.003,0.003,0.005,0.004,0.005,0.004,0.005,0.003,0.004,0.004,0.004,0.003,0.003,0.004,0.004,0.005,0.004,0.003,0.112,0.153,0.164,0.159,0.157,0.184,0.183,0.217,0.168,0.196,0.199,0.2,0.182,0.174,0.145,0.125,0.006,0.003,0.005,0.004,0.004,0.004,0.003,0.004,KOL-90000004
2020-04-30,0.005,0.006,0.003,0.003,0.005,0.005,0.004,0.005,0.005,0.005,0.004,0.005,0.004,0.004,0.004,0.005,0.003,0.007,0.006,0.004,0.006,0.003,0.005,0.004,0.048,0.085,0.085,0.087,0.096,0.091,0.113,0.091,0.076,0.1,0.081,0.067,0.005,0.003,0.005,0.005,0.006,0.004,0.004,0.006,0.005,0.006,0.005,0.005,0.006,0.004,0.006,0.004,0.004,0.003,0.004,0.004,0.005,0.005,0.004,0.005,0.006,0.003,0.004,0.005,0.004,0.005,0.005,0.004,0.002,0.004,0.004,0.004,0.129,0.14,0.158,0.18,0.177,0.178,0.215,0.18,0.244,0.207,0.179,0.172,0.184,0.183,0.132,0.134,0.006,0.004,0.004,0.004,0.006,0.005,0.005,0.004,KOL-90000004
2020-05-01,0.006,0.004,0.004,0.004,0.005,0.004,0.007,0.003,0.005,0.003,0.004,0.004,0.003,0.005,0.004,0.004,0.005,0.005,0.004,0.004,0.006,0.004,0.004,0.005,0.059,0.064,0.079,0.086,0.085,0.115,0.102,0.094,0.102,0.077,0.07,0.083,0.005,0.005,0.004,0.005,0.005,0.004,0.005,0.004,0.004,0.005,0.005,0.004,0.003,0.005,0.005,0.005,0.004,0.003,0.006,0.003,0.005,0.004,0.005,0.005,0.005,0.005,0.005,0.005,0.003,0.004,0.006,0.004,0.005,0.004,0.005,0.003,0.127,0.144,0.155,0.174,0.17,0.171,0.209,0.205,0.209,0.16,0.21,0.162,0.19,0.163,0.164,0.136,0.005,0.004,0.006,0.005,0.005,0.004,0.005,0.005,KOL-90000004
2020-05-02,0.003,0.005,0.005,0.005,0.004,0.005,0.005,0.003,0.004,0.005,0.006,0.004,0.005,0.004,0.005,0.006,0.006,0.004,0.004,0.005,0.003,0.004,0.005,0.004,0.049,0.057,0.069,0.066,0.09,0.098,0.079,0.076,0.11,0.094,0.073,0.072,0.004,0.004,0.005,0.005,0.005,0.004,0.005,0.004,0.005,0.003,0.005,0.004,0.004,0.004,0.006,0.004,0.005,0.006,0.005,0.005,0.004,0.004,0.004,0.003,0.004,0.005,0.005,0.004,0.004,0.003,0.004,0.006,0.004,0.005,0.003,0.004,0.115,0.145,0.16,0.166,0.203,0.207,0.187,0.196,0.205,0.201,0.214,0.169,0.174,0.164,0.148,0.119,0.004,0.004,0.005,0.003,0.005,0.004,0.004,0.005,KOL-90000004
2020-05-03,0.005,0.006,0.004,0.004,0.005,0.005,0.005,0.005,0.005,0.004,0.004,0.005,0.005,0.005,0.004,0.005,0.004,0.005,0.006,0.004,0.004,0.004,0.004,0.004,0.034,0.065,0.071,0.103,0.098,0.096,0.098,0.093,0.101,0.075,0.068,0.045,0.005,0.005,0.005,0.004,0.005,0.004,0.004,0.005,0.005,0.005,0.005,0.006,0.005,0.003,0.005,0.005,0.004,0.005,0.003,0.005,0.005,0.004,0.005,0.004,0.004,0.004,0.005,0.006,0.004,0.005,0.004,0.005,0.005,0.004,0.003,0.003,0.117,0.153,0.169,0.19,0.176,0.192,0.206,0.201,0.222,0.19,0.203,0.209,0.175,0.182,0.153,0.127,0.004,0.005,0.003,0.005,0.004,0.005,0.005,0.003,KOL-90000004
2020-05-04,0.005,0.004,0.005,0.006,0.004,0.005,0.004,0.005,0.004,0.004,0.005,0.004,0.004,0.006,0.003,0.004,0.004,0.004,0.004,0.004,0.005,0.005,0.005,0.004,0.045,0.055,0.071,0.092,0.104,0.098,0.09,0.08,0.102,0.069,0.076,0.06,0.005,0.005,0.005,0.004,0.004,0.004,0.005,0.004,0.004,0.004,0.004,0.005,0.005,0.004,0.006,0.004,0.004,0.004,0.004,0.005,0.005,0.006,0.003,0.006,0.003,0.005,0.005,0.004,0.005,0.003,0.005,0.004,0.005,0.006,0.003,0.005,0.118,0.136,0.156,0.164,0.163,0.189,0.184,0.22,0.217,0.194,0.172,0.22,0.188,0.158,0.17,0.156,0.003,0.005,0.004,0.002,0.005,0.005,0.004,0.005,KOL-90000004
2020-05-05,0.006,0.004,0.006,0.005,0.005,0.004,0.005,0.005,0.005,0.005,0.004,0.004,0.005,0.006,0.004,0.004,0.005,0.005,0.004,0.003,0.005,0.005,0.005,0.004,0.041,0.053,0.088,0.093,0.092,0.083,0.095,0.089,0.089,0.092,0.06,0.08,0.004,0.003,0.005,0.005,0.005,0.005,0.006,0.004,0.005,0.003,0.005,0.005,0.004,0.003,0.004,0.005,0.005,0.004,0.005,0.006,0.004,0.005,0.004,0.003,0.004,0.005,0.004,0.005,0.005,0.006,0.005,0.005,0.004,0.004,0.003,0.005,0.154,0.155,0.156,0.155,0.184,0.184,0.178,0.225,0.2,0.203,0.177,0.184,0.166,0.165,0.174,0.15,0.005,0.005,0.006,0.005,0.005,0.004,0.004,0.004,KOL-90000004
2020-05-06,0.004,0.005,0.005,0.004,0.003,0.005,0.004,0.006,0.004,0.004,0.005,0.003,0.004,0.005,0.005,0.004,0.004,0.005,0.002,0.006,0.005,0.005,0.003,0.004,0.053,0.071,0.083,0.11,0.093,0.1,0.1,0.096,0.089,0.083,0.07,0.077,0.004,0.005,0.004,0.005,0.005,0.005,0.005,0.005,0.005,0.005,0.004,0.005,0.005,0.004,0.005,0.006,0.003,0.004,0.004,0.005,0.003,0.005,0.005,0.004,0.003,0.005,0.004,0.005,0.005,0.004,0.005,0.005,0.003,0.004,0.005,0.004,0.103,0.137,0.176,0.133,0.183,0.155,0.205,0.217,0.195,0.226,0.197,0.149,0.184,0.165,0.166,0.118,0.004,0.005,0.003,0.006,0.005,0.004,0.004,0.004,KOL-90000004
2020-05-07,0.004,0.004,0.004,0.005,0.004,0.004,0.005,0.004,0.003,0.004,0.004,0.003,0.006,0.005,0.002,0.005,0.005,0.004,0.005,0.004,0.006,0.005,0.005,0.004,0.042,0.078,0.077,0.089,0.081,0.089,0.097,0.099,0.094,0.098,0.059,0.062,0.003,0.004,0.004,0.004,0.005,0.005,0.005,0.004,0.004,0.004,0.005,0.004,0.003,0.006,0.003,0.006,0.005,0.005,0.004,0.003,0.005,0.005,0.004,0.004,0.005,0.004,0.006,0.004,0.005,0.004,0.005,0.003,0.004,0.004,0.003,0.005,0.116,0.146,0.125,0.163,0.168,0.19,0.23,0.203,0.221,0.21,0.213,0.157,0.18,0.182,0.165,0.145,0.006,0.004,0.004,0.005,0.004,0.005,0.004,0.005,KOL-90000004
2020-05-08,0.006,0.006,0.005,0.005,0.003,0.004,0.007,0.005,0.005,0.005,0.004,0.005,0.007,0.005,0.003,0.004,0.005,0.004,0.005,0.005,0.005,0.004,0.004,0.006,0.054,0.071,0.059,0.075,0.09,0.093,0.094,0.101,0.091,0.094,0.068,0.067,0.005,0.004,0.003,0.004,0.005,0.005,0.004,0.005,0.004,0.005,0.005,0.005,0.005,0.006,0.004,0.005,0.003,0.005,0.003,0.006,0.004,0.004,0.005,0.005,0.004,,,,,,,,,,,,,,0.139,0.163,0.161,0.174,0.209,0.196,0.206,0.208,0.218,0.187,0.162,0.17,0.162,0.164,0.004,0.005,0.005,0.005,0.005,0.005,0.006,0.005,KOL-90000004
2020-05-09,0.005,0.005,0.003,0.005,0.004,0.005,0.005,0.005,0.005,0.006,0.004,0.005,0.006,0.005,0.004,0.004,0.005,0.005,0.005,0.004,0.005,0.005,0.006,0.005,0.049,0.055,0.068,0.098,0.082,0.089,0.111,0.089,0.095,0.089,0.075,0.063,0.005,0.006,0.004,0.004,0.004,0.006,0.006,0.004,0.004,0.004,0.005,0.002,0.006,0.004,0.004,0.005,0.005,0.003,0.003,0.005,0.005,0.004,0.006,0.004,0.004,0.005,0.004,0.005,0.004,0.006,0.004,0.003,0.005,0.004,0.004,0.004,0.129,0.132,0.157,0.172,0.193,0.176,0.171,0.211,0.189,0.192,0.219,0.19,0.183,0.174,0.167,0.135,0.004,0.005,0.004,0.004,0.003,0.004,0.004,0.006,KOL-90000004
2020-05-10,0.004,0.005,0.005,0.004,0.004,0.004,0.004,0.004,0.006,0.005,0.003,0.004,0.005,0.002,0.006,0.004,0.004,0.004,0.003,0.005,0.005,0.005,0.005,0.004,0.036,0.073,0.079,0.075,0.096,0.103,0.091,0.099,0.085,0.084,0.071,0.068,0.006,0.003,0.004,0.005,0.004,0.004,0.005,0.004,0.004,0.004,0.003,0.004,0.003,0.004,0.004,0.004,0.004,0.005,0.005,0.006,0.005,0.006,0.004,0.006,0.005,0.005,0.005,0.006,0.005,0.004,0.005,0.004,0.005,0.004,0.004,0.004,0.101,0.142,0.166,0.192,0.188,0.192,0.199,0.157,0.175,0.179,0.219,0.2,0.183,0.178,0.16,0.149,0.005,0.005,0.004,0.005,0.004,0.004,0.004,0.004,KOL-90000004
2020-05-11,0.004,0.004,0.005,0.005,0.004,0.004,0.005,0.005,0.005,0.006,0.004,0.004,0.004,0.005,0.004,0.005,0.005,0.005,0.004,0.004,0.004,0.005,0.005,0.003,0.057,0.058,0.064,0.089,0.082,0.089,0.109,0.09,0.099,0.089,0.071,0.052,0.004,0.004,0.005,0.005,0.004,0.005,0.004,0.004,0.003,0.004,0.005,0.005,0.004,0.005,0.005,0.004,0.003,0.005,0.005,0.006,0.004,0.004,0.005,0.005,0.005,0.005,0.005,0.004,0.006,0.004,0.005,0.005,0.004,0.005,0.004,0.004,0.14,0.114,0.153,0.17,0.192,0.227,0.205,0.21,0.215,0.221,0.195,0.2,0.203,0.168,0.139,0.115,0.005,0.005,0.003,0.004,0.006,0.004,0.005,0.004,KOL-90000004
2020-05-12,0.004,0.005,0.005,0.004,0.004,0.005,0.003,0.003,0.004,0.005,0.004,0.003,0.004,0.004,0.004,0.004,0.005,0.004,0.005,0.006,0.004,0.006,0.003,0.005,0.059,0.077,0.053,0.094,0.072,0.085,0.1,0.093,0.084,0.063,0.052,0.073,0.005,0.005,0.003,0.003,0.004,0.004,0.005,0.006,0.004,0.005,0.003,0.004,0.004,0.005,0.004,0.005,0.005,0.005,0.005,0.005,0.004,0.004,0.004,0.005,0.005,0.005,0.004,0.006,0.004,0.003,0.004,0.003,0.005,0.003,0.004,0.006,0.097,0.133,0.147,0.153,0.193,0.225,0.197,0.221,0.21,0.164,0.191,0.182,0.174,0.194,0.169,0.124,0.004,0.005,0.003,0.005,0.004,0.004,0.004,0.005,KOL-90000004
2020-05-13,0.005,0.003,0.006,0.004,0.005,0.003,0.005,0.005,0.005,0.004,0.004,0.005,0.004,0.003,0.005,0.006,0.004,0.004,0.003,0.004,0.004,0.003,,,,,,,0.091,0.089,0.105,0.104,0.079,0.092,0.067,0.067,0.003,0.003,0.005,0.004,0.005,0.004,0.005,0.004,0.006,0.005,0.006,0.006,0.005,0.004,0.004,0.003,0.004,0.004,0.005,0.005,0.005,0.004,0.004,0.003,0.004,0.005,0.005,0.004,0.005,0.004,0.005,0.005,0.004,0.005,0.003,0.005,0.118,0.169,0.163,0.166,0.177,0.184,0.198,0.219,0.21,0.197,0.199,0.202,0.18,0.142,0.15,0.114,0.005,0.004,0.005,0.005,0.005,0.003,0.004,0.005,KOL-90000004
2020-05-14,0.004,0.003,0.004,0.005,0.005,0.005,0.005,0.003,0.004,0.006,0.004,0.005,0.004,0.005,0.004,0.005,0.005,0.006,0.005,0.004,0.005,0.005,0.004,0.003,0.057,0.074,0.069,0.084,0.076,0.096,0.093,0.101,0.082,0.074,0.077,0.065,0.005,0.005,0.005,0.005,0.004,0.004,0.005,0.005,0.004,0.004,0.003,0.005,0.006,0.004,0.005,0.004,0.003,0.005,0.004,0.005,0.005,0.005,0.004,0.005,0.004,0.005,0.005,0.008,0.005,0.004,0.004,0.006,0.004,0.005,0.006,0.004,0.131,0.144,0.119,0.168,0.221,0.223,0.208,0.178,0.186,0.202,0.183,0.178,0.175,0.166,0.172,0.138,0.005,0.005,0.006,0.006,0.004,0.005,0.003,0.005,KOL-90000004
2020-05-15,0.006,0.004,0.005,0.004,0.005,0.005,0.004,0.004,0.005,0.004,0.006,0.006,0.004,0.004,0.005,0.005,0.004,0.005,0.003,0.005,0.006,0.005,0.004,0.004,0.058,0.067,0.08,0.08,0.077,0.118,0.103,0.102,0.099,0.072,0.09,0.082,0.006,0.006,0.004,0.005,0.005,0.005,0.005,0.005,0.005,0.005,0.004,0.005,0.004,0.006,0.006,0.004,0.004,0.005,0.004,0.004,0.006,0.005,0.005,0.005,0.005,0.004,0.006,0.006,0.004,0.005,0.004,0.006,0.004,0.003,0.005,0.005,0.138,0.112,0.168,0.176,0.175,0.218,0.207,0.177,0.213,0.201,0.178,0.19,0.212,0.192,0.161,0.153,0.004,0.005,0.005,0.004,0.004,0.005,0.004,0.005,KOL-90000004
2020-05-16,0.004,0.004,0.004,0.004,0.004,0.004,0.005,0.004,0.005,0.005,0.005,0.005,0.004,0.005,0.004,0.005,0.004,0.006,0.005,0.005,0.003,0.004,0.004,0.003,0.062,0.055,0.095,0.09,0.086,0.095,0.103,0.097,0.105,0.079,0.063,0.062,0.004,0.004,0.004,0.004,0.005,0.004,0.005,0.005,0.005,0.005,0.005,0.004,0.004,0.003,0.005,0.004,0.005,0.005,0.005,0.005,0.004,0.005,0.004,0.005,0.004,0.004,0.004,0.004,0.004,0.004,0.004,0.005,0.005,0.004,0.003,0.004,0.105,0.145,0.165,0.166,0.169,0.181,0.18,0.229,0.209,0.17,0.19,0.194,0.162,0.193,0.134,0.125,0.004,0.005,0.003,0.005,0.004,0.005,0.004,0.005,KOL-90000004
2020-05-17,0.004,0.004,0.005,0.004,0.002,0.004,0.005,0.006,0.003,0.005,0.004,0.004,0.004,0.004,0.004,0.006,0.004,0.003,0.004,0.003,0.005,0.004,0.004,0.004,0.065,0.06,0.078,0.075,0.1,0.092,0.094,0.095,0.097,0.076,0.075,0.076,0.004,0.004,0.003,0.003,0.003,0.005,0.005,0.007,0.004,0.005,0.005,0.005,0.004,0.005,0.004,0.005,0.005,0.003,0.004,0.005,0.004,0.005,0.003,0.004,0.004,0.005,0.004,0.003,0.004,0.003,0.005,0.004,0.004,0.004,0.004,0.003,0.123,0.151,0.166,0.158,0.185,0.191,0.245,0.227,0.199,0.233,0.217,0.218,0.168,0.176,0.137,0.132,0.004,0.005,0.003,0.006,0.004,0.004,0.004,0.005,KOL-90000004
2020-05-18,0.004,0.005,0.004,0.004,0.004,0.005,0.005,0.005,0.004,0.004,0.005,0.003,0.005,0.005,0.005,0.005,0.006,0.003,0.004,0.004,0.005,0.005,0.005,0.004,0.061,0.074,0.072,0.103,0.085,0.103,0.099,0.085,,,,0.08,0.005,0.004,0.004,0.004,0.005,0.004,0.005,0.005,0.003,0.005,0.006,0.005,0.004,0.004,0.005,0.005,0.006,0.004,0.004,0.004,0.005,0.004,0.005,0.004,0.005,0.005,0.004,0.004,0.005,0.005,0.003,0.004,0.005,0.006,0.005,0.004,0.14,0.181,0.182,0.185,0.191,0.174,0.225,0.227,0.187,0.204,0.172,0.197,0.166,0.161,0.141,0.134,0.004,0.005,0.006,0.004,0.004,0.005,0.004,0.005,KOL-90000004
2020-05-19,0.005,0.004,0.005,0.004,0.005,0.005,0.005,0.005,0.004,0.006,0.002,0.003,0.004,0.006,0.003,0.004,0.005,0.005,0.005,0.003,0.003,0.004,0.006,0.004,0.062,0.076,0.089,0.082,0.095,0.123,0.088,0.099,0.085,0.083,0.075,0.063,0.005,0.005,0.006,0.004,0.005,0.005,0.005,0.004,0.005,0.004,0.004,0.005,0.005,0.004,0.003,0.004,0.003,0.004,0.003,0.004,0.005,0.004,0.004,0.005,0.005,0.004,0.005,0.004,0.003,0.005,0.005,0.005,0.006,0.003,0.004,0.006,0.111,0.138,0.155,0.169,0.177,0.167,0.194,0.18,0.211,0.214,0.239,0.206,0.154,0.157,0.168,0.11,0.004,0.005,0.003,0.004,0.005,0.006,0.004,0.005,KOL-90000004
2020-05-20,0.004,0.005,0.005,0.005,0.006,0.005,0.004,0.005,0.005,0.003,0.005,0.004,0.005,0.004,0.006,0.005,0.004,0.006,0.004,0.004,0.005,0.005,0.005,0.005,0.047,0.058,0.081,0.081,0.072,0.093,0.08,0.091,0.09,0.098,0.076,0.063,0.005,0.006,0.003,0.005,0.005,0.003,0.004,0.004,0.005,0.004,0.005,0.004,0.004,0.005,0.006,0.005,0.005,0.004,0.005,0.004,0.003,0.005,0.004,0.004,0.005,0.005,0.005,0.005,0.004,0.003,0.003,0.003,0.004,0.005,,,,,,,,0.177,0.195,0.213,0.21,0.169,0.192,0.187,0.201,0.161,0.153,0.158,0.004,0.004,0.004,0.005,0.004,0.005,0.003,0.006,KOL-90000004
2020-05-21,0.005,0.005,0.006,0.005,0.003,0.003,0.004,0.005,0.004,0.005,0.004,0.005,0.005,0.004,0.005,0.006,0.005,0.005,0.004,0.005,0.004,0.004,0.005,0.004,0.048,0.063,0.082,0.08,0.072,0.094,0.095,0.081,0.092,0.063,0.077,0.069,0.003,0.004,0.006,0.004,0.003,0.004,0.003,0.006,0.003,0.006,0.004,0.004,0.005,0.005,0.004,0.005,0.005,0.005,0.005,0.004,0.004,0.004,0.003,0.003,0.005,0.006,0.004,0.004,0.005,0.004,0.004,0.004,0.005,0.005,0.004,0.005,0.101,0.144,0.169,0.178,0.183,0.189,0.191,0.211,0.219,0.229,0.192,0.208,0.174,0.166,0.157,0.129,0.005,0.005,0.004,0.005,0.003,0.004,0.004,0.005,KOL-90000004
2020-05-22,0.004,0.006,0.006,0.005,0.004,0.004,0.003,0.004,0.005,0.004,0.004,0.006,0.005,0.004,0.004,0.003,0.004,0.006,0.005,0.005,0.005,0.005,0.004,0.005,0.058,0.067,0.085,0.083,0.087,0.092,0.091,0.098,0.059,0.069,0.097,0.059,0.004,0.003,0.004,0.006,0.004,0.006,0.005,0.003,0.004,0.004,0.004,0.005,0.005,0.004,0.004,0.004,0.004,0.003,0.004,0.004,0.005,0.005,0.004,0.004,0.004,0.003,0.004,0.004,0.003,0.005,0.003,0.004,0.005,0.005,0.004,0.004,0.129,0.144,0.15,0.165,0.183,0.181,0.199,0.197,0.197,0.231,0.179,0.198,0.175,0.178,0.154,0.16,0.006,0.004,0.005,0.004,0.005,0.005,0.004,0.005,KOL-90000004
2020-05-23,0.004,0.004,0.004,0.002,0.005,0.004,0.005,0.005,0.004,0.003,0.006,0.005,0.005,0.005,0.004,0.004,0.004,0.005,0.004,0.004,0.006,0.004,0.004,0.004,0.051,0.063,0.068,0.082,0.089,0.097,0.092,0.1,0.08,0.089,0.073,0.058,0.006,0.004,0.003,0.004,0.005,0.004,0.006,0.004,0.006,0.004,0.004,0.005,0.005,0.006,0.004,0.005,0.004,0.003,0.006,0.004,0.004,0.004,0.004,0.005,0.004,0.005,0.005,0.005,0.005,0.004,0.004,0.005,0.004,0.004,0.004,0.006,0.124,0.14,0.164,0.163,0.208,0.184,0.187,0.192,0.218,0.203,0.209,0.201,0.182,0.156,0.16,0.159,0.004,0.006,0.004,0.005,0.003,0.004,0.005,0.003,KOL-90000004
2020-05-24,0.005,0.003,0.004,0.006,0.004,0.005,0.004,0.005,0.004,0.004,0.003,0.005,0.005,0.004,0.004,0.004,0.003,0.005,0.004,0.004,0.005,0.005,0.005,0.005,0.05,0.07,0.071,0.072,0.09,0.092,0.099,0.115,0.115,0.084,0.072,0.062,0.003,0.005,0.003,0.004,0.005,0.004,0.004,0.004,0.005,0.004,0.004,0.005,0.004,0.006,0.004,0.005,0.003,0.005,0.005,0.005,0.006,0.004,0.004,0.005,0.004,0.006,0.004,0.004,0.006,0.005,0.004,0.003,0.005,0.004,0.005,0.003,0.138,0.137,0.145,0.175,0.18,0.194,0.183,0.197,0.222,0.206,0.223,0.218,0.171,0.173,0.165,0.147,0.005,0.005,0.005,0.004,0.006,0.006,0.005,0.005,KOL-90000004
2020-05-25,0.004,0.004,0.004,0.003,0.006,0.005,0.005,0.003,0.004,0.005,0.005,0.004,0.005,0.004,0.005,0.003,0.005,0.004,0.003,0.005,0.005,0.005,0.006,0.005,0.064,0.058,0.076,0.087,0.096,0.094,0.097,0.084,0.076,0.088,0.077,0.05,0.004,0.005,0.004,0.005,0.005,0.005,0.003,0.005,0.004,0.004,0.005,0.005,0.004,0.005,0.005,0.005,0.004,0.005,0.006,0.005,0.006,0.004,0.004,0.004,0.004,0.005,0.004,0.004,0.005,0.004,0.003,0.005,0.005,0.006,0.006,0.006,0.127,0.135,0.138,0.168,0.196,0.197,0.196,0.197,0.176,0.188,0.188,0.187,0.186,0.174,0.134,0.145,0.004,0.006,0.006,0.004,0.004,0.005,0.004,0.005,KOL-90000004
2020-05-26,0.005,0.003,0.006,0.005,0.006,0.004,0.004,0.003,0.006,0.005,0.004,0.005,0.004,0.005,0.003,0.004,0.005,0.003,0.003,0.004,0.004,0.005,0.005,0.004,0.065,0.066,0.08,0.089,0.08,0.097,0.08,0.094,0.087,0.094,0.083,0.078,0.002,0.004,0.005,0.006,0.004,0.006,0.005,0.005,0.005,0.005,0.004,0.004,0.005,0.005,0.005,0.005,0.005,0.004,0.004,0.004,0.006,0.005,0.004,0.005,0.005,0.004,0.005,0.004,0.004,0.005,0.004,0.005,0.005,0.003,0.005,0.005,0.121,0.155,0.158,0.18,0.2,0.189,0.186,0.187,0.208,0.185,0.212,0.21,0.156,0.16,0.149,0.153,0.005,0.004,0.006,0.004,0.004,0.004,0.006,0.004,KOL-90000004
2020-05-27,0.006,0.004,0.004,0.005,0.004,0.005,0.005,0.004,0.005,0.003,0.004,0.004,0.005,0.005,0.004,0.004,0.005,0.006,0.005,0.004,0.006,0.006,0.005,0.004,0.056,0.07,0.067,0.088,0.089,0.099,0.097,0.076,0.081,0.069,0.088,0.047,0.004,0.005,0.006,0.005,0.006,0.005,0.004,0.005,0.004,0.005,0.004,0.004,0.003,0.004,0.004,0.004,0.004,0.004,0.004,0.004,0.005,0.005,0.005,0.003,0.004,0.004,0.005,0.005,0.005,0.004,0.004,0.004,0.005,0.006,0.005,0.004,0.118,0.132,0.142,0.187,0.199,0.183,0.218,0.2,0.217,0.21,0.183,0.19,0.169,0.168,0.152,0.154,0.005,0.004,0.004,0.005,0.003,0.005,0.003,0.004,KOL-90000004
2020-05-28,0.003,0.006,0.004,0.004,0.006,0.004,0.005,0.006,0.005,0.005,0.005,0.004,0.004,0.004,0.004,0.004,0.005,0.004,0.004,0.003,0.004,0.003,0.004,0.005,0.056,0.082,0.058,0.091,0.098,0.115,0.098,0.099,0.091,0.082,0.068,0.075,0.005,0.006,0.005,0.004,0.005,0.003,0.006,0.005,0.005,0.004,0.004,0.004,0.003,0.005,0.003,0.005,0.003,0.005,0.005,0.005,0.004,0.004,0.004,0.005,0.005,0.003,0.005,0.006,0.005,0.005,0.003,0.005,0.004,0.004,0.006,0.005,0.126,0.133,0.153,0.152,0.179,0.187,0.177,0.213,0.19,0.223,0.186,0.185,0.186,0.17,0.141,0.142,0.004,0.005,0.004,0.003,0.005,0.003,0.004,0.005,KOL-90000004
2020-05-29,0.005,0.006,0.005,0.004,0.004,0.003,0.004,0.005,0.005,0.004,0.005,0.004,0.004,0.004,0.004,0.004,0.004,0.004,0.005,0.004,0.004,0.003,0.005,0.005,0.048,0.056,0.065,0.088,0.092,0.082,0.087,0.096,0.093,0.076,0.088,0.062,0.004,0.004,0.004,0.004,0.004,0.005,0.005,0.004,0.005,0.004,0.004,0.005,0.004,0.005,0.003,0.005,0.005,0.004,0.006,0.003,0.004,0.005,0.004,0.005,0.005,0.005,0.006,0.006,0.004,0.005,0.005,0.004,0.004,0.004,0.005,0.004,0.11,0.156,0.15,0.176,0.173,0.214,0.199,0.209,0.193,0.184,0.191,0.214,0.171,0.171,0.179,0.138,0.004,0.005,0.005,0.004,0.006,0.004,0.005,0.005,KOL-90000004
2020-05-30,0.005,0.005,0.004,0.004,0.004,0.004,0.003,0.003,0.004,0.003,0.005,0.004,0.005,0.005,0.004,0.005,0.005,0.004,0.005,0.004,0.005,0.004,0.004,0.005,0.05,0.072,0.08,0.057,0.105,0.069,0.07,0.089,0.094,0.083,0.065,0.064,0.004,0.005,0.004,0.004,0.004,0.004,0.005,0.005,0.004,0.004,0.005,0.006,0.005,0.004,0.005,0.006,0.005,0.004,0.005,0.006,0.004,0.005,0.005,0.004,0.004,0.005,0.005,0.003,0.006,0.006,0.004,0.004,0.005,0.003,0.003,0.005,0.124,0.145,0.172,0.156,0.179,0.17,0.19,0.198,0.205,0.193,0.218,0.185,0.18,0.164,0.168,0.135,,,,,,,,,KOL-90000004
2020-05-31,0.004,0.004,0.005,0.004,0.003,0.004,0.004,0.004,0.005,0.005,0.005,0.005,0.003,0.003,0.003,0.005,0.004,0.004,0.005,0.003,0.005,0.004,0.005,0.004,0.048,0.062,0.087,0.085,0.086,0.095,0.094,0.085,0.076,0.089,0.057,0.067,0.006,0.004,0.004,0.006,0.003,0.005,0.004,0.005,0.005,0.006,0.006,0.005,0.005,0.004,0.004,0.004,0.004,0.005,0.005,0.003,0.005,0.003,0.005,0.004,0.005,0.004,0.005,0.006,0.004,0.004,0.004,0.004,0.004,0.003,0.005,0.004,0.152,0.111,0.142,0.141,0.197,0.171,0.204,0.209,0.216,0.196,0.228,0.186,0.178,0.168,0.172,0.17,0.004,0.005,0.005,0.004,0.004,0.004,0.006,0.005,KOL-90000004
2020-06-01,0.002,0.004,0.004,0.004,0.005,0.004,0.005,0.004,0.004,0.004,0.004,0.005,0.006,0.004,0.003,0.006,0.003,0.004,0.005,0.004,0.006,0.004,0.004,0.005,0.087,0.061,0.081,0.091,0.082,0.081,0.08,0.093,0.097,0.072,0.075,0.056,0.006,0.005,0.004,0.003,0.005,0.006,0.004,0.004,0.005,0.004,0.006,0.004,0.005,0.006,0.003,0.005,0.005,,,,,,,,,,,,,,0.003,0.005,0.004,0.004,0.005,0.004,0.113,0.109,0.144,0.16,0.174,0.179,0.192,0.204,0.228,0.238,0.168,0.183,0.202,0.188,0.16,0.151,0.005,0.005,0.005,0.004,0.005,0.004,0.005,0.004,KOL-90000004
2020-06-02,0.005,0.004,0.006,0.004,0.004,0.004,0.006,0.005,0.003,0.004,0.006,0.006,0.005,0.004,0.005,0.005,0.005,0.004,0.006,0.005,0.005,0.004,0.003,0.005,0.043,0.051,0.084,0.072,0.088,0.087,0.094,0.089,0.09,0.066,0.054,0.077,0.005,0.004,0.005,0.005,0.006,0.004,0.005,0.004,0.003,0.003,0.004,0.003,0.004,0.004,0.005,0.005,0.005,0.005,0.005,0.005,0.004,0.004,0.004,0.004,0.006,0.005,0.007,0.005,0.004,0.004,0.003,0.003,0.004,0.004,0.003,0.003,0.126,0.163,0.169,0.146,0.195,0.205,0.197,0.224,0.232,0.192,0.206,0.191,0.182,0.17,0.143,0.153,0.005,0.004,0.005,0.005,0.005,0.005,0.004,0.005,KOL-90000004
2020-06-03,0.004,0.004,0.005,0.006,0.004,0.004,0.003,0.005,0.003,0.005,0.005,0.004,0.004,0.005,0.005,0.005,0.005,0.005,0.004,0.004,0.004,0.004,0.003,0.004,0.07,0.052,0.065,0.089,0.104,0.097,0.102,0.109,0.098,0.078,0.079,0.061,0.004,0.006,0.004,0.006,0.005,0.005,0.004,0.004,0.006,0.005,0.006,0.004,0.004,0.004,0.003,0.004,0.004,0.005,0.004,0.005,0.004,0.005,0.006,0.005,0.006,0.005,0.005,0.003,0.004,0.004,0.004,0.005,0.004,0.005,0.004,0.004,0.118,0.15,0.183,0.164,0.155,0.189,0.175,0.201,0.204,0.196,0.164,0.206,0.163,0.19,0.139,0.149,0.004,0.005,0.005,0.004,0.005,0.004,0.004,0.004,KOL-90000004
2020-06-04,0.005,0.004,0.004,0.006,0.005,0.006,0.004,0.005,0.005,0.005,0.004,0.004,0.003,0.004,0.004,0.004,0.004,0.005,0.004,0.004,0.005,0.004,0.006,0.005,0.047,0.067,0.07,0.084,0.104,0.076,0.093,0.109,0.106,0.069,0.074,0.074,0.004,0.004,0.004,0.004,0.004,0.004,0.004,0.004,0.006,0.004,0.005,0.004,0.004,0.004,0.004,0.005,0.004,0.004,0.004,0.004,0.002,0.005,0.003,0.005,0.005,0.003,0.007,0.005,0.004,0.004,0.006,0.005,0.004,0.003,0.005,0.005,0.13,,,,,,,,,,,,0.178,0.211,0.151,0.147,0.005,0.005,0.003,0.004,0.004,0.004,0.005,0.004,KOL-90000004
2020-06-05,0.003,0.004,0.005,0.004,0.004,0.005,0.004,0.005,0.004,0.004,0.004,0.004,0.005,0.005,0.003,0.006,0.006,0.005,0.004,0.005,0.005,0.005,0.005,0.004,0.035,0.071,0.082,0.07,0.1,0.113,0.117,0.092,0.103,0.084,0.076,0.057,0.003,0.004,0.004,0.003,0.005,0.004,0.006,0.003,0.004,0.006,0.005,0.004,0.004,0.005,0.004,0.004,0.005,0.005,0.005,0.005,0.002,0.004,0.004,0.004,0.004,0.004,0.005,0.005,0.004,0.005,0.005,0.005,0.003,0.004,0.004,0.005,0.139,0.155,0.137,0.197,0.174,0.189,0.198,0.222,0.209,0.198,0.186,0.198,0.186,0.161,0.129,0.133,0.004,0.004,0.007,0.005,0.004,0.006,0.005,0.006,KOL-90000004
2020-06-06,0.003,0.005,0.004,0.005,0.005,0.004,0.005,0.005,0.005,0.004,0.004,0.005,0.004,0.005,0.004,0.005,0.005,0.004,0.006,0.004,0.006,0.005,0.003,0.004,0.057,0.042,0.085,0.075,0.108,0.112,0.117,0.101,0.068,0.078,0.071,0.07,0.006,0.006,0.004,0.004,0.005,0.005,0.004,0.005,0.004,0.004,0.005,0.004,0.005,0.005,0.004,0.005,0.004,0.005,0.005,0.005,0.004,0.003,0.004,0.005,0.005,0.004,0.005,0.005,0.005,0.005,0.003,0.004,0.005,0.004,0.005,0.004,0.117,0.143,0.152,0.178,0.186,0.188,0.191,0.218,0.206,0.218,0.188,0.2,0.187,0.174,0.161,0.114,0.004,0.005,0.004,0.005,0.004,0.003,0.004,0.005,KOL-90000004
2020-06-07,0.003,0.005,0.005,0.004,0.005,0.007,0.005,0.004,0.004,0.004,0.004,0.005,0.004,0.006,0.005,0.005,0.006,0.005,0.005,0.005,0.004,0.005,0.006,0.004,0.051,0.065,0.073,0.085,0.093,0.095,0.095,0.096,0.096,0.076,0.067,0.054,0.004,0.003,0.003,0.004,0.004,0.004,0.005,0.005,0.004,0.004,0.005,0.004,0.005,0.005,0.006,0.004,0.005,0.004,0.004,0.004,0.004,0.004,0.006,0.006,0.004,0.005,0.003,0.004,0.006,0.005,0.004,0.006,0.003,0.005,0.006,0.005,0.131,0.151,0.156,0.173,0.204,0.177,0.223,0.204,0.223,0.198,0.208,0.187,0.177,0.166,0.157,0.155,,,,,,,,,KOL-90000004
2020-06-08,0.005,0.004,0.005,0.006,0.004,0.005,0.004,0.006,0.004,0.003,0.004,0.004,0.004,0.004,0.005,0.003,0.005,0.005,0.006,0.004,0.005,0.006,0.005,0.004,0.042,0.072,0.08,0.078,0.08,0.073,0.095,0.111,0.082,0.075,0.084,0.05,0.004,0.003,0.004,0.005,0.004,0.004,0.006,0.004,0.005,0.004,0.004,0.003,0.004,0.006,0.005,0.005,0.003,0.003,0.006,0.004,0.006,0.005,0.004,0.005,0.004,0.005,0.004,0.004,0.004,0.004,0.007,0.004,0.006,0.004,0.005,0.003,0.087,0.142,0.184,0.181,0.164,0.219,0.206,0.193,0.216,0.208,0.224,0.173,0.164,0.16,0.172,0.124,0.004,0.003,0.004,0.003,0.004,0.005,0.003,0.005,KOL-90000004
2020-06-09,0.005,0.004,0.005,0.004,0.003,0.005,0.005,0.004,0.005,0.003,0.004,0.005,0.003,0.004,0.004,0.005,0.005,0.004,0.005,0.005,0.005,0.005,0.005,0.004,0.056,0.064,0.077,0.079,0.099,0.094,0.092,0.093,0.105,0.078,0.09,0.076,0.006,0.004,0.004,0.004,0.005,0.003,0.006,0.004,0.005,0.004,0.004,0.005,0.006,0.004,0.005,0.004,0.005,0.004,0.003,0.005,0.004,0.004,0.005,0.005,0.005,0.005,0.004,0.004,0.006,0.003,0.005,0.003,0.004,0.005,0.005,0.004,0.137,0.129,0.162,0.169,0.194,0.215,0.235,0.162,0.174,0.218,0.195,0.167,0.204,0.161,0.166,0.125,0.004,0.005,0.003,0.005,0.003,0.005,0.004,0.004,KOL-90000004
2020-06-10,0.004,0.006,0.004,0.005,0.004,0.004,0.004,0.004,0.005,0.005,0.006,0.004,0.004,0.004,0.006,0.005,0.005,0.004,0.005,0.004,0.005,0.004,0.004,0.005,0.081,0.074,0.084,0.099,0.097,0.086,0.109,0.089,0.075,0.087,0.072,0.06,0.005,0.005,0.003,0.005,0.006,0.004,0.004,0.005,0.004,0.004,0.004,0.005,0.006,0.004,0.005,0.005,0.005,0.004,0.003,0.004,0.005,0.004,0.004,0.006,0.003,0.005,0.005,0.005,0.005,0.005,0.005,0.004,0.004,0.005,0.005,0.005,0.125,0.155,0.161,0.147,0.177,0.194,0.213,0.168,0.194,0.204,0.221,0.177,0.174,0.171,0.13,0.118,0.005,0.005,0.006,0.006,0.004,0.005,0.005,0.005,KOL-90000004
2020-06-11,0.004,0.004,0.005,0.005,0.005,0.006,0.003,0.005,0.005,0.005,0.004,0.006,0.003,0.004,0.005,0.006,0.005,0.004,0.004,0.005,0.004,0.004,0.005,0.005,0.041,0.071,0.082,0.087,0.087,0.084,0.096,0.084,0.105,0.087,0.071,0.058,0.004,0.004,0.004,0.006,0.007,0.005,0.005,0.004,0.006,0.005,0.004,0.005,0.004,0.004,0.005,0.004,0.005,0.005,0.005,0.005,0.005,0.004,0.006,0.006,0.005,0.004,0.004,0.004,0.004,0.004,0.006,0.004,0.004,0.004,0.005,0.005,0.163,0.134,0.14,0.177,0.192,0.192,0.183,0.241,0.216,0.211,0.189,0.153,0.162,0.187,0.166,0.141,0.004,0.005,0.006,0.004,0.005,0.005,0.005,0.005,KOL-90000004
2020-06-12,0.006,0.005,0.004,0.004,0.004,0.006,0.003,0.005,0.006,0.005,0.005,0.002,0.005,0.005,0.006,0.004,0.006,0.004,0.005,0.004,0.006,0.006,0.004,0.006,0.056,0.055,0.083,0.08,0.074,0.085,0.099,0.08,0.099,0.08,0.059,0.064,0.004,0.006,0.004,0.005,0.005,0.005,0.005,0.004,0.004,0.005,0.004,0.005,0.005,0.005,0.003,0.005,0.004,0.004,0.006,0.005,0.005,0.004,0.004,0.005,0.004,0.005,0.003,0.005,0.004,0.005,0.004,0.004,0.005,0.004,0.005,0.004,,,,0.174,0.195,0.213,0.173,0.211,0.192,0.197,0.183,0.189,0.17,0.187,0.14,0.141,0.005,0.004,0.004,0.003,0.005,0.004,0.004,0.004,KOL-90000004
2020-06-13,0.005,0.004,0.005,0.005,0.005,0.005,0.005,0.004,0.003,0.004,0.005,0.002,0.005,0.006,0.005,0.004,0.006,0.006,0.004,0.005,0.004,0.004,0.005,0.005,0.05,0.053,0.089,0.096,0.085,0.107,0.093,0.096,0.095,0.072,0.069,0.064,0.005,0.005,0.004,0.004,0.005,0.006,0.004,0.004,0.004,0.005,0.004,0.006,0.004,0.006,0.005,0.004,0.005,0.003,0.006,0.005,0.004,0.004,0.005,0.005,0.003,0.006,0.005,0.005,0.005,0.003,0.006,0.005,0.004,0.005,0.004,0.005,0.122,0.143,0.154,0.17,0.171,0.213,0.224,0.215,0.186,0.176,0.205,0.219,0.178,0.178,0.166,0.15,0.006,0.004,0.003,0.005,0.005,0.004,0.003,0.006,KOL-90000004
2020-06-14,0.006,0.003,0.004,0.005,0.005,0.006,0.005,0.004,0.004,0.006,0.005,0.005,0.003,0.004,0.004,0.005,0.004,0.004,0.004,0.004,0.005,0.005,0.003,0.006,0.05,0.071,0.064,0.101,0.087,0.084,0.089,0.076,0.07,0.101,0.086,0.065,0.002,0.005,0.005,0.004,0.004,0.005,0.005,0.005,0.004,0.006,0.004,0.004,0.006,0.004,0.005,0.005,0.004,0.003,0.005,0.004,0.005,0.004,0.005,0.003,0.005,0.006,0.006,0.004,0.005,0.006,0.005,0.005,0.004,0.006,0.004,0.006,0.13,0.163,0.158,0.15,0.199,0.195,0.19,0.184,0.219,0.208,0.193,0.187,0.169,0.157,0.164,0.142,0.005,0.004,0.004,0.005,0.006,0.004,0.004,0.004,KOL-90000004
2020-06-15,0.004,0.005,0.005,0.005,0.006,0.004,0.004,0.005,0.005,0.005,0.004,0.005,0.005,0.005,0.005,0.004,0.004,0.005,0.004,0.004,0.004,0.003,0.006,0.005,0.052,0.058,0.075,0.09,0.081,0.082,0.102,0.083,0.077,0.073,0.044,0.076,0.005,0.005,0.005,0.004,0.004,0.005,0.005,0.005,0.004,0.004,0.004,0.006,0.004,0.005,0.004,0.005,0.006,0.005,0.005,0.004,0.005,0.004,0.005,0.003,0.005,0.005,0.004,0.005,0.004,0.005,0.004,0.004,0.004,0.004,0.004,0.003,0.129,0.135,0.159,0.149,0.182,0.19,0.205,0.201,0.195,0.239,0.178,0.197,,,,,,,,,,,,,KOL-90000004
2020-06-16,0.003,0.005,0.006,0.004,0.004,0.005,0.006,0.004,0.004,0.005,0.006,0.005,0.003,0.005,0.004,0.005,0.005,0.004,0.005,0.005,0.006,0.005,0.005,0.005,0.046,0.072,0.075,0.084,0.105,0.09,0.099,0.081,0.081,0.089,0.062,0.071,0.004,0.005,0.004,0.005,0.006,0.005,0.004,0.005,0.003,0.005,0.005,0.005,0.005,0.005,0.005,0.005,0.003,0.005,0.006,0.004,0.005,0.004,0.005,0.005,0.005,0.005,0.004,0.004,0.004,0.004,0.006,0.005,0.004,0.005,0.004,0.003,0.127,0.136,0.152,0.17,0.174,0.188,0.191,0.207,0.189,0.199,0.183,0.196,0.165,0.145,0.16,0.149,0.004,0.005,0.003,0.004,0.004,0.003,0.003,0.005,KOL-90000004
2020-06-17,0.005,0.004,0.005,0.005,0.005,0.004,0.006,0.004,0.005,0.004,0.004,0.004,0.006,0.003,0.005,0.004,0.006,0.004,0.006,0.005,0.005,0.005,0.006,0.005,0.055,0.067,0.083,0.079,0.093,0.088,0.107,0.112,0.092,0.095,0.077,0.067,0.005,0.005,0.004,0.004,0.005,0.005,0.006,0.005,0.005,0.005,0.004,0.004,0.005,0.006,0.006,0.005,0.005,0.005,0.003,0.004,0.005,0.006,0.003,0.004,0.006,0.004,0.004,0.005,0.004,0.005,0.003,0.005,0.005,0.004,0.007,0.004,0.124,0.141,0.162,0.155,0.165,0.202,0.181,0.198,0.222,0.181,0.205,0.189,0.203,0.164,0.163,0.136,0.006,0.004,0.006,0.005,0.005,0.004,0.004,0.005,KOL-90000004
2020-06-18,0.004,0.006,0.004,0.005,0.004,0.004,0.005,0.005,0.005,0.005,0.005,0.004,0.005,0.004,0.003,0.004,0.004,0.005,0.004,0.005,0.005,0.004,0.005,0.003,0.051,0.063,0.072,0.07,0.101,0.1,0.102,0.078,0.083,0.078,0.087,0.046,0.004,0.005,0.004,0.005,0.004,0.005,0.004,0.005,0.005,0.006,0.004,0.005,0.003,0.003,0.005,0.005,0.004,0.004,0.004,0.004,0.005,0.006,0.003,0.004,0.004,0.004,0.004,0.003,0.003,0.006,0.004,0.005,0.005,0.006,0.005,0.004,0.109,0.142,0.13,0.166,0.194,0.183,0.194,0.203,0.204,0.21,0.195,0.197,0.194,0.169,0.136,0.161,0.004,0.005,0.004,0.004,0.004,0.004,0.003,0.004,KOL-90000004
2020-06-19,0.006,0.003,0.005,0.005,0.004,0.004,0.004,0.006,0.006,0.007,0.004,0.004,0.005,0.005,0.003,0.003,0.005,0.005,0.003,0.005,0.005,0.005,0.004,0.003,0.053,0.046,0.048,0.076,0.095,0.078,0.112,0.098,0.086,0.094,0.077,0.069,0.004,0.004,0.005,0.004,0.005,0.005,0.003,0.005,0.003,0.003,0.006,0.004,0.005,0.005,0.004,0.004,0.004,0.003,0.004,0.004,0.006,0.006,0.005,0.004,0.005,0.003,0.004,0.005,0.004,0.004,0.004,0.005,0.003,0.004,0.006,0.004,0.13,0.157,0.137,0.192,0.184,0.203,0.202,0.19,0.211,0.196,0.193,0.188,0.161,0.167,0.121,0.142,0.004,0.004,0.005,0.004,0.005,0.004,0.006,0.004,KOL-90000004
2020-06-20,0.005,0.003,0.004,0.005,0.005,0.005,0.005,0.004,0.006,0.005,0.006,0.003,0.004,0.004,0.004,0.004,0.005,0.005,0.006,0.004,0.004,0.004,0.004,0.005,0.039,0.066,0.087,0.077,0.088,0.081,0.118,0.082,0.091,0.073,0.081,0.06,0.005,0.005,0.005,0.004,0.004,0.004,0.004,0.004,0.004,0.004,0.006,0.005,0.004,0.005,0.007,0.004,0.005,0.004,0.006,0.003,0.005,0.004,0.004,0.003,0.004,0.004,0.004,0.005,0.004,0.006,0.006,0.005,0.005,0.005,0.004,0.004,0.142,0.143,0.178,0.179,0.147,0.195,0.199,0.194,0.166,0.201,0.185,0.207,0.188,0.166,0.166,0.197,0.004,0.004,0.003,0.006,0.004,0.005,0.005,0.003,KOL-90000004
2020-06-21,0.005,0.004,0.004,0.005,0.005,0.006,0.005,0.004,0.005,0.005,0.004,0.003,0.004,0.004,0.005,0.004,0.005,0.005,0.005,0.005,0.004,0.006,0.005,0.003,0.07,0.058,0.076,0.078,0.092,0.109,0.085,0.116,0.092,0.095,0.094,0.07,0.005,0.005,0.005,0.004,0.005,0.004,0.004,0.004,0.005,0.005,0.005,0.004,0.004,0.006,0.004,0.005,0.005,0.004,0.005,0.004,0.006,0.005,0.003,0.004,0.004,0.005,0.005,0.007,0.004,0.005,0.004,0.004,0.004,0.004,0.005,0.004,0.118,0.133,0.169,0.176,0.166,0.181,0.203,0.192,0.192,0.195,0.171,0.216,0.176,0.157,0.131,0.117,0.004,0.004,0.004,0.005,0.004,0.005,0.005,0.005,KOL-90000004
2020-06-22,0.005,0.005,0.004,0.005,0.006,0.004,0.005,0.005,0.004,0.004,0.005,0.005,0.004,0.004,0.005,0.006,0.005,0.003,0.005,0.005,0.005,0.005,0.005,0.004,0.057,0.078,0.088,0.08,0.08,0.083,0.087,0.1,0.095,0.092,0.09,0.068,0.005,0.004,0.003,0.006,0.005,0.004,0.005,0.004,0.003,0.004,0.005,0.004,0.005,0.005,0.005,0.004,0.005,0.003,0.005,0.005,0.005,0.004,0.005,0.005,0.005,0.005,0.002,0.004,0.004,0.004,0.005,0.003,0.003,0.005,0.004,0.003,0.155,0.141,0.135,0.165,0.167,0.201,0.192,0.181,0.216,0.196,0.207,0.198,0.169,0.189,0.157,0.136,0.004,0.002,0.004,0.004,0.004,0.006,0.005,0.005,KOL-90000004
2020-06-23,0.005,0.004,0.005,0.005,0.005,0.005,0.005,0.006,0.003,0.004,0.004,0.004,0.004,0.004,0.003,0.005,0.006,0.004,0.004,0.004,0.005,0.006,0.004,0.004,0.07,0.034,0.071,0.078,0.079,0.105,0.085,0.097,0.114,0.087,0.052,0.076,0.004,0.005,0.005,0.006,0.005,0.005,0.006,0.005,0.005,0.005,0.004,0.005,0.005,0.004,0.004,0.006,0.003,0.005,0.006,0.004,0.003,0.004,0.006,0.004,0.004,0.004,0.004,0.004,0.005,0.004,0.004,0.005,0.004,0.003,0.005,0.005,0.115,0.126,0.162,0.154,0.166,0.187,0.199,0.23,0.199,,,,,0.167,0.181,0.139,0.004,0.006,0.004,0.006,0.005,0.005,0.003,0.004,KOL-90000004
2020-06-24,0.004,0.005,0.006,0.005,0.003,0.004,0.004,0.005,0.004,0.005,0.005,0.006,0.004,0.004,0.004,0.005,0.005,0.006,0.004,0.004,0.005,0.003,0.006,0.005,0.071,0.046,0.07,0.108,0.077,0.114,0.099,0.092,0.089,0.087,0.077,0.078,0.005,0.005,0.005,0.004,0.004,0.004,0.004,0.005,0.003,0.004,0.004,0.006,0.006,0.006,0.004,0.005,0.004,0.005,0.004,0.004,0.004,0.003,0.004,0.005,0.005,0.005,0.004,0.003,0.005,0.004,0.004,0.005,0.003,0.004,0.004,0.005,0.128,0.129,0.142,0.179,0.168,0.204,0.187,0.191,0.221,0.206,0.231,0.203,0.189,0.152,0.151,0.135,0.004,0.005,0.003,0.005,0.005,0.004,0.004,0.006,KOL-90000004
2020-06-25,0.004,0.005,0.003,0.004,0.004,0.005,0.006,0.004,0.004,0.004,0.004,0.004,0.005,0.003,0.005,0.004,0.006,0.006,0.005,0.003,0.006,0.005,0.005,0.005,0.058,0.058,0.08,0.084,0.096,0.084,0.112,0.089,0.088,0.091,0.069,0.052,0.006,0.005,0.005,0.005,0.004,0.005,0.005,0.004,0.005,0.004,0.005,0.004,0.004,0.004,0.005,0.005,0.006,0.004,0.004,0.004,0.004,0.004,0.004,0.004,0.004,0.004,0.005,0.005,0.004,0.005,0.005,0.005,0.004,0.004,0.004,0.006,0.113,0.125,0.176,0.183,0.174,0.186,0.179,0.205,0.178,0.208,0.202,0.184,0.18,0.164,0.146,0.165,0.005,0.004,0.006,0.004,0.005,0.003,0.004,0.004,KOL-90000004
2020-06-26,0.005,0.004,0.004,0.004,0.004,0.004,0.005,0.005,0.003,0.005,0.005,0.004,0.005,0.005,0.005,0.005,0.005,0.005,0.005,0.004,0.003,0.005,0.004,0.005,0.046,0.071,0.077,0.089,0.093,0.102,0.083,0.086,0.077,0.084,0.084,0.061,0.004,0.005,0.005,0.005,0.004,0.005,0.006,0.005,0.004,0.004,0.004,0.004,0.004,0.006,0.006,0.004,0.006,0.005,0.003,0.004,0.004,0.004,0.005,0.005,0.004,0.004,0.005,0.005,0.004,0.004,0.005,0.006,0.004,0.005,0.004,0.005,0.139,0.147,0.129,0.192,0.152,0.208,0.193,0.179,0.222,0.182,0.185,0.205,0.181,0.18,0.168,0.132,0.004,0.004,0.005,0.006,0.004,0.005,0.004,0.004,KOL-90000004
2020-06-27,0.005,0.004,0.004,0.005,0.007,0.006,0.004,0.005,0.004,0.005,0.005,0.003,0.005,0.004,0.007,0.004,0.005,0.005,0.005,0.005,0.005,0.004,0.005,0.004,0.064,0.072,0.093,0.079,0.072,0.102,0.108,0.101,0.102,0.082,0.072,0.072,0.004,0.004,0.004,0.004,0.005,0.005,0.005,0.006,0.005,0.004,0.004,0.005,0.005,0.005,0.003,0.002,0.004,0.004,0.005,0.005,0.003,0.003,0.005,0.005,0.005,0.004,0.005,0.003,0.007,0.005,0.005,0.003,0.004,0.004,0.003,0.004,0.11,0.129,0.133,0.162,0.189,0.195,0.218,0.194,0.203,0.219,0.193,0.201,0.2,0.158,0.166,0.123,0.003,0.003,0.003,0.005,0.005,0.006,0.004,0.005,KOL-90000004
